user_id,hour,day_of_week,ip_reputation,device_trust,login_success,session_duration,data_transfer_mb,geo_distance_km,is_anomaly,hour_risk,geo_risk,device_risk,ip_risk,session_risk,transfer_risk,behavior_score,failure_streak,iso_prediction,iso_score,iso_anomaly,rf_proba,iso_norm,risk_score,risk_level
user_0000,15,0,0,0,1,214.1561721020389,0.5647729609535296,1.7516040114752007,0,1,1,0,0,1,1,0.65,0,1,0.2776734227293848,0,0.2018966446523599,0.0,12,LOW
user_0001,13,1,0,0,0,14.60745032764475,1277.9666284519262,20.823031179143364,1,1,1,0,0,3,4,1.15,1,-1,-0.0665595353490385,1,1.0,0.8297168916429857,93,HIGH
user_0002,15,2,1,0,1,303.5323107945337,18.214968665065385,4.482764473890139,0,1,1,0,1,1,1,0.7999999999999999,0,1,0.2129135634933541,0,0.13356667006213288,0.15609298252120107,14,LOW
user_0003,18,1,0,0,1,13.202077265463622,1693.9069511840114,5.701928899586955,1,1,1,0,0,3,4,1.15,0,-1,-0.0665595353490385,1,1.0,0.8297168916429857,93,HIGH
user_0004,13,1,0,0,1,281.3513759218889,26.232846482741778,2.4970508425452613,0,1,1,0,0,1,1,0.65,0,1,0.2776734227293848,0,0.2018966446523599,0.0,12,LOW
user_0005,13,3,0,0,1,231.26594101542693,56.94399033661471,5.539329847812583,0,1,1,0,0,1,2,0.75,0,1,0.2193048404666994,0,0.33007420523328185,0.14068786125229182,25,LOW
user_0006,18,3,0,0,1,235.08853521842025,15.38006466331751,2.630545976940475,0,1,1,0,0,1,1,0.65,0,1,0.2776734227293848,0,0.2018966446523599,0.0,12,LOW
user_0007,16,4,1,0,1,246.7812426179297,0.2101173850791805,10.96397065989176,0,1,1,0,1,1,1,0.7999999999999999,0,1,0.2129135634933541,0,0.13356667006213288,0.15609298252120107,14,LOW
user_0008,12,2,0,0,1,194.8127429740403,24.90044588368541,6.909025266417216,0,1,1,0,0,1,1,0.65,0,1,0.2776734227293848,0,0.2018966446523599,0.0,12,LOW
user_0009,15,0,2,0,1,205.916303137824,28.10844138488482,15.514541674318146,0,1,1,0,2,1,1,0.95,0,1,0.1483955927109178,0,0.007188301157192252,0.31160293273497597,13,LOW
user_0010,12,1,1,0,1,322.6727785091084,18.42721491655442,3.75025309689724,0,1,1,0,1,1,1,0.7999999999999999,0,1,0.2129135634933541,0,0.13356667006213288,0.15609298252120107,14,LOW
user_0011,12,6,0,0,1,360.4773657517393,29.22357844415569,7.044002908891509,0,1,1,0,0,1,1,0.65,0,1,0.2776734227293848,0,0.2018966446523599,0.0,12,LOW
user_0012,14,3,0,0,1,335.5318748422908,9.773668287183126,3.0046114202571554,0,1,1,0,0,1,1,0.65,0,1,0.2776734227293848,0,0.2018966446523599,0.0,12,LOW
user_0013,8,3,1,0,1,160.60455859388713,4.027947878277556,27.25307204024689,0,2,1,0,1,1,1,1.05,0,1,0.1004614283124124,0,0.02209191694512681,0.4271403470204811,18,LOW
user_0014,8,0,0,0,1,154.80854792490163,27.307332188604107,7.380099693355113,0,2,1,0,0,1,1,0.8999999999999999,0,1,0.190136950224284,0,0.20789731048021395,0.21099226023493423,21,LOW
user_0015,12,2,0,0,1,168.55743408329033,7.032112158441691,1.9050998624472468,0,1,1,0,0,1,1,0.65,0,1,0.2776734227293848,0,0.2018966446523599,0.0,12,LOW
user_0016,10,0,0,0,1,248.06324651276884,15.234672910069197,3.1850651392531235,0,1,1,0,0,1,1,0.65,0,1,0.2776734227293848,0,0.2018966446523599,0.0,12,LOW
user_0017,14,3,0,2,1,71.47652445854018,16.91328626900217,0.8654090308789976,0,1,1,2,0,2,1,1.15,0,1,0.0302179651861094,0,0.23949512933089107,0.5964506542285346,38,MEDIUM
user_0018,11,5,0,0,1,204.67190600283,16.21388593446385,0.2821018749701373,0,1,1,0,0,1,1,0.65,0,1,0.2776734227293848,0,0.2018966446523599,0.0,12,LOW
user_0019,22,6,0,2,1,324.4259573496668,61.036488850166975,7.463830469839739,0,2,1,2,0,1,2,1.4,0,-1,-0.0018313935794551,1,0.03428437565230018,0.6737003588546002,29,LOW
user_0020,18,3,0,0,1,298.9463298437345,0.7474044835108191,4.111657094933298,0,1,1,0,0,1,1,0.65,0,1,0.2776734227293848,0,0.2018966446523599,0.0,12,LOW
user_0021,18,2,1,0,1,209.4543209655896,460.52489740324177,33.17963148766878,0,1,1,0,1,1,3,1.0,0,1,0.0520534259176199,0,0.4862092838962424,0.543819869811855,51,MEDIUM
user_0022,14,5,0,0,1,213.99867352976173,31.496871422831507,1.8793495812634973,0,1,1,0,0,1,1,0.65,0,1,0.2776734227293848,0,0.2018966446523599,0.0,12,LOW
user_0023,9,3,0,1,1,274.03450240841426,13.851496720628871,15.79455184221798,0,1,1,1,0,1,1,0.85,0,1,0.2332993702223167,0,0.24213381063915532,0.10695635049384,19,LOW
user_0024,12,0,0,0,1,296.1161253146519,5.309109840001812,3.797556110511761,0,1,1,0,0,1,1,0.65,0,1,0.2776734227293848,0,0.2018966446523599,0.0,12,LOW
user_0025,14,2,0,0,1,208.0117639356144,2.089359232559827,2.53006784440717,0,1,1,0,0,1,1,0.65,0,1,0.2776734227293848,0,0.2018966446523599,0.0,12,LOW
user_0026,10,1,0,1,1,225.93803869683373,27.8830597468048,34.945245559653095,0,1,1,1,0,1,1,0.85,0,1,0.2332993702223167,0,0.24213381063915532,0.10695635049384,19,LOW
user_0027,15,2,0,0,1,206.0394162887986,9.529885902585509,16.22404611621737,0,1,1,0,0,1,1,0.65,0,1,0.2776734227293848,0,0.2018966446523599,0.0,12,LOW
user_0028,12,2,0,0,1,160.11903351748717,6.517191661713865,9.959317678929924,0,1,1,0,0,1,1,0.65,0,1,0.2776734227293848,0,0.2018966446523599,0.0,12,LOW
user_0029,13,3,0,0,1,226.81537511869115,11.949055861885574,11.944220160639404,0,1,1,0,0,1,1,0.65,0,1,0.2776734227293848,0,0.2018966446523599,0.0,12,LOW
user_0030,0,1,0,0,1,222.24434758747407,0.01,47.53841305301313,0,3,1,0,0,1,1,1.15,0,1,0.0815285198183811,0,0.0013513513513513514,0.47277500697029895,19,LOW
user_0031,19,0,2,0,1,164.36135304068063,27.846083614792573,8.994518274241383,0,2,1,0,2,1,1,1.2000000000000002,0,1,0.0458866002061858,0,0.0031251686909581646,0.5586839882540799,23,LOW
user_0032,13,2,0,0,1,278.76485625826376,25.902916822526457,1.0747436026166683,0,1,1,0,0,1,1,0.65,0,1,0.2776734227293848,0,0.2018966446523599,0.0,12,LOW
user_0033,10,4,1,0,1,268.99924071755333,49.742870005978816,0.6706557994420512,1,1,1,0,1,1,1,0.7999999999999999,0,1,0.2129135634933541,0,0.13356667006213288,0.15609298252120107,14,LOW
user_0034,16,3,1,0,1,281.7431820507046,485.3375704906691,10.984326372280163,0,1,1,0,1,1,3,1.0,0,1,0.0520534259176199,0,0.4862092838962424,0.543819869811855,51,MEDIUM
user_0035,10,1,0,0,1,193.91577867213792,25.31633535392668,10.71778975623017,0,1,1,0,0,1,1,0.65,0,1,0.2776734227293848,0,0.2018966446523599,0.0,12,LOW
user_0036,14,5,0,0,1,120.98545931312115,2.664986965447134,13.790160840668491,0,1,1,0,0,1,1,0.65,0,1,0.2776734227293848,0,0.2018966446523599,0.0,12,LOW
user_0037,8,5,0,0,1,268.03986777873894,19.848215455356964,1.151625436583393,0,2,1,0,0,1,1,0.8999999999999999,0,1,0.190136950224284,0,0.20789731048021395,0.21099226023493423,21,LOW
user_0038,10,1,1,0,1,200.1532371222172,21.924250742618216,28.9864684779838,0,1,1,0,1,1,1,0.7999999999999999,0,1,0.2129135634933541,0,0.13356667006213288,0.15609298252120107,14,LOW
user_0039,16,0,0,0,1,186.559912005258,0.01,8.010852684394758,0,1,1,0,0,1,1,0.65,0,1,0.2776734227293848,0,0.2018966446523599,0.0,12,LOW
user_0040,16,4,0,0,1,164.57681552139346,12.426895098383104,10.4855299025097,0,1,1,0,0,1,1,0.65,0,1,0.2776734227293848,0,0.2018966446523599,0.0,12,LOW
user_0041,14,4,0,0,1,223.4806483147708,43.889481880421584,0.3547421874934803,0,1,1,0,0,1,1,0.65,0,1,0.2776734227293848,0,0.2018966446523599,0.0,12,LOW
user_0042,13,6,0,0,1,334.63963782302835,4.016224437030951,32.43532685059277,0,1,1,0,0,1,1,0.65,0,1,0.2776734227293848,0,0.2018966446523599,0.0,12,LOW
user_0043,13,4,0,1,1,209.67302871866912,14.2513985754723,8.2688853521112,0,1,1,1,0,1,1,0.85,0,1,0.2332993702223167,0,0.24213381063915532,0.10695635049384,19,LOW
user_0044,9,3,0,0,1,174.611817349984,67.47716407452313,8.286533514782409,0,1,1,0,0,1,2,0.75,0,1,0.2193048404666994,0,0.33007420523328185,0.14068786125229182,25,LOW
user_0045,11,2,0,0,1,279.1160040618017,17.5349747168276,28.74494168735908,0,1,1,0,0,1,1,0.65,0,1,0.2776734227293848,0,0.2018966446523599,0.0,12,LOW
user_0046,12,0,0,0,1,250.36873678627703,32.286763110237864,26.50019691916598,0,1,1,0,0,1,1,0.65,0,1,0.2776734227293848,0,0.2018966446523599,0.0,12,LOW
user_0047,17,1,0,0,1,112.84191793870755,43.84224115750088,2.488442426110656,0,1,1,0,0,2,1,0.75,0,1,0.0934671910539906,0,0.40261253039389167,0.44399880482146026,42,MEDIUM
user_0048,15,2,0,1,1,279.7407791851972,5.696817115379407,26.75082002501001,0,1,1,1,0,1,1,0.85,0,1,0.2332993702223167,0,0.24213381063915532,0.10695635049384,19,LOW
user_0049,8,3,0,0,1,367.708066110096,6.1544592957023685,13.341623182244671,0,2,1,0,0,1,1,0.8999999999999999,0,1,0.190136950224284,0,0.20789731048021395,0.21099226023493423,21,LOW
user_0050,14,3,0,0,1,83.96784435425857,35.53161444537213,0.1908162915586302,0,1,1,0,0,2,1,0.75,0,1,0.0934671910539906,0,0.40261253039389167,0.44399880482146026,42,MEDIUM
user_0051,12,4,0,0,0,165.8576385586726,34.9902392265054,2.742304837568227,0,1,1,0,0,1,1,0.65,1,1,0.2776734227293848,0,0.15500519134380158,0.0,9,LOW
user_0052,11,1,2,0,1,69.08837468090363,1.5517611173595929,5.326966359976792,0,1,1,0,2,2,1,1.05,0,1,0.0312330919309149,0,0.030939393939393937,0.5940038582795778,26,LOW
user_0053,15,3,0,0,1,235.48173475554992,9.733578236786313,8.742433816227837,1,1,1,0,0,1,1,0.65,0,1,0.2776734227293848,0,0.2018966446523599,0.0,12,LOW
user_0054,17,0,0,0,1,299.42317419668115,12.709569079045671,12.084150916521674,0,1,1,0,0,1,1,0.65,0,1,0.2776734227293848,0,0.2018966446523599,0.0,12,LOW
user_0055,2,2,0,0,0,246.3300449877768,177.45638171791745,2.3598869045535835,0,3,1,0,0,1,2,1.25,1,1,0.0406781887288436,0,0.04705808080808081,0.5712380069206875,26,LOW
user_0056,11,4,0,0,1,323.5197418867602,13.69857815740879,18.12169428267804,0,1,1,0,0,1,1,0.65,0,1,0.2776734227293848,0,0.2018966446523599,0.0,12,LOW
user_0057,8,3,0,0,1,289.833017419808,175.77618873952974,18.68955836853012,0,2,1,0,0,1,2,1.0,0,1,0.1157188029811144,0,0.21090605726134576,0.39036495643785196,28,LOW
user_0058,14,6,0,0,1,342.1288394101306,142.1567465437122,10.0785469050235,0,1,1,0,0,1,2,0.75,0,1,0.2193048404666994,0,0.33007420523328185,0.14068786125229182,25,LOW
user_0059,16,1,0,0,1,309.6126460864257,37.93584863221416,25.39496874332828,0,1,1,0,0,1,1,0.65,0,1,0.2776734227293848,0,0.2018966446523599,0.0,12,LOW
user_0060,12,2,0,0,1,215.82341588342973,27.44431774786949,16.765526927309832,0,1,1,0,0,1,1,0.65,0,1,0.2776734227293848,0,0.2018966446523599,0.0,12,LOW
user_0061,13,1,0,2,0,244.0035873740904,12.435281910701551,2.50545143348147,0,1,1,2,0,1,1,1.05,1,1,0.1541262400811022,0,0.09794779748495573,0.2977901503981718,18,LOW
user_0062,10,2,0,0,1,187.87938507114163,1.7348089438821916,16.028440314806403,0,1,1,0,0,1,1,0.65,0,1,0.2776734227293848,0,0.2018966446523599,0.0,12,LOW
user_0063,10,4,0,2,1,226.16062986791707,21.28240687486284,30.619164948464253,0,1,1,2,0,1,1,1.05,0,1,0.1541262400811022,0,0.4301355521591885,0.2977901503981718,38,MEDIUM
user_0064,16,3,0,0,1,243.7099003210872,11.22386430190731,1.4804355452606963,0,1,1,0,0,1,1,0.65,0,1,0.2776734227293848,0,0.2018966446523599,0.0,12,LOW
user_0065,18,4,0,0,1,234.9055605878788,10.804138164616829,38.4894890561174,0,1,1,0,0,1,1,0.65,0,1,0.2776734227293848,0,0.2018966446523599,0.0,12,LOW
user_0066,13,1,1,0,1,320.5352115782166,29.09551606909724,0.2531042008346792,0,1,1,0,1,1,1,0.7999999999999999,0,1,0.2129135634933541,0,0.13356667006213288,0.15609298252120107,14,LOW
user_0067,17,4,0,0,1,220.1899162495901,15.573712643163065,7.384944921784902,0,1,1,0,0,1,1,0.65,0,1,0.2776734227293848,0,0.2018966446523599,0.0,12,LOW
user_0068,15,0,0,1,1,184.07481518655857,34.867625269184785,14.867475550833577,0,1,1,1,0,1,1,0.85,0,1,0.2332993702223167,0,0.24213381063915532,0.10695635049384,19,LOW
user_0069,12,4,0,1,1,187.8233379058088,12.69464051011238,15.62736130017822,0,1,1,1,0,1,1,0.85,0,1,0.2332993702223167,0,0.24213381063915532,0.10695635049384,19,LOW
user_0070,15,1,0,0,1,279.30601629735185,4.088379833756171,13.267906275794344,0,1,1,0,0,1,1,0.65,0,1,0.2776734227293848,0,0.2018966446523599,0.0,12,LOW
user_0071,18,1,0,0,1,155.81169551466002,15.467116926044543,7.536434777108113,0,1,1,0,0,1,1,0.65,0,1,0.2776734227293848,0,0.2018966446523599,0.0,12,LOW
user_0072,13,2,0,0,1,227.92882979094497,75.40476019713454,10.525811329800856,0,1,1,0,0,1,2,0.75,0,1,0.2193048404666994,0,0.33007420523328185,0.14068786125229182,25,LOW
user_0073,18,5,0,1,1,319.65001472732524,40.42725656767302,12.037467820479415,0,1,1,1,0,1,1,0.85,0,1,0.2332993702223167,0,0.24213381063915532,0.10695635049384,19,LOW
user_0074,6,0,0,0,1,257.5559067444498,5.758901698337687,6.822848384163162,0,2,1,0,0,1,1,0.8999999999999999,0,1,0.190136950224284,0,0.20789731048021395,0.21099226023493423,21,LOW
user_0075,11,1,0,0,1,235.5236766528748,0.01,9.055609403611667,0,1,1,0,0,1,1,0.65,0,1,0.2776734227293848,0,0.2018966446523599,0.0,12,LOW
user_0076,14,4,0,0,1,237.8453757816942,65.70514386490645,18.73195494592252,0,1,1,0,0,1,2,0.75,0,1,0.2193048404666994,0,0.33007420523328185,0.14068786125229182,25,LOW
user_0077,13,2,0,0,1,178.22612446636964,3.3011426693928745,3.752449049498932,0,1,1,0,0,1,1,0.65,0,1,0.2776734227293848,0,0.2018966446523599,0.0,12,LOW
user_0078,14,1,0,0,0,188.5719173739276,7.324074527244051,7.406714329680168,0,1,1,0,0,1,1,0.65,1,1,0.2776734227293848,0,0.15500519134380158,0.0,9,LOW
user_0079,8,2,0,0,1,228.28909962512537,7.602829701799941,0.0851587840795071,0,2,1,0,0,1,1,0.8999999999999999,0,1,0.190136950224284,0,0.20789731048021395,0.21099226023493423,21,LOW
user_0080,13,2,1,2,0,256.2763818065576,21.15354763263548,11.6294730979895,0,1,1,2,1,1,1,1.2000000000000002,1,1,0.0547880072036045,0,0.15916313994271428,0.5372286116789389,31,MEDIUM
user_0081,15,5,0,0,1,296.8890007081266,13.221910747662829,2.1739195427397293,0,1,1,0,0,1,1,0.65,0,1,0.2776734227293848,0,0.2018966446523599,0.0,12,LOW
user_0082,18,4,0,0,1,245.5536370302861,2.08102617687951,6.558538114526321,0,1,1,0,0,1,1,0.65,0,1,0.2776734227293848,0,0.2018966446523599,0.0,12,LOW
user_0083,12,2,0,0,1,321.16645054525486,24.801060797905567,2.359821347100957,0,1,1,0,0,1,1,0.65,0,1,0.2776734227293848,0,0.2018966446523599,0.0,12,LOW
user_0084,11,6,0,0,1,336.3118809125715,2.608411130484665,0.2381505519947349,0,1,1,0,0,1,1,0.65,0,1,0.2776734227293848,0,0.2018966446523599,0.0,12,LOW
user_0085,9,2,0,0,1,287.7160327489322,134.10035744208952,6.601390945220061,0,1,1,0,0,1,2,0.75,0,1,0.2193048404666994,0,0.33007420523328185,0.14068786125229182,25,LOW
user_0086,16,0,1,0,1,313.4988844833531,17.681577587849862,5.530959002395813,0,1,1,0,1,1,1,0.7999999999999999,0,1,0.2129135634933541,0,0.13356667006213288,0.15609298252120107,14,LOW
user_0087,14,1,0,0,1,180.5571887167144,17.014100082380896,5.536452955174257,0,1,1,0,0,1,1,0.65,0,1,0.2776734227293848,0,0.2018966446523599,0.0,12,LOW
user_0088,14,2,0,2,1,171.04806391871625,0.01,2.342122842561039,1,1,1,2,0,1,1,1.05,0,1,0.1541262400811022,0,0.4301355521591885,0.2977901503981718,38,MEDIUM
user_0089,15,0,0,0,1,271.0784025774099,25.487204084069127,29.41331019097145,0,1,1,0,0,1,1,0.65,0,1,0.2776734227293848,0,0.2018966446523599,0.0,12,LOW
user_0090,17,5,0,0,1,159.52741128797717,0.01,0.0351331628499124,0,1,1,0,0,1,1,0.65,0,1,0.2776734227293848,0,0.2018966446523599,0.0,12,LOW
user_0091,16,4,0,0,1,222.577689359044,13.237732130592084,22.21424087746905,0,1,1,0,0,1,1,0.65,0,1,0.2776734227293848,0,0.2018966446523599,0.0,12,LOW
user_0092,11,1,0,0,1,286.2715143197844,22.686458588840093,13.352284005007352,0,1,1,0,0,1,1,0.65,0,1,0.2776734227293848,0,0.2018966446523599,0.0,12,LOW
user_0093,13,3,0,0,1,324.80237548111245,23.30085404336382,1.8882912540219696,0,1,1,0,0,1,1,0.65,0,1,0.2776734227293848,0,0.2018966446523599,0.0,12,LOW
user_0094,12,4,0,0,1,224.74706098271608,0.3786860296356273,6.390226718215732,0,1,1,0,0,1,1,0.65,0,1,0.2776734227293848,0,0.2018966446523599,0.0,12,LOW
user_0095,9,5,0,0,1,201.0033422815385,3.344739969013069,44.96323091261704,0,1,1,0,0,1,1,0.65,0,1,0.2776734227293848,0,0.2018966446523599,0.0,12,LOW
user_0096,14,4,2,1,1,259.22769729069495,6.7466504874950015,10.319772582610822,0,1,1,1,2,1,1,1.15,0,1,0.0590725335016217,0,0.024931712964170426,0.5269014661842195,23,LOW
user_0097,14,2,0,0,1,175.58739338856662,28.328333564493867,1.362513441339095,0,1,1,0,0,1,1,0.65,0,1,0.2776734227293848,0,0.2018966446523599,0.0,12,LOW
user_0098,14,4,0,0,1,229.6032811023944,21.49428235723248,6.118294193861348,0,1,1,0,0,1,1,0.65,0,1,0.2776734227293848,0,0.2018966446523599,0.0,12,LOW
user_0099,13,3,0,0,1,239.51999710342312,35.43215537787414,6.314936230047854,0,1,1,0,0,1,1,0.65,0,1,0.2776734227293848,0,0.2018966446523599,0.0,12,LOW
user_0100,9,3,0,0,1,238.3209604397523,33.73535245788196,16.208190975308316,0,1,1,0,0,1,1,0.65,0,1,0.2776734227293848,0,0.2018966446523599,0.0,12,LOW
user_0101,12,0,1,0,1,245.3102084290729,47.96418687072596,24.788800402492605,0,1,1,0,1,1,1,0.7999999999999999,0,1,0.2129135634933541,0,0.13356667006213288,0.15609298252120107,14,LOW
user_0102,12,0,1,0,1,189.9291086656715,11.822790785608394,0.8582104203444643,0,1,1,0,1,1,1,0.7999999999999999,0,1,0.2129135634933541,0,0.13356667006213288,0.15609298252120107,14,LOW
user_0103,11,2,0,0,1,196.38042044289497,10.58043884310576,3.769320068921403,0,1,1,0,0,1,1,0.65,0,1,0.2776734227293848,0,0.2018966446523599,0.0,12,LOW
user_0104,13,1,0,0,1,195.1730243380428,44.44869276352407,3.544461821674829,0,1,1,0,0,1,1,0.65,0,1,0.2776734227293848,0,0.2018966446523599,0.0,12,LOW
user_0105,15,0,2,0,0,142.79433964829656,6.782148463427945,14895.273412128909,1,1,4,0,2,1,1,1.5500000000000005,1,-1,-0.0398435368800551,1,0.9980601933947105,0.7653223742482461,90,HIGH
user_0106,19,4,0,0,1,260.5098193107664,15.4589890488726,8.192255400306886,1,2,1,0,0,1,1,0.8999999999999999,0,1,0.190136950224284,0,0.20789731048021395,0.21099226023493423,21,LOW
user_0107,14,0,0,0,1,293.6794471015203,5.401891322165164,21.18860322165427,0,1,1,0,0,1,1,0.65,0,1,0.2776734227293848,0,0.2018966446523599,0.0,12,LOW
user_0108,14,3,0,0,1,287.77860497121213,61.28894649179307,5.551831132981633,0,1,1,0,0,1,2,0.75,0,1,0.2193048404666994,0,0.33007420523328185,0.14068786125229182,25,LOW
user_0109,13,2,0,1,1,224.2501883723548,13.097898782473155,12.827388149119622,0,1,1,1,0,1,1,0.85,0,1,0.2332993702223167,0,0.24213381063915532,0.10695635049384,19,LOW
user_0110,8,6,1,1,1,191.33968563216675,5.971881781338573,3.3769288052976485,0,2,1,1,1,1,1,1.25,0,1,0.0530025780073042,0,0.049471929438013235,0.5415320949109698,25,LOW
user_0111,17,2,0,1,1,284.65887854176134,158.49664051289582,24.27989864682569,0,1,1,1,0,1,2,0.95,0,1,0.1509357020843734,0,0.04950631867309361,0.30548041714105467,15,LOW
user_0112,14,0,0,1,1,278.3353813424731,7.014175388887186,6.072378524117715,0,1,1,1,0,1,1,0.85,0,1,0.2332993702223167,0,0.24213381063915532,0.10695635049384,19,LOW
user_0113,21,3,1,0,1,253.04523854617776,71.83946039469073,16.282410756729664,0,2,1,0,1,1,2,1.15,0,1,0.0482891388139982,0,0.06259772921450295,0.5528930643493671,26,LOW
user_0114,13,4,0,1,1,344.6586751453964,11.456501978674789,2.954681498931573,0,1,1,1,0,1,1,0.85,0,1,0.2332993702223167,0,0.24213381063915532,0.10695635049384,19,LOW
user_0115,14,6,0,0,1,238.41446871797623,27.31382051717592,11.828780119794205,0,1,1,0,0,1,1,0.65,0,1,0.2776734227293848,0,0.2018966446523599,0.0,12,LOW
user_0116,7,2,0,0,1,224.5866009645067,165.4539356689343,5.194601347633217,0,2,1,0,0,1,2,1.0,0,1,0.1157188029811144,0,0.21090605726134576,0.39036495643785196,28,LOW
user_0117,10,1,0,0,1,216.010960135524,41.15845877683741,0.3194425082680736,0,1,1,0,0,1,1,0.65,0,1,0.2776734227293848,0,0.2018966446523599,0.0,12,LOW
user_0118,5,5,2,2,1,146.34733761115154,468.3003862744771,5.327445201712326,1,3,1,2,2,1,3,2.0500000000000003,0,-1,-0.1136676643756178,1,0.9906011782141073,0.9432632836132322,97,HIGH
user_0119,16,1,0,2,0,279.68039784853755,38.769599533522914,7.985557901640901,0,1,1,2,0,1,1,1.05,1,1,0.1541262400811022,0,0.09794779748495573,0.2977901503981718,18,LOW
user_0120,16,3,0,0,1,233.6708779705334,47.17907942519041,1.6459356702741446,0,1,1,0,0,1,1,0.65,0,1,0.2776734227293848,0,0.2018966446523599,0.0,12,LOW
user_0121,11,2,0,0,1,270.5958744814077,2.6863127793731003,2.0323444095301246,0,1,1,0,0,1,1,0.65,0,1,0.2776734227293848,0,0.2018966446523599,0.0,12,LOW
user_0122,18,0,1,0,1,350.5126801254744,64.44683286516063,6.2523211323183805,0,1,1,0,1,1,2,0.8999999999999999,0,1,0.1194195039721256,0,0.26547768987979625,0.3814450257597952,31,MEDIUM
user_0123,9,1,1,0,1,216.55489380572297,24.47415666125227,4.196599484973072,0,1,1,0,1,1,1,0.7999999999999999,0,1,0.2129135634933541,0,0.13356667006213288,0.15609298252120107,14,LOW
user_0124,15,1,0,0,1,99.71947699250693,50.855497172770434,5.811417596729726,0,1,1,0,0,2,2,0.8500000000000001,0,1,0.0879604175892453,0,0.09335914768687309,0.4572719759543348,24,LOW
user_0125,20,3,0,1,1,268.8642221706464,28.83490466525635,6.177187750187065,0,2,1,1,0,1,1,1.1,0,1,0.1083396961540713,0,0.5687783155237143,0.4081510789922207,50,MEDIUM
user_0126,11,5,0,0,1,250.0115633935605,5.636395205014166,1.5091131655430057,0,1,1,0,0,1,1,0.65,0,1,0.2776734227293848,0,0.2018966446523599,0.0,12,LOW
user_0127,6,1,0,0,1,196.0527674417208,211.63611066077416,1.9990879999725548,0,2,1,0,0,1,3,1.1,0,1,0.0342845539061483,0,0.6068219504766365,0.5866488113974004,60,MEDIUM
user_0128,3,4,0,0,1,263.8359801372899,95.61207102068286,18.84963465559448,0,3,1,0,0,1,2,1.25,0,1,0.0406781887288436,0,0.004507732605558692,0.5712380069206875,23,LOW
user_0129,12,0,0,0,1,287.1657792062625,29.745422688826835,1.775951709458444,0,1,1,0,0,1,1,0.65,0,1,0.2776734227293848,0,0.2018966446523599,0.0,12,LOW
user_0130,9,2,0,0,0,183.2034053873072,13.148529808507329,10.963578308936412,0,1,1,0,0,1,1,0.65,1,1,0.2776734227293848,0,0.15500519134380158,0.0,9,LOW
user_0131,14,0,0,0,1,221.92008831579705,4.114000958014374,5.421925399454924,0,1,1,0,0,1,1,0.65,0,1,0.2776734227293848,0,0.2018966446523599,0.0,12,LOW
user_0132,10,5,0,0,1,328.60522379093567,96.85591939667194,34.49443302002818,0,1,1,0,0,1,2,0.75,0,1,0.2193048404666994,0,0.33007420523328185,0.14068786125229182,25,LOW
user_0133,15,4,1,0,1,196.70266852623809,57.83721406168564,0.6839058349332421,0,1,1,0,1,1,2,0.8999999999999999,0,1,0.1194195039721256,0,0.26547768987979625,0.3814450257597952,31,MEDIUM
user_0134,11,3,0,0,0,244.0001853248271,56.00052081457012,17.742469093755698,0,1,1,0,0,1,2,0.75,1,1,0.2193048404666994,0,0.06599719639822756,0.14068786125229182,10,LOW
user_0135,23,4,0,0,1,82.53533003736692,79.56253970331176,6.761902279711016,0,3,1,0,0,2,2,1.35,0,-1,-0.0300128785203555,1,0.06278316128316129,0.741627190200367,33,MEDIUM
user_0136,11,3,2,0,1,151.0892699351223,455.420979438971,0.0536674611852862,0,1,1,0,2,1,3,1.15,0,1,0.0057788241369982,0,0.10169334419705707,0.6553571815375012,32,MEDIUM
user_0137,13,6,0,0,1,249.451049839968,409.8657676335722,3.0606360773549413,0,1,1,0,0,1,3,0.8500000000000001,0,1,0.1140437691094343,0,0.29646344472155617,0.3944023499087308,34,MEDIUM
user_0138,16,3,0,1,1,313.67926857513606,2.803861829806859,5.237367017664675,0,1,1,1,0,1,1,0.85,0,1,0.2332993702223167,0,0.24213381063915532,0.10695635049384,19,LOW
user_0139,10,5,0,0,1,158.27821907993996,57.70658845186156,3.771615887185456,0,1,1,0,0,1,2,0.75,0,1,0.2193048404666994,0,0.33007420523328185,0.14068786125229182,25,LOW
user_0140,14,2,0,0,1,244.47384372362976,53.24278322276276,4.501217329564189,0,1,1,0,0,1,2,0.75,0,1,0.2193048404666994,0,0.33007420523328185,0.14068786125229182,25,LOW
user_0141,17,0,0,0,1,217.456925456777,34.44353867577548,24.84969561413054,0,1,1,0,0,1,1,0.65,0,1,0.2776734227293848,0,0.2018966446523599,0.0,12,LOW
user_0142,9,2,0,0,0,297.1852832995496,65.54049200149181,4.477475942402817,0,1,1,0,0,1,2,0.75,1,1,0.2193048404666994,0,0.06599719639822756,0.14068786125229182,10,LOW
user_0143,14,0,0,0,1,166.9318016806449,502.0699131294541,5.427108981210328,0,1,1,0,0,1,3,0.8500000000000001,0,1,0.1140437691094343,0,0.29646344472155617,0.3944023499087308,34,MEDIUM
user_0144,14,3,0,0,1,265.80465890204914,14.83898745445242,14.318423119759176,1,1,1,0,0,1,1,0.65,0,1,0.2776734227293848,0,0.2018966446523599,0.0,12,LOW
user_0145,16,2,0,0,1,200.77855878022456,86.009426081149,15.7907150313463,0,1,1,0,0,1,2,0.75,0,1,0.2193048404666994,0,0.33007420523328185,0.14068786125229182,25,LOW
user_0146,10,3,0,0,1,253.3822814895885,15.59664753055403,0.8783679222747331,0,1,1,0,0,1,1,0.65,0,1,0.2776734227293848,0,0.2018966446523599,0.0,12,LOW
user_0147,10,0,0,0,1,244.1358631385084,25.63342586680402,12.176324559199516,0,1,1,0,0,1,1,0.65,0,1,0.2776734227293848,0,0.2018966446523599,0.0,12,LOW
user_0148,15,1,0,0,1,224.89325555144293,11.672696526456578,6.588848044310037,0,1,1,0,0,1,1,0.65,0,1,0.2776734227293848,0,0.2018966446523599,0.0,12,LOW
user_0149,14,2,0,0,1,268.66871077616304,351.069531775128,1.43701670144222,0,1,1,0,0,1,3,0.8500000000000001,0,1,0.1140437691094343,0,0.29646344472155617,0.3944023499087308,34,MEDIUM
user_0150,14,6,0,2,1,242.6191640581777,31.83298235336261,3.074910667359925,0,1,1,2,0,1,1,1.05,0,1,0.1541262400811022,0,0.4301355521591885,0.2977901503981718,38,MEDIUM
user_0151,9,2,0,0,1,232.03162187539832,0.01,0.460811091466965,0,1,1,0,0,1,1,0.65,0,1,0.2776734227293848,0,0.2018966446523599,0.0,12,LOW
user_0152,11,2,0,2,1,218.61500795863543,18.06764104267288,4.466577788388507,0,1,1,2,0,1,1,1.05,0,1,0.1541262400811022,0,0.4301355521591885,0.2977901503981718,38,MEDIUM
user_0153,14,3,0,0,1,244.6559033847202,8.920830969711558,2.949167669685498,0,1,1,0,0,1,1,0.65,0,1,0.2776734227293848,0,0.2018966446523599,0.0,12,LOW
user_0154,14,3,1,0,1,253.32261288876435,25.809778701552823,4.814341451986755,0,1,1,0,1,1,1,0.7999999999999999,0,1,0.2129135634933541,0,0.13356667006213288,0.15609298252120107,14,LOW
user_0155,11,1,0,0,1,180.6514751951628,59.76598768796429,8.683117240572848,0,1,1,0,0,1,2,0.75,0,1,0.2193048404666994,0,0.33007420523328185,0.14068786125229182,25,LOW
user_0156,19,2,0,0,1,219.0317257249574,0.1734148451391919,13.180360869868997,0,2,1,0,0,1,1,0.8999999999999999,0,1,0.190136950224284,0,0.20789731048021395,0.21099226023493423,21,LOW
user_0157,15,1,0,0,1,176.68884332212963,3.5947104827151555,9.297610165652896,0,1,1,0,0,1,1,0.65,0,1,0.2776734227293848,0,0.2018966446523599,0.0,12,LOW
user_0158,10,6,0,0,1,237.6092746331529,3.189390757400581,11.34376166617884,0,1,1,0,0,1,1,0.65,0,1,0.2776734227293848,0,0.2018966446523599,0.0,12,LOW
user_0159,15,0,0,0,1,204.46006770875832,64.1654922324119,20.07225969296627,0,1,1,0,0,1,2,0.75,0,1,0.2193048404666994,0,0.33007420523328185,0.14068786125229182,25,LOW
user_0160,11,2,0,0,1,286.24698887887536,27.17309828308941,20.70081035919578,0,1,1,0,0,1,1,0.65,0,1,0.2776734227293848,0,0.2018966446523599,0.0,12,LOW
user_0161,16,0,0,0,1,280.36361866540136,75.80373836582403,19.71264304894248,0,1,1,0,0,1,2,0.75,0,1,0.2193048404666994,0,0.33007420523328185,0.14068786125229182,25,LOW
user_0162,17,1,0,0,1,184.6350861861378,21.855534283706803,1.6625403217542003,0,1,1,0,0,1,1,0.65,0,1,0.2776734227293848,0,0.2018966446523599,0.0,12,LOW
user_0163,11,4,2,1,1,239.8615592760915,15.485009208523756,2.891086009180528,0,1,1,1,2,1,1,1.15,0,1,0.0590725335016217,0,0.024931712964170426,0.5269014661842195,23,LOW
user_0164,16,1,2,0,0,278.3109947549018,39.29667935583184,8772.565008236857,1,1,4,0,2,1,1,1.5500000000000005,1,-1,-0.0398435368800551,1,0.9980601933947105,0.7653223742482461,90,HIGH
user_0165,15,0,1,0,1,229.48150079015824,4.386894094203818,4.443191871449502,0,1,1,0,1,1,1,0.7999999999999999,0,1,0.2129135634933541,0,0.13356667006213288,0.15609298252120107,14,LOW
user_0166,16,2,0,0,1,196.3069485116673,12.004909636258652,1.4118226407661465,0,1,1,0,0,1,1,0.65,0,1,0.2776734227293848,0,0.2018966446523599,0.0,12,LOW
user_0167,19,0,0,0,0,174.45578831731223,15.696828274785316,3.393266349908376,0,2,1,0,0,1,1,0.8999999999999999,1,1,0.190136950224284,0,0.04363754974933547,0.21099226023493423,11,LOW
user_0168,13,0,0,0,1,291.25605369470173,8.861876796962239,37.0617869346021,0,1,1,0,0,1,1,0.65,0,1,0.2776734227293848,0,0.2018966446523599,0.0,12,LOW
user_0169,11,4,0,0,1,294.1627888970982,11.601954979644471,4.260659898343529,0,1,1,0,0,1,1,0.65,0,1,0.2776734227293848,0,0.2018966446523599,0.0,12,LOW
user_0170,11,4,1,0,1,227.52314406755707,2.033103688378044,5.42856629961754,0,1,1,0,1,1,1,0.7999999999999999,0,1,0.2129135634933541,0,0.13356667006213288,0.15609298252120107,14,LOW
user_0171,11,5,0,0,1,285.96825507160065,5.515655232299924,0.0642199881974471,0,1,1,0,0,1,1,0.65,0,1,0.2776734227293848,0,0.2018966446523599,0.0,12,LOW
user_0172,13,4,0,0,1,62.087368206879546,10.217886632422276,12.70878141195241,0,1,1,0,0,2,1,0.75,0,1,0.0934671910539906,0,0.40261253039389167,0.44399880482146026,42,MEDIUM
user_0173,15,3,0,0,1,319.6532790425542,39.72745843314407,5.336679777809858,0,1,1,0,0,1,1,0.65,0,1,0.2776734227293848,0,0.2018966446523599,0.0,12,LOW
user_0174,14,0,0,1,1,230.5833116833693,5.0375285137435455,1.088555750408713,0,1,1,1,0,1,1,0.85,0,1,0.2332993702223167,0,0.24213381063915532,0.10695635049384,19,LOW
user_0175,16,4,0,0,1,248.5065936479693,10.640689308343774,34.59570573312036,0,1,1,0,0,1,1,0.65,0,1,0.2776734227293848,0,0.2018966446523599,0.0,12,LOW
user_0176,18,4,1,0,1,220.76893658004184,105.03843842797303,15.02528054260377,0,1,1,0,1,1,2,0.8999999999999999,0,1,0.1194195039721256,0,0.26547768987979625,0.3814450257597952,31,MEDIUM
user_0177,18,4,2,0,0,323.74244891205035,20.360526951263505,10150.68517731564,1,1,4,0,2,1,1,1.5500000000000005,1,-1,-0.0398435368800551,1,0.9980601933947105,0.7653223742482461,90,HIGH
user_0178,13,2,0,1,1,176.35610256266796,23.62052750245477,31.67050624457393,0,1,1,1,0,1,1,0.85,0,1,0.2332993702223167,0,0.24213381063915532,0.10695635049384,19,LOW
user_0179,22,1,0,0,1,328.46761959641015,50.157837308887785,5.233707939084393,0,2,1,0,0,1,2,1.0,0,1,0.1157188029811144,0,0.21090605726134576,0.39036495643785196,28,LOW
user_0180,5,4,0,2,1,263.7762552567067,42.74748322165963,12.677419869645387,1,3,1,2,0,1,1,1.5500000000000005,0,1,0.0178213557717713,0,0.9935488642050614,0.6263306409898065,85,HIGH
user_0181,11,4,0,1,1,277.3598529550895,8.400037100001247,2.309336875179494,0,1,1,1,0,1,1,0.85,0,1,0.2332993702223167,0,0.24213381063915532,0.10695635049384,19,LOW
user_0182,10,6,0,0,1,220.24772620026505,3.682173168858057,11.944203990112683,0,1,1,0,0,1,1,0.65,0,1,0.2776734227293848,0,0.2018966446523599,0.0,12,LOW
user_0183,15,0,1,0,1,161.50684812621776,4.2425336591145895,0.1417914279732144,0,1,1,0,1,1,1,0.7999999999999999,0,1,0.2129135634933541,0,0.13356667006213288,0.15609298252120107,14,LOW
user_0184,13,1,0,0,0,295.8306459321661,86.81514056695973,1.3502436992139957,0,1,1,0,0,1,2,0.75,1,1,0.2193048404666994,0,0.06599719639822756,0.14068786125229182,10,LOW
user_0185,9,1,0,0,1,258.6845010713599,85.04266552396882,5.538356328195695,0,1,1,0,0,1,2,0.75,0,1,0.2193048404666994,0,0.33007420523328185,0.14068786125229182,25,LOW
user_0186,15,4,0,1,1,321.69740749852906,1.0875872620223836,0.1216640628955649,0,1,1,1,0,1,1,0.85,0,1,0.2332993702223167,0,0.24213381063915532,0.10695635049384,19,LOW
user_0187,13,1,0,0,1,228.3734207870581,3.677120817752349,6.198332551286748,0,1,1,0,0,1,1,0.65,0,1,0.2776734227293848,0,0.2018966446523599,0.0,12,LOW
user_0188,11,0,0,0,1,214.8461172660651,16.62857776891622,7.3980229859981295,0,1,1,0,0,1,1,0.65,0,1,0.2776734227293848,0,0.2018966446523599,0.0,12,LOW
user_0189,9,6,0,0,1,323.2852941984181,5.824443858263495,9.718208774402456,0,1,1,0,0,1,1,0.65,0,1,0.2776734227293848,0,0.2018966446523599,0.0,12,LOW
user_0190,12,0,0,0,1,354.7136498698467,40.69755647818679,1.0579024908402817,0,1,1,0,0,1,1,0.65,0,1,0.2776734227293848,0,0.2018966446523599,0.0,12,LOW
user_0191,16,4,0,0,1,240.5608305819438,21.286996678216752,1.9968574117773308,0,1,1,0,0,1,1,0.65,0,1,0.2776734227293848,0,0.2018966446523599,0.0,12,LOW
user_0192,14,2,0,0,0,194.83455018857364,23.70951674490215,9.50063078234776,0,1,1,0,0,1,1,0.65,1,1,0.2776734227293848,0,0.15500519134380158,0.0,9,LOW
user_0193,8,4,0,2,1,288.63184576737297,174.97292814800028,10.734935594519028,0,2,1,2,0,1,2,1.4,0,-1,-0.0018313935794551,1,0.03428437565230018,0.6737003588546002,29,LOW
user_0194,14,3,2,0,1,224.7587660297596,7.394965582046719,0.2624154548333303,0,1,1,0,2,1,1,0.95,0,1,0.1483955927109178,0,0.007188301157192252,0.31160293273497597,13,LOW
user_0195,15,5,0,0,1,275.9557695240479,22.253614356184688,7.773277218540366,0,1,1,0,0,1,1,0.65,0,1,0.2776734227293848,0,0.2018966446523599,0.0,12,LOW
user_0196,11,5,2,0,0,224.4434415372748,31.55506357462411,5096.7436130283,1,1,4,0,2,1,1,1.5500000000000005,1,-1,-0.0398435368800551,1,0.9980601933947105,0.7653223742482461,90,HIGH
user_0197,14,0,0,0,1,333.8408410927088,11.588536955018547,0.7160436180287465,0,1,1,0,0,1,1,0.65,0,1,0.2776734227293848,0,0.2018966446523599,0.0,12,LOW
user_0198,14,0,0,0,1,198.030629696958,17.577091133931873,5.33024991871255,0,1,1,0,0,1,1,0.65,0,1,0.2776734227293848,0,0.2018966446523599,0.0,12,LOW
user_0199,10,1,1,0,1,268.8317797513176,45.76520568276721,3.95284021252649,0,1,1,0,1,1,1,0.7999999999999999,0,1,0.2129135634933541,0,0.13356667006213288,0.15609298252120107,14,LOW
user_0200,15,3,1,0,1,210.67788178607256,4.024231560203532,24.495274444637968,0,1,1,0,1,1,1,0.7999999999999999,0,1,0.2129135634933541,0,0.13356667006213288,0.15609298252120107,14,LOW
user_0201,15,4,0,0,0,223.10960631475385,19.698780272063853,2.055521822524536,0,1,1,0,0,1,1,0.65,1,1,0.2776734227293848,0,0.15500519134380158,0.0,9,LOW
user_0202,17,2,0,0,1,215.2766607143654,10.708595858698542,3.832542258467615,0,1,1,0,0,1,1,0.65,0,1,0.2776734227293848,0,0.2018966446523599,0.0,12,LOW
user_0203,17,3,0,1,1,284.3164839656049,30.33330822676877,22.871522443015472,0,1,1,1,0,1,1,0.85,0,1,0.2332993702223167,0,0.24213381063915532,0.10695635049384,19,LOW
user_0204,9,1,0,0,1,295.10178689603225,0.4747351518962879,4.014531259720686,0,1,1,0,0,1,1,0.65,0,1,0.2776734227293848,0,0.2018966446523599,0.0,12,LOW
user_0205,11,4,0,0,1,273.4643297359423,27.752447396469016,7.57893596555423,0,1,1,0,0,1,1,0.65,0,1,0.2776734227293848,0,0.2018966446523599,0.0,12,LOW
user_0206,15,6,0,0,1,233.52099199528377,2.7146353630322566,0.3359332735155426,0,1,1,0,0,1,1,0.65,0,1,0.2776734227293848,0,0.2018966446523599,0.0,12,LOW
user_0207,15,1,0,0,1,248.4108018600956,1.6740097004403165,41.93221884272435,0,1,1,0,0,1,1,0.65,0,1,0.2776734227293848,0,0.2018966446523599,0.0,12,LOW
user_0208,15,2,0,0,1,293.8632941075655,32.24038259899682,17.426648249670453,0,1,1,0,0,1,1,0.65,0,1,0.2776734227293848,0,0.2018966446523599,0.0,12,LOW
user_0209,1,0,0,0,1,295.7586952324563,25.56505310513713,10.062180235047048,0,3,1,0,0,1,1,1.15,0,1,0.0815285198183811,0,0.0013513513513513514,0.47277500697029895,19,LOW
user_0210,15,3,2,2,0,78.5834621187879,56.329623323381576,14446.102159937696,1,1,4,2,2,2,2,2.1500000000000004,1,-1,-0.1356585158372537,1,0.8340172680213516,0.9962686118106975,90,HIGH
user_0211,17,2,1,0,1,223.66666969363823,18.331264781035763,0.7782096905078075,0,1,1,0,1,1,1,0.7999999999999999,0,1,0.2129135634933541,0,0.13356667006213288,0.15609298252120107,14,LOW
user_0212,16,0,0,0,1,226.5444725136309,18.876863870880435,7.8739990740429615,0,1,1,0,0,1,1,0.65,0,1,0.2776734227293848,0,0.2018966446523599,0.0,12,LOW
user_0213,15,2,2,0,1,280.1551538475697,30.691088602319454,3.355628609134752,0,1,1,0,2,1,1,0.95,0,1,0.1483955927109178,0,0.007188301157192252,0.31160293273497597,13,LOW
user_0214,13,1,0,0,1,235.9937509373553,9.766786013626623,9.749517527476971,0,1,1,0,0,1,1,0.65,0,1,0.2776734227293848,0,0.2018966446523599,0.0,12,LOW
user_0215,16,2,0,0,1,283.15100285695723,0.9402740783788588,9.117821155960971,0,1,1,0,0,1,1,0.65,0,1,0.2776734227293848,0,0.2018966446523599,0.0,12,LOW
user_0216,11,3,0,0,1,175.28035373816687,6.535606995657138,18.24188026646897,0,1,1,0,0,1,1,0.65,0,1,0.2776734227293848,0,0.2018966446523599,0.0,12,LOW
user_0217,13,0,0,2,1,255.6032709276468,6.795658109106391,3.304184826199616,0,1,1,2,0,1,1,1.05,0,1,0.1541262400811022,0,0.4301355521591885,0.2977901503981718,38,MEDIUM
user_0218,12,4,0,1,1,7.702233440468857,1009.660140420373,8.624266155490641,1,1,1,1,0,3,4,1.35,0,-1,-0.0937579539195447,1,0.9991397849462365,0.895274203295823,96,HIGH
user_0219,14,3,0,0,1,151.5370278409111,71.8213816515219,15.022140686253431,0,1,1,0,0,1,2,0.75,0,1,0.2193048404666994,0,0.33007420523328185,0.14068786125229182,25,LOW
user_0220,20,2,1,0,1,390.8186080925342,40.84874711223972,6.748613624930236,0,2,1,0,1,1,1,1.05,0,1,0.1004614283124124,0,0.02209191694512681,0.4271403470204811,18,LOW
user_0221,8,0,0,0,1,311.4531559719912,68.70471901371384,17.75750292322034,0,2,1,0,0,1,2,1.0,0,1,0.1157188029811144,0,0.21090605726134576,0.39036495643785196,28,LOW
user_0222,16,4,0,1,1,240.0811981479385,164.4539173143851,1.4073004264287816,0,1,1,1,0,1,2,0.95,0,1,0.1509357020843734,0,0.04950631867309361,0.30548041714105467,15,LOW
user_0223,9,6,0,0,1,190.2955135656739,14.21927062106313,13.2387470248864,0,1,1,0,0,1,1,0.65,0,1,0.2776734227293848,0,0.2018966446523599,0.0,12,LOW
user_0224,12,1,0,0,1,229.49489098357765,6.439277045684684,28.64389876650512,0,1,1,0,0,1,1,0.65,0,1,0.2776734227293848,0,0.2018966446523599,0.0,12,LOW
user_0225,17,1,0,0,1,245.02814157668044,20.524750237821127,4.0329245152706665,0,1,1,0,0,1,1,0.65,0,1,0.2776734227293848,0,0.2018966446523599,0.0,12,LOW
user_0226,14,1,1,0,1,266.4397534087228,53.244048831125525,4.562371316630153,0,1,1,0,1,1,2,0.8999999999999999,0,1,0.1194195039721256,0,0.26547768987979625,0.3814450257597952,31,MEDIUM
user_0227,10,3,0,0,1,330.03965096760186,15.67143582792487,0.8724741632565458,0,1,1,0,0,1,1,0.65,0,1,0.2776734227293848,0,0.2018966446523599,0.0,12,LOW
user_0228,11,0,0,1,1,211.43409183342925,17.60011284528527,10.25806478488969,0,1,1,1,0,1,1,0.85,0,1,0.2332993702223167,0,0.24213381063915532,0.10695635049384,19,LOW
user_0229,16,1,0,1,1,273.76259025435365,3.609438743459117,8.039686370157833,0,1,1,1,0,1,1,0.85,0,1,0.2332993702223167,0,0.24213381063915532,0.10695635049384,19,LOW
user_0230,11,3,0,0,1,162.45425024399322,13.637820399744603,0.4118222474158753,0,1,1,0,0,1,1,0.65,0,1,0.2776734227293848,0,0.2018966446523599,0.0,12,LOW
user_0231,14,3,0,0,1,215.18395714048395,12.234546905289672,13.951818459581428,0,1,1,0,0,1,1,0.65,0,1,0.2776734227293848,0,0.2018966446523599,0.0,12,LOW
user_0232,14,2,0,2,1,262.6030108721615,10.834599816929073,17.677568258020628,0,1,1,2,0,1,1,1.05,0,1,0.1541262400811022,0,0.4301355521591885,0.2977901503981718,38,MEDIUM
user_0233,0,2,0,0,1,281.4757494605283,0.01,23.764426795511323,0,3,1,0,0,1,1,1.15,0,1,0.0815285198183811,0,0.0013513513513513514,0.47277500697029895,19,LOW
user_0234,20,3,0,0,1,194.8060514001228,1.5283130891199406,7.890725391233397,0,2,1,0,0,1,1,0.8999999999999999,0,1,0.190136950224284,0,0.20789731048021395,0.21099226023493423,21,LOW
user_0235,15,0,0,0,0,213.5524982392852,89.52052912564847,6.025390104461429,0,1,1,0,0,1,2,0.75,1,1,0.2193048404666994,0,0.06599719639822756,0.14068786125229182,10,LOW
user_0236,7,0,0,1,1,327.6333981350127,0.2070254614145805,20.88580410476596,0,2,1,1,0,1,1,1.1,0,1,0.1083396961540713,0,0.5687783155237143,0.4081510789922207,50,MEDIUM
user_0237,14,4,0,0,1,309.7145171776827,72.7820273371652,5.086560108593693,0,1,1,0,0,1,2,0.75,0,1,0.2193048404666994,0,0.33007420523328185,0.14068786125229182,25,LOW
user_0238,4,0,0,0,1,252.507433023142,39.91381289398256,10.654961084961354,0,3,1,0,0,1,1,1.15,0,1,0.0815285198183811,0,0.0013513513513513514,0.47277500697029895,19,LOW
user_0239,16,3,0,2,1,105.80129080675708,30.30392546238597,9.55453313359523,0,1,1,2,0,2,1,1.15,0,1,0.0302179651861094,0,0.23949512933089107,0.5964506542285346,38,MEDIUM
user_0240,11,5,0,0,1,390.6679528614005,5.179689738643367,4.654716737963963,0,1,1,0,0,1,1,0.65,0,1,0.2776734227293848,0,0.2018966446523599,0.0,12,LOW
user_0241,1,1,1,1,1,238.8041063005653,0.01,0.908988553417637,0,3,1,1,1,1,1,1.5,0,-1,-0.0134104290191516,1,0.175195415440636,0.7016097181061922,39,MEDIUM
user_0242,15,2,0,0,1,221.2459765187204,53.41779943895856,0.2164817872312055,0,1,1,0,0,1,2,0.75,0,1,0.2193048404666994,0,0.33007420523328185,0.14068786125229182,25,LOW
user_0243,16,3,0,0,1,208.65840444875312,3.755464594967013,5.590320043071767,0,1,1,0,0,1,1,0.65,0,1,0.2776734227293848,0,0.2018966446523599,0.0,12,LOW
user_0244,10,4,0,0,1,262.5820222319465,3.397830309041128,6.562398620559373,0,1,1,0,0,1,1,0.65,0,1,0.2776734227293848,0,0.2018966446523599,0.0,12,LOW
user_0245,12,5,0,0,1,263.1949553502558,9.059346985591072,17.29789502572174,0,1,1,0,0,1,1,0.65,0,1,0.2776734227293848,0,0.2018966446523599,0.0,12,LOW
user_0246,12,4,1,0,1,297.0376723875908,4.410253367499507,5.351382105074297,0,1,1,0,1,1,1,0.7999999999999999,0,1,0.2129135634933541,0,0.13356667006213288,0.15609298252120107,14,LOW
user_0247,12,0,0,1,1,184.4362701390592,2.931493792458348,3.3011630305628263,0,1,1,1,0,1,1,0.85,0,1,0.2332993702223167,0,0.24213381063915532,0.10695635049384,19,LOW
user_0248,19,3,0,0,1,221.25030731152432,28.35487548962281,6.200760435879537,0,2,1,0,0,1,1,0.8999999999999999,0,1,0.190136950224284,0,0.20789731048021395,0.21099226023493423,21,LOW
user_0249,15,2,0,1,0,361.8327433934521,6.014447947333323,2.7179623049166417,0,1,1,1,0,1,1,0.85,1,1,0.2332993702223167,0,0.5768895551079612,0.10695635049384,39,MEDIUM
user_0250,10,2,0,0,1,253.4754379949995,27.491438323789907,0.9580697541328276,0,1,1,0,0,1,1,0.65,0,1,0.2776734227293848,0,0.2018966446523599,0.0,12,LOW
user_0251,16,0,0,0,1,229.64853760039523,49.499721957479146,1.1995881384285296,0,1,1,0,0,1,1,0.65,0,1,0.2776734227293848,0,0.2018966446523599,0.0,12,LOW
user_0252,20,1,0,0,1,183.5029340649779,26.39060103594651,3.844198119168548,1,2,1,0,0,1,1,0.8999999999999999,0,1,0.190136950224284,0,0.20789731048021395,0.21099226023493423,21,LOW
user_0253,17,4,0,0,1,12.12693905352562,1930.2258318168767,0.1275744885893835,1,1,1,0,0,3,4,1.15,0,-1,-0.0665595353490385,1,1.0,0.8297168916429857,93,HIGH
user_0254,9,2,0,0,1,301.86109302254664,21.30812034540352,2.487220172171288,0,1,1,0,0,1,1,0.65,0,1,0.2776734227293848,0,0.2018966446523599,0.0,12,LOW
user_0255,12,1,1,1,1,292.47525874858843,12.50656870581133,15.48922195052733,0,1,1,1,1,1,1,1.0,0,1,0.1244119810262747,0,0.2600647053805528,0.3694114814818421,30,LOW
user_0256,17,2,0,0,1,224.471948183465,10.515900290056718,2.6737916826307515,0,1,1,0,0,1,1,0.65,0,1,0.2776734227293848,0,0.2018966446523599,0.0,12,LOW
user_0257,11,4,0,0,1,261.6751370018122,9.587630111266954,1.1735382769875378,0,1,1,0,0,1,1,0.65,0,1,0.2776734227293848,0,0.2018966446523599,0.0,12,LOW
user_0258,15,4,1,0,1,340.2995661989167,66.27954166795574,29.775105028895226,0,1,1,0,1,1,2,0.8999999999999999,0,1,0.1194195039721256,0,0.26547768987979625,0.3814450257597952,31,MEDIUM
user_0259,16,1,0,0,1,304.25293753028814,33.919112931734865,9.741055514437369,0,1,1,0,0,1,1,0.65,0,1,0.2776734227293848,0,0.2018966446523599,0.0,12,LOW
user_0260,11,0,0,0,1,192.9502354684008,3.5923944446733658,0.6190300988175735,0,1,1,0,0,1,1,0.65,0,1,0.2776734227293848,0,0.2018966446523599,0.0,12,LOW
user_0261,13,1,0,0,1,87.23969612271182,16.15685130551192,0.6426545601780773,0,1,1,0,0,2,1,0.75,0,1,0.0934671910539906,0,0.40261253039389167,0.44399880482146026,42,MEDIUM
user_0262,4,5,0,0,1,257.8063504250541,9.57631911148369,9.470647458618544,0,3,1,0,0,1,1,1.15,0,1,0.0815285198183811,0,0.0013513513513513514,0.47277500697029895,19,LOW
user_0263,10,3,0,0,1,287.91408760490594,95.34781935613486,7.768088331965108,0,1,1,0,0,1,2,0.75,0,1,0.2193048404666994,0,0.33007420523328185,0.14068786125229182,25,LOW
user_0264,13,2,0,0,1,174.64653048760425,95.45076614961404,0.7082466146847198,0,1,1,0,0,1,2,0.75,0,1,0.2193048404666994,0,0.33007420523328185,0.14068786125229182,25,LOW
user_0265,10,3,0,0,1,239.47262867263333,9.624452961806348,2.540093813727649,0,1,1,0,0,1,1,0.65,0,1,0.2776734227293848,0,0.2018966446523599,0.0,12,LOW
user_0266,18,2,1,0,1,224.17805604761529,10.85097899551089,26.456800140563782,0,1,1,0,1,1,1,0.7999999999999999,0,1,0.2129135634933541,0,0.13356667006213288,0.15609298252120107,14,LOW
user_0267,9,4,2,2,0,246.257179333932,22.870683025592548,5589.782122234064,1,1,4,2,2,1,1,1.9500000000000004,1,-1,-0.0871671985207315,1,1.0,0.8793882721124506,95,HIGH
user_0268,12,2,0,0,0,207.31822277281725,16.31486724653458,5.803997322595741,0,1,1,0,0,1,1,0.65,1,1,0.2776734227293848,0,0.15500519134380158,0.0,9,LOW
user_0269,14,0,0,0,1,317.4306598576796,5.991380294726285,2.87889309817782,0,1,1,0,0,1,1,0.65,0,1,0.2776734227293848,0,0.2018966446523599,0.0,12,LOW
user_0270,18,0,0,0,1,248.8781328379657,27.000566314931955,1.4352175025005378,0,1,1,0,0,1,1,0.65,0,1,0.2776734227293848,0,0.2018966446523599,0.0,12,LOW
user_0271,9,2,2,2,0,187.25898683011505,10.166469651779355,9803.18877200181,1,1,4,2,2,1,1,1.9500000000000004,1,-1,-0.0871671985207315,1,1.0,0.8793882721124506,95,HIGH
user_0272,4,5,0,2,1,295.04772921562324,26.51243676104375,25.557570081670967,1,3,1,2,0,1,1,1.5500000000000005,0,1,0.0178213557717713,0,0.9935488642050614,0.6263306409898065,85,HIGH
user_0273,14,1,0,0,1,164.1487442404977,12.09978599609283,0.499377878991244,0,1,1,0,0,1,1,0.65,0,1,0.2776734227293848,0,0.2018966446523599,0.0,12,LOW
user_0274,12,4,1,0,1,317.069662652108,21.788236459990745,47.08179683330613,0,1,1,0,1,1,1,0.7999999999999999,0,1,0.2129135634933541,0,0.13356667006213288,0.15609298252120107,14,LOW
user_0275,15,4,0,0,1,299.4635654533538,27.55041222644562,2.3295745072960456,0,1,1,0,0,1,1,0.65,0,1,0.2776734227293848,0,0.2018966446523599,0.0,12,LOW
user_0276,14,1,0,0,1,323.3865177192472,17.773246784523682,5.255457018041279,0,1,1,0,0,1,1,0.65,0,1,0.2776734227293848,0,0.2018966446523599,0.0,12,LOW
user_0277,12,0,2,0,1,230.50521765350305,30.49747308538037,0.460976657726673,0,1,1,0,2,1,1,0.95,0,1,0.1483955927109178,0,0.007188301157192252,0.31160293273497597,13,LOW
user_0278,14,0,0,0,1,210.2331612129974,15.449400741014282,8.789520846291051,1,1,1,0,0,1,1,0.65,0,1,0.2776734227293848,0,0.2018966446523599,0.0,12,LOW
user_0279,12,4,2,0,0,245.0413056559856,3.0863669037925816,7654.381912712714,1,1,4,0,2,1,1,1.5500000000000005,1,-1,-0.0398435368800551,1,0.9980601933947105,0.7653223742482461,90,HIGH
user_0280,14,1,0,0,1,234.9337928186681,5.02557112179498,10.987334002061557,0,1,1,0,0,1,1,0.65,0,1,0.2776734227293848,0,0.2018966446523599,0.0,12,LOW
user_0281,15,2,0,0,0,200.8358228661893,7.05884512836223,7.823678193536468,0,1,1,0,0,1,1,0.65,1,1,0.2776734227293848,0,0.15500519134380158,0.0,9,LOW
user_0282,18,2,1,0,0,206.78260115246144,1.6329086751609532,5.07793200623841,0,1,1,0,1,1,1,0.7999999999999999,1,1,0.2129135634933541,0,0.04680970107273437,0.15609298252120107,9,LOW
user_0283,10,4,0,2,1,218.0176291640121,31.06621410448916,13.38482571828524,0,1,1,2,0,1,1,1.05,0,1,0.1541262400811022,0,0.4301355521591885,0.2977901503981718,38,MEDIUM
user_0284,3,0,0,2,1,169.79977881360824,11.447537975571835,0.253394777441623,1,3,1,2,0,1,1,1.5500000000000005,0,1,0.0178213557717713,0,0.9935488642050614,0.6263306409898065,85,HIGH
user_0285,8,2,0,1,1,280.67779737596004,2.454748707997135,7.787682972267666,0,2,1,1,0,1,1,1.1,0,1,0.1083396961540713,0,0.5687783155237143,0.4081510789922207,50,MEDIUM
user_0286,13,2,0,0,1,236.8621717457396,42.86414481295038,1.2089861333969862,0,1,1,0,0,1,1,0.65,0,1,0.2776734227293848,0,0.2018966446523599,0.0,12,LOW
user_0287,15,3,0,1,1,221.4972918459812,28.772990672733968,5.72715802568111,0,1,1,1,0,1,1,0.85,0,1,0.2332993702223167,0,0.24213381063915532,0.10695635049384,19,LOW
user_0288,14,4,0,0,1,173.37875034349935,15.047231690370433,15.660208090420756,0,1,1,0,0,1,1,0.65,0,1,0.2776734227293848,0,0.2018966446523599,0.0,12,LOW
user_0289,12,0,0,0,1,170.3776213399521,7.106376620330063,1.536883240339734,0,1,1,0,0,1,1,0.65,0,1,0.2776734227293848,0,0.2018966446523599,0.0,12,LOW
user_0290,13,4,0,0,1,356.1548430433447,4.114375863280493,27.4591327711277,0,1,1,0,0,1,1,0.65,0,1,0.2776734227293848,0,0.2018966446523599,0.0,12,LOW
user_0291,12,3,0,0,1,202.36455222830585,15.329497666597172,21.93772773195373,0,1,1,0,0,1,1,0.65,0,1,0.2776734227293848,0,0.2018966446523599,0.0,12,LOW
user_0292,12,3,0,0,1,276.6317036525596,54.12405831956063,5.359811728922235,0,1,1,0,0,1,2,0.75,0,1,0.2193048404666994,0,0.33007420523328185,0.14068786125229182,25,LOW
user_0293,16,3,0,0,1,249.75806819401063,5.2185477172800585,0.0599276150497565,0,1,1,0,0,1,1,0.65,0,1,0.2776734227293848,0,0.2018966446523599,0.0,12,LOW
user_0294,15,2,1,0,1,73.48869233351385,21.0214212321778,15.594333748407625,0,1,1,0,1,2,1,0.9,0,1,0.0824594892227387,0,0.07061056190855751,0.4705310584398903,23,LOW
user_0295,11,0,1,0,1,347.54704938831554,81.54849474098856,21.27756567408593,0,1,1,0,1,1,2,0.8999999999999999,0,1,0.1194195039721256,0,0.26547768987979625,0.3814450257597952,31,MEDIUM
user_0296,5,3,0,0,1,281.045038726567,0.01,1.9205447921683256,0,3,1,0,0,1,1,1.15,0,1,0.0815285198183811,0,0.0013513513513513514,0.47277500697029895,19,LOW
user_0297,14,2,1,0,1,193.93979074171148,14.493887884292391,24.79229302266434,0,1,1,0,1,1,1,0.7999999999999999,0,1,0.2129135634933541,0,0.13356667006213288,0.15609298252120107,14,LOW
user_0298,16,3,0,0,1,238.29800973422428,31.50237972328969,24.545397542741725,0,1,1,0,0,1,1,0.65,0,1,0.2776734227293848,0,0.2018966446523599,0.0,12,LOW
user_0299,15,1,0,0,1,171.04899795578007,43.51400794196073,6.373168112454598,0,1,1,0,0,1,1,0.65,0,1,0.2776734227293848,0,0.2018966446523599,0.0,12,LOW
user_0300,11,5,0,1,0,349.573228707668,22.32145439901253,15.99659927113956,0,1,1,1,0,1,1,0.85,1,1,0.2332993702223167,0,0.5768895551079612,0.10695635049384,39,MEDIUM
user_0301,12,3,0,0,1,185.54053750551213,51.36040441495364,5.886934367850869,0,1,1,0,0,1,2,0.75,0,1,0.2193048404666994,0,0.33007420523328185,0.14068786125229182,25,LOW
user_0302,16,0,0,0,1,208.61496019832043,18.06912522143781,8.302191557558865,0,1,1,0,0,1,1,0.65,0,1,0.2776734227293848,0,0.2018966446523599,0.0,12,LOW
user_0303,15,2,0,1,1,196.2263353111445,44.3031864424798,3.8542575855314976,0,1,1,1,0,1,1,0.85,0,1,0.2332993702223167,0,0.24213381063915532,0.10695635049384,19,LOW
user_0304,13,4,2,0,1,244.8227640125502,46.22405900819747,1.737218548423649,0,1,1,0,2,1,1,0.95,0,1,0.1483955927109178,0,0.007188301157192252,0.31160293273497597,13,LOW
user_0305,14,4,0,0,1,7.776819089066652,966.2307724339944,13.725357812135409,1,1,1,0,0,3,3,1.05,0,-1,-0.0182440342796388,1,1.0,0.7132603280726179,89,HIGH
user_0306,17,2,0,1,1,347.36246694570946,347.09612488977115,0.0139381542871837,0,1,1,1,0,1,3,1.05,0,1,0.0596166766321488,0,0.07429146882479426,0.5255898987230732,25,LOW
user_0307,12,4,0,0,1,216.0602313466622,23.50610491276611,8.664361097953563,0,1,1,0,0,1,1,0.65,0,1,0.2776734227293848,0,0.2018966446523599,0.0,12,LOW
user_0308,15,1,0,0,1,262.69553893907533,38.01678004424851,20.00157470339049,0,1,1,0,0,1,1,0.65,0,1,0.2776734227293848,0,0.2018966446523599,0.0,12,LOW
user_0309,13,2,0,2,1,244.9143247562444,43.28531429203086,2.5010024869365566,1,1,1,2,0,1,1,1.05,0,1,0.1541262400811022,0,0.4301355521591885,0.2977901503981718,38,MEDIUM
user_0310,13,4,0,1,1,181.1034441333565,0.6901726031735423,4.048145049932803,1,1,1,1,0,1,1,0.85,0,1,0.2332993702223167,0,0.24213381063915532,0.10695635049384,19,LOW
user_0311,17,4,0,0,0,385.35333447575664,33.046355253986526,8.854847777093477,0,1,1,0,0,1,1,0.65,1,1,0.2776734227293848,0,0.15500519134380158,0.0,9,LOW
user_0312,16,3,0,0,1,321.76557373777536,38.29054719915808,2.835177506631388,0,1,1,0,0,1,1,0.65,0,1,0.2776734227293848,0,0.2018966446523599,0.0,12,LOW
user_0313,16,4,0,0,1,251.3469509826621,30.135132367783363,18.80504505210589,1,1,1,0,0,1,1,0.65,0,1,0.2776734227293848,0,0.2018966446523599,0.0,12,LOW
user_0314,17,0,0,0,1,334.9125656099393,31.267497642611914,4.566581450677983,0,1,1,0,0,1,1,0.65,0,1,0.2776734227293848,0,0.2018966446523599,0.0,12,LOW
user_0315,14,4,0,0,1,312.7264027630683,1.0571093731930967,8.713501579255814,0,1,1,0,0,1,1,0.65,0,1,0.2776734227293848,0,0.2018966446523599,0.0,12,LOW
user_0316,16,1,0,0,1,244.9116804649053,14.586640141201045,2.5633993908917594,0,1,1,0,0,1,1,0.65,0,1,0.2776734227293848,0,0.2018966446523599,0.0,12,LOW
user_0317,13,0,0,1,1,259.5578163196796,42.61840414447798,0.4226713927137226,0,1,1,1,0,1,1,0.85,0,1,0.2332993702223167,0,0.24213381063915532,0.10695635049384,19,LOW
user_0318,14,1,1,1,1,330.7275685425992,67.95521860627186,1.9079769720856177,0,1,1,1,1,1,2,1.1,0,1,0.0660906907717865,0,0.06773171811602267,0.5099853531316857,24,LOW
user_0319,13,2,0,0,1,183.2307851322192,6.516849763229978,0.4730015926751496,0,1,1,0,0,1,1,0.65,0,1,0.2776734227293848,0,0.2018966446523599,0.0,12,LOW
user_0320,14,1,2,0,1,340.4214418392804,21.639639843862145,6.322475840597504,0,1,1,0,2,1,1,0.95,0,1,0.1483955927109178,0,0.007188301157192252,0.31160293273497597,13,LOW
user_0321,15,1,2,0,0,226.49324635889303,40.78317341127464,8.834300831353048,0,1,1,0,2,1,1,0.95,1,1,0.1483955927109178,0,0.0018309859154929577,0.31160293273497597,13,LOW
user_0322,11,0,0,0,1,331.48060457085404,34.89929016038561,0.4570389965672083,0,1,1,0,0,1,1,0.65,0,1,0.2776734227293848,0,0.2018966446523599,0.0,12,LOW
user_0323,20,1,0,0,1,239.6864041522308,24.1166884640068,0.948407337031167,0,2,1,0,0,1,1,0.8999999999999999,0,1,0.190136950224284,0,0.20789731048021395,0.21099226023493423,21,LOW
user_0324,10,3,1,0,1,260.2563733483783,0.4717019038102296,6.646083678655836,0,1,1,0,1,1,1,0.7999999999999999,0,1,0.2129135634933541,0,0.13356667006213288,0.15609298252120107,14,LOW
user_0325,2,2,2,0,1,237.94149860565247,37.44266901055231,16.053459569199894,0,3,1,0,2,1,1,1.4500000000000002,0,-1,-0.0255640932305964,1,0.08941457091003371,0.7309041254397726,35,MEDIUM
user_0326,17,1,0,1,1,208.0893826313264,37.09685322296214,9.888860995180329,0,1,1,1,0,1,1,0.85,0,1,0.2332993702223167,0,0.24213381063915532,0.10695635049384,19,LOW
user_0327,16,4,0,0,1,223.79670611134128,32.079865573675185,1.10607836691298,0,1,1,0,0,1,1,0.65,0,1,0.2776734227293848,0,0.2018966446523599,0.0,12,LOW
user_0328,15,4,0,0,1,322.746684190114,36.29047367039383,21.851778954359062,0,1,1,0,0,1,1,0.65,0,1,0.2776734227293848,0,0.2018966446523599,0.0,12,LOW
user_0329,15,4,0,0,1,101.15016103965188,14.093132063535998,24.94353952832604,0,1,1,0,0,2,1,0.75,0,1,0.0934671910539906,0,0.40261253039389167,0.44399880482146026,42,MEDIUM
user_0330,13,1,0,0,1,165.66204331170977,126.88793055634557,3.9297863141334095,0,1,1,0,0,1,2,0.75,0,1,0.2193048404666994,0,0.33007420523328185,0.14068786125229182,25,LOW
user_0331,11,4,0,1,1,196.47169743851387,36.82758024251192,9.571590604921983,0,1,1,1,0,1,1,0.85,0,1,0.2332993702223167,0,0.24213381063915532,0.10695635049384,19,LOW
user_0332,14,0,2,0,0,175.29931245383872,21.60906628864509,10774.42681515276,1,1,4,0,2,1,1,1.5500000000000005,1,-1,-0.0398435368800551,1,0.9980601933947105,0.7653223742482461,90,HIGH
user_0333,11,0,0,0,1,330.5987766249293,68.02506927072896,28.47722156390761,0,1,1,0,0,1,2,0.75,0,1,0.2193048404666994,0,0.33007420523328185,0.14068786125229182,25,LOW
user_0334,16,1,0,0,1,315.46061867119226,59.70312232066699,7.107991294392287,0,1,1,0,0,1,2,0.75,0,1,0.2193048404666994,0,0.33007420523328185,0.14068786125229182,25,LOW
user_0335,13,4,0,0,1,275.5219085636769,42.12655001238607,32.18021532681312,0,1,1,0,0,1,1,0.65,0,1,0.2776734227293848,0,0.2018966446523599,0.0,12,LOW
user_0336,11,1,2,2,0,201.7317559513479,20.735338830662947,7254.942213985494,1,1,4,2,2,1,1,1.9500000000000004,1,-1,-0.0871671985207315,1,1.0,0.8793882721124506,95,HIGH
user_0337,13,0,1,0,1,320.1031120076482,323.72328851496223,4.2393985670002365,0,1,1,0,1,1,3,1.0,0,1,0.0520534259176199,0,0.4862092838962424,0.543819869811855,51,MEDIUM
user_0338,5,0,0,2,1,144.71220444026736,9.963774098723006,15.202612318478678,1,3,1,2,0,1,1,1.5500000000000005,0,1,0.0178213557717713,0,0.9935488642050614,0.6263306409898065,85,HIGH
user_0339,12,4,0,0,1,368.5189584088762,7.221334924746688,15.306763431912929,0,1,1,0,0,1,1,0.65,0,1,0.2776734227293848,0,0.2018966446523599,0.0,12,LOW
user_0340,12,3,0,0,1,198.9222121693469,50.244290110659314,13.174523904562616,0,1,1,0,0,1,2,0.75,0,1,0.2193048404666994,0,0.33007420523328185,0.14068786125229182,25,LOW
user_0341,14,1,0,0,1,224.2778866895137,21.55582365705044,19.6334144788484,0,1,1,0,0,1,1,0.65,0,1,0.2776734227293848,0,0.2018966446523599,0.0,12,LOW
user_0342,22,3,0,0,1,214.2393689703172,0.01,12.124962692141892,0,2,1,0,0,1,1,0.8999999999999999,0,1,0.190136950224284,0,0.20789731048021395,0.21099226023493423,21,LOW
user_0343,12,2,0,0,1,175.6135551540794,63.96961415974869,10.108353520926572,0,1,1,0,0,1,2,0.75,0,1,0.2193048404666994,0,0.33007420523328185,0.14068786125229182,25,LOW
user_0344,12,3,0,1,1,355.5067874362152,20.370105076875674,6.1419740175104405,0,1,1,1,0,1,1,0.85,0,1,0.2332993702223167,0,0.24213381063915532,0.10695635049384,19,LOW
user_0345,14,1,0,0,1,287.3336778470692,18.69036533166112,6.293984899989278,0,1,1,0,0,1,1,0.65,0,1,0.2776734227293848,0,0.2018966446523599,0.0,12,LOW
user_0346,9,4,0,0,1,312.92823252478723,14.301501938929777,5.21147870665165,0,1,1,0,0,1,1,0.65,0,1,0.2776734227293848,0,0.2018966446523599,0.0,12,LOW
user_0347,9,1,0,1,0,166.57984367635373,1.4956423186109569,9.681415492904232,0,1,1,1,0,1,1,0.85,1,1,0.2332993702223167,0,0.5768895551079612,0.10695635049384,39,MEDIUM
user_0348,11,3,1,0,1,250.85626962024,53.51193977574228,5.219943107225006,0,1,1,0,1,1,2,0.8999999999999999,0,1,0.1194195039721256,0,0.26547768987979625,0.3814450257597952,31,MEDIUM
user_0349,13,0,0,0,1,271.26172135988423,9.531299155394665,1.595754001535661,0,1,1,0,0,1,1,0.65,0,1,0.2776734227293848,0,0.2018966446523599,0.0,12,LOW
user_0350,18,2,0,0,1,256.2453914129906,0.01,1.1264209122036144,0,1,1,0,0,1,1,0.65,0,1,0.2776734227293848,0,0.2018966446523599,0.0,12,LOW
user_0351,18,1,0,0,1,170.37759293592,23.37623698939654,25.8325547482,0,1,1,0,0,1,1,0.65,0,1,0.2776734227293848,0,0.2018966446523599,0.0,12,LOW
user_0352,16,3,0,0,1,304.5300012678382,21.95602393325441,0.2505005669223379,0,1,1,0,0,1,1,0.65,0,1,0.2776734227293848,0,0.2018966446523599,0.0,12,LOW
user_0353,13,0,0,0,1,247.29300496710923,18.64852431968743,1.114537772683968,0,1,1,0,0,1,1,0.65,0,1,0.2776734227293848,0,0.2018966446523599,0.0,12,LOW
user_0354,13,4,0,0,1,182.70215786141983,5.005209413546495,5.893366398549769,0,1,1,0,0,1,1,0.65,0,1,0.2776734227293848,0,0.2018966446523599,0.0,12,LOW
user_0355,10,1,0,0,1,128.6849676268402,8.233643202011494,3.0506734689109645,0,1,1,0,0,1,1,0.65,0,1,0.2776734227293848,0,0.2018966446523599,0.0,12,LOW
user_0356,20,3,0,0,1,276.3999908093928,107.4941756458335,5.206216155403261,0,2,1,0,0,1,2,1.0,0,1,0.1157188029811144,0,0.21090605726134576,0.39036495643785196,28,LOW
user_0357,13,4,1,0,1,387.0273440478901,38.93803643342304,1.249368676959177,0,1,1,0,1,1,1,0.7999999999999999,0,1,0.2129135634933541,0,0.13356667006213288,0.15609298252120107,14,LOW
user_0358,14,3,0,0,1,179.08474359922312,14.140361064513222,1.4030506721523612,0,1,1,0,0,1,1,0.65,0,1,0.2776734227293848,0,0.2018966446523599,0.0,12,LOW
user_0359,11,4,0,0,1,250.226823024778,5.7014700675611145,16.127328785031512,0,1,1,0,0,1,1,0.65,0,1,0.2776734227293848,0,0.2018966446523599,0.0,12,LOW
user_0360,15,3,0,0,1,306.62983674549463,2.301358826277099,14.234096676552204,0,1,1,0,0,1,1,0.65,0,1,0.2776734227293848,0,0.2018966446523599,0.0,12,LOW
user_0361,18,1,1,0,1,163.8208640339219,27.19262501201052,1.1009712204820246,0,1,1,0,1,1,1,0.7999999999999999,0,1,0.2129135634933541,0,0.13356667006213288,0.15609298252120107,14,LOW
user_0362,13,4,1,0,1,211.2025938548985,471.89974605344537,11.019892288146789,1,1,1,0,1,1,3,1.0,0,1,0.0520534259176199,0,0.4862092838962424,0.543819869811855,51,MEDIUM
user_0363,15,1,0,0,1,188.3904732443159,3.3488839942227955,9.39844259566555,0,1,1,0,0,1,1,0.65,0,1,0.2776734227293848,0,0.2018966446523599,0.0,12,LOW
user_0364,16,3,0,1,1,299.0806016894728,28.05727678294381,12.495377046358737,0,1,1,1,0,1,1,0.85,0,1,0.2332993702223167,0,0.24213381063915532,0.10695635049384,19,LOW
user_0365,12,4,0,0,1,319.53135416124354,5.816553077309732,6.433078613508972,0,1,1,0,0,1,1,0.65,0,1,0.2776734227293848,0,0.2018966446523599,0.0,12,LOW
user_0366,14,2,0,0,1,249.5421758839041,17.783595916449663,3.146927005277612,0,1,1,0,0,1,1,0.65,0,1,0.2776734227293848,0,0.2018966446523599,0.0,12,LOW
user_0367,14,1,0,0,1,189.495955860354,9.13885531558231,10.896897214956011,0,1,1,0,0,1,1,0.65,0,1,0.2776734227293848,0,0.2018966446523599,0.0,12,LOW
user_0368,14,2,0,0,1,213.43254372432915,67.09250133743758,4.641924294587168,0,1,1,0,0,1,2,0.75,0,1,0.2193048404666994,0,0.33007420523328185,0.14068786125229182,25,LOW
user_0369,11,4,0,0,1,202.1700891451948,6.478598535769257,2.471198249584296,0,1,1,0,0,1,1,0.65,0,1,0.2776734227293848,0,0.2018966446523599,0.0,12,LOW
user_0370,14,5,1,1,1,181.3638683026196,13.614667630203158,5.253117321505104,0,1,1,1,1,1,1,1.0,0,1,0.1244119810262747,0,0.2600647053805528,0.3694114814818421,30,LOW
user_0371,15,3,2,2,1,233.87770795089213,80.15738035886015,14.408343333233091,0,1,1,2,2,1,2,1.4500000000000002,0,-1,-0.0455697868311637,1,0.26932003919503916,0.7791245573300944,47,MEDIUM
user_0372,18,3,0,0,1,274.48958906771173,423.6999310077146,6.458690094212396,0,1,1,0,0,1,3,0.8500000000000001,0,1,0.1140437691094343,0,0.29646344472155617,0.3944023499087308,34,MEDIUM
user_0373,16,5,0,0,1,269.4154466657112,25.86230314996694,3.5648105335590072,0,1,1,0,0,1,1,0.65,0,1,0.2776734227293848,0,0.2018966446523599,0.0,12,LOW
user_0374,20,0,1,0,1,239.50605812582936,9.521521401621843,17.830095506041786,0,2,1,0,1,1,1,1.05,0,1,0.1004614283124124,0,0.02209191694512681,0.4271403470204811,18,LOW
user_0375,11,1,0,0,1,243.42323020952185,2.932312687297568,21.34056178727129,0,1,1,0,0,1,1,0.65,0,1,0.2776734227293848,0,0.2018966446523599,0.0,12,LOW
user_0376,16,3,0,0,1,235.10695229461328,24.69112620886697,5.678377373189507,0,1,1,0,0,1,1,0.65,0,1,0.2776734227293848,0,0.2018966446523599,0.0,12,LOW
user_0377,14,4,0,1,0,162.1673076500236,61.93284926725385,4.695045869510894,0,1,1,1,0,1,2,0.95,1,1,0.1509357020843734,0,0.059833691066340094,0.30548041714105467,16,LOW
user_0378,20,4,0,2,1,249.60809381897235,481.467377272807,9.485529736914756,0,2,1,2,0,1,3,1.5000000000000002,0,-1,-0.0398437106992786,1,0.24409157472644313,0.7653227932108773,45,MEDIUM
user_0379,11,2,0,1,1,204.982464872721,24.599290807447307,0.5972287744665703,0,1,1,1,0,1,1,0.85,0,1,0.2332993702223167,0,0.24213381063915532,0.10695635049384,19,LOW
user_0380,11,0,0,0,1,159.15940685043375,23.469698502483087,11.75460376422726,0,1,1,0,0,1,1,0.65,0,1,0.2776734227293848,0,0.2018966446523599,0.0,12,LOW
user_0381,12,2,0,0,1,262.242334026935,401.9282039962789,15.245803779445463,0,1,1,0,0,1,3,0.8500000000000001,0,1,0.1140437691094343,0,0.29646344472155617,0.3944023499087308,34,MEDIUM
user_0382,7,1,0,0,1,203.2961978148873,23.856087749630344,5.065712319670367,1,2,1,0,0,1,1,0.8999999999999999,0,1,0.190136950224284,0,0.20789731048021395,0.21099226023493423,21,LOW
user_0383,12,1,0,0,1,253.6652352755301,7.504600239235161,1.919063646677516,0,1,1,0,0,1,1,0.65,0,1,0.2776734227293848,0,0.2018966446523599,0.0,12,LOW
user_0384,11,4,0,0,1,290.85826890416564,11.87190319940392,0.2924177889384606,0,1,1,0,0,1,1,0.65,0,1,0.2776734227293848,0,0.2018966446523599,0.0,12,LOW
user_0385,14,0,1,0,1,182.98567673128608,14.599197677506767,10.140292563116812,0,1,1,0,1,1,1,0.7999999999999999,0,1,0.2129135634933541,0,0.13356667006213288,0.15609298252120107,14,LOW
user_0386,15,4,0,0,1,245.5272769243783,49.87910612521717,3.133327996217492,0,1,1,0,0,1,1,0.65,0,1,0.2776734227293848,0,0.2018966446523599,0.0,12,LOW
user_0387,19,2,0,0,1,131.3746270961783,10.705535558521529,6.234151449485138,0,2,1,0,0,1,1,0.8999999999999999,0,1,0.190136950224284,0,0.20789731048021395,0.21099226023493423,21,LOW
user_0388,0,3,0,0,1,331.9519854365566,0.01,4.883395440358626,0,3,1,0,0,1,1,1.15,0,1,0.0815285198183811,0,0.0013513513513513514,0.47277500697029895,19,LOW
user_0389,12,0,0,1,1,158.4560101866731,6.001007437115755,1.9223226112058864,0,1,1,1,0,1,1,0.85,0,1,0.2332993702223167,0,0.24213381063915532,0.10695635049384,19,LOW
user_0390,11,1,0,0,1,209.11082025615752,7.27785652709283,7.1002616951462825,0,1,1,0,0,1,1,0.65,0,1,0.2776734227293848,0,0.2018966446523599,0.0,12,LOW
user_0391,3,0,0,2,1,320.30279422583743,26.13358106063125,6.154336869219186,1,3,1,2,0,1,1,1.5500000000000005,0,1,0.0178213557717713,0,0.9935488642050614,0.6263306409898065,85,HIGH
user_0392,10,6,0,0,1,225.92862443514085,35.91969174391402,9.785588267008157,0,1,1,0,0,1,1,0.65,0,1,0.2776734227293848,0,0.2018966446523599,0.0,12,LOW
user_0393,19,4,0,0,0,168.15613882198198,15.502863569424804,2.90198562197449,0,2,1,0,0,1,1,0.8999999999999999,1,1,0.190136950224284,0,0.04363754974933547,0.21099226023493423,11,LOW
user_0394,17,2,0,0,1,282.78439393719214,10.202954238299265,2.416118959745962,0,1,1,0,0,1,1,0.65,0,1,0.2776734227293848,0,0.2018966446523599,0.0,12,LOW
user_0395,12,1,0,0,1,281.4319477290711,60.274186449483615,16.838654881904628,0,1,1,0,0,1,2,0.75,0,1,0.2193048404666994,0,0.33007420523328185,0.14068786125229182,25,LOW
user_0396,8,5,0,0,1,202.008819638086,3.649002465688348,12.113071179834527,0,2,1,0,0,1,1,0.8999999999999999,0,1,0.190136950224284,0,0.20789731048021395,0.21099226023493423,21,LOW
user_0397,18,1,0,0,1,208.50440875317605,31.88799458796186,14.793155501065732,0,1,1,0,0,1,1,0.65,0,1,0.2776734227293848,0,0.2018966446523599,0.0,12,LOW
user_0398,13,0,0,1,1,213.8754617629148,29.293348472197767,1.315787993247787,0,1,1,1,0,1,1,0.85,0,1,0.2332993702223167,0,0.24213381063915532,0.10695635049384,19,LOW
user_0399,17,3,0,1,1,227.57856235883813,29.299353547420587,2.53653846865512,0,1,1,1,0,1,1,0.85,0,1,0.2332993702223167,0,0.24213381063915532,0.10695635049384,19,LOW
user_0400,9,5,0,0,1,126.4217353846916,68.49643488568451,8.569175191050068,0,1,1,0,0,1,2,0.75,0,1,0.2193048404666994,0,0.33007420523328185,0.14068786125229182,25,LOW
user_0401,12,0,0,0,1,229.114568332914,32.56632733760967,19.46319661004243,0,1,1,0,0,1,1,0.65,0,1,0.2776734227293848,0,0.2018966446523599,0.0,12,LOW
user_0402,14,1,0,1,1,347.03485189098893,8.97283580890907,22.266861264787178,0,1,1,1,0,1,1,0.85,0,1,0.2332993702223167,0,0.24213381063915532,0.10695635049384,19,LOW
user_0403,21,5,0,0,1,186.2418019657977,0.01,17.83255504184104,0,2,1,0,0,1,1,0.8999999999999999,0,1,0.190136950224284,0,0.20789731048021395,0.21099226023493423,21,LOW
user_0404,12,0,0,0,0,204.9903843918142,12.402981246994925,0.4436780063854596,0,1,1,0,0,1,1,0.65,1,1,0.2776734227293848,0,0.15500519134380158,0.0,9,LOW
user_0405,15,0,0,1,1,168.98294020821623,0.7823309957558651,17.19694754757638,0,1,1,1,0,1,1,0.85,0,1,0.2332993702223167,0,0.24213381063915532,0.10695635049384,19,LOW
user_0406,10,3,0,0,1,276.72971558372126,61.1932531357547,22.935379175964936,0,1,1,0,0,1,2,0.75,0,1,0.2193048404666994,0,0.33007420523328185,0.14068786125229182,25,LOW
user_0407,13,4,2,1,1,312.1918414885426,1.909950296021532,0.5842295555048251,0,1,1,1,2,1,1,1.15,0,1,0.0590725335016217,0,0.024931712964170426,0.5269014661842195,23,LOW
user_0408,14,2,0,0,1,310.8190703506575,30.082182824676423,5.38335394357937,0,1,1,0,0,1,1,0.65,0,1,0.2776734227293848,0,0.2018966446523599,0.0,12,LOW
user_0409,15,6,0,0,1,165.1193646663804,32.74824530210741,7.691869445231165,1,1,1,0,0,1,1,0.65,0,1,0.2776734227293848,0,0.2018966446523599,0.0,12,LOW
user_0410,16,3,0,1,1,6.862376129077794,538.3811768779241,2.649430714824091,1,1,1,1,0,3,3,1.25,0,-1,-0.0451238481195181,1,0.9956032697075936,0.7780496954581945,91,HIGH
user_0411,10,0,0,0,1,326.0250020528541,20.150185703375183,7.270880213600767,0,1,1,0,0,1,1,0.65,0,1,0.2776734227293848,0,0.2018966446523599,0.0,12,LOW
user_0412,9,6,0,0,1,270.5797864626074,32.29865462973611,21.711690808693383,0,1,1,0,0,1,1,0.65,0,1,0.2776734227293848,0,0.2018966446523599,0.0,12,LOW
user_0413,17,2,0,0,1,268.7045810006266,9.01431053350687,20.169739610532584,0,1,1,0,0,1,1,0.65,0,1,0.2776734227293848,0,0.2018966446523599,0.0,12,LOW
user_0414,11,1,0,1,0,211.70144528189047,102.62447812800364,28.107024084979923,0,1,1,1,0,1,2,0.95,1,1,0.1509357020843734,0,0.059833691066340094,0.30548041714105467,16,LOW
user_0415,11,3,1,0,1,253.2065894276198,10.517606050214685,6.618613237293866,0,1,1,0,1,1,1,0.7999999999999999,0,1,0.2129135634933541,0,0.13356667006213288,0.15609298252120107,14,LOW
user_0416,18,1,0,0,1,314.1790907823843,58.284512861995154,5.285941282930181,0,1,1,0,0,1,2,0.75,0,1,0.2193048404666994,0,0.33007420523328185,0.14068786125229182,25,LOW
user_0417,14,0,0,0,1,259.6925381057258,4.45968686930612,10.959792153472794,0,1,1,0,0,1,1,0.65,0,1,0.2776734227293848,0,0.2018966446523599,0.0,12,LOW
user_0418,17,0,0,0,1,165.1035146382164,9.486065383329777,5.391575038661973,0,1,1,0,0,1,1,0.65,0,1,0.2776734227293848,0,0.2018966446523599,0.0,12,LOW
user_0419,14,2,0,0,0,212.6374995428417,17.267227680233947,0.4284966969904822,0,1,1,0,0,1,1,0.65,1,1,0.2776734227293848,0,0.15500519134380158,0.0,9,LOW
user_0420,20,4,0,0,1,312.5567723333396,37.38605734969012,12.726851871908384,0,2,1,0,0,1,1,0.8999999999999999,0,1,0.190136950224284,0,0.20789731048021395,0.21099226023493423,21,LOW
user_0421,19,3,0,1,1,259.4845992210657,34.53755704766272,3.298715867161045,0,2,1,1,0,1,1,1.1,0,1,0.1083396961540713,0,0.5687783155237143,0.4081510789922207,50,MEDIUM
user_0422,13,6,1,0,1,247.1437246945846,5.915754533600718,0.5033092841783398,0,1,1,0,1,1,1,0.7999999999999999,0,1,0.2129135634933541,0,0.13356667006213288,0.15609298252120107,14,LOW
user_0423,16,1,0,0,1,206.759068005198,3.894007181607821,0.208366597809908,0,1,1,0,0,1,1,0.65,0,1,0.2776734227293848,0,0.2018966446523599,0.0,12,LOW
user_0424,15,1,0,0,1,311.3159508320661,557.8055419680047,26.788983055775027,0,1,1,0,0,1,3,0.8500000000000001,0,1,0.1140437691094343,0,0.29646344472155617,0.3944023499087308,34,MEDIUM
user_0425,18,0,0,1,1,339.74475586933545,16.5293044181613,2.904539220053489,0,1,1,1,0,1,1,0.85,0,1,0.2332993702223167,0,0.24213381063915532,0.10695635049384,19,LOW
user_0426,11,0,0,0,1,12.65124981159505,711.8230022311286,5.940246271376263,1,1,1,0,0,3,3,1.05,0,-1,-0.0182440342796388,1,1.0,0.7132603280726179,89,HIGH
user_0427,16,1,0,0,1,326.5554972867224,14.015176581456048,30.07328306388998,0,1,1,0,0,1,1,0.65,0,1,0.2776734227293848,0,0.2018966446523599,0.0,12,LOW
user_0428,17,4,0,1,1,218.47762555403,27.19849482102124,6.302042669411211,0,1,1,1,0,1,1,0.85,0,1,0.2332993702223167,0,0.24213381063915532,0.10695635049384,19,LOW
user_0429,8,5,0,0,1,209.9898541575658,13.94613767756892,0.8187114540096667,0,2,1,0,0,1,1,0.8999999999999999,0,1,0.190136950224284,0,0.20789731048021395,0.21099226023493423,21,LOW
user_0430,10,6,0,0,1,230.61928959004885,73.12206614409736,8.028193050736395,0,1,1,0,0,1,2,0.75,0,1,0.2193048404666994,0,0.33007420523328185,0.14068786125229182,25,LOW
user_0431,7,1,0,0,1,242.31439451857523,7.560380115872506,0.923331344042212,0,2,1,0,0,1,1,0.8999999999999999,0,1,0.190136950224284,0,0.20789731048021395,0.21099226023493423,21,LOW
user_0432,13,4,0,0,1,325.8611868075153,24.67937499655119,0.999174431722078,0,1,1,0,0,1,1,0.65,0,1,0.2776734227293848,0,0.2018966446523599,0.0,12,LOW
user_0433,16,1,0,0,1,309.953204368105,23.628699307939435,19.070159474869254,0,1,1,0,0,1,1,0.65,0,1,0.2776734227293848,0,0.2018966446523599,0.0,12,LOW
user_0434,18,0,0,1,1,272.30816323526966,8.267339398092833,3.416759130016876,0,1,1,1,0,1,1,0.85,0,1,0.2332993702223167,0,0.24213381063915532,0.10695635049384,19,LOW
user_0435,14,4,0,1,1,154.12879404918678,13.262430533019709,11.352872693006876,0,1,1,1,0,1,1,0.85,0,1,0.2332993702223167,0,0.24213381063915532,0.10695635049384,19,LOW
user_0436,18,3,0,0,1,138.7186893241875,11.37191039413078,7.111570598600134,0,1,1,0,0,1,1,0.65,0,1,0.2776734227293848,0,0.2018966446523599,0.0,12,LOW
user_0437,9,0,0,0,1,254.4277646881022,4.733625895116578,2.514487545650957,0,1,1,0,0,1,1,0.65,0,1,0.2776734227293848,0,0.2018966446523599,0.0,12,LOW
user_0438,8,2,2,0,0,292.815792336043,16.218460859583598,7.2943841004233505,0,2,1,0,2,1,1,1.2000000000000002,1,1,0.0458866002061858,0,0.01875,0.5586839882540799,23,LOW
user_0439,13,1,0,0,1,235.22597706083167,12.220988022826663,0.7148905854953116,0,1,1,0,0,1,1,0.65,0,1,0.2776734227293848,0,0.2018966446523599,0.0,12,LOW
user_0440,15,4,0,0,1,354.8942702987043,4.910026032046898,4.265033933875781,0,1,1,0,0,1,1,0.65,0,1,0.2776734227293848,0,0.2018966446523599,0.0,12,LOW
user_0441,13,2,0,1,1,175.05353737317387,14.940473132384213,7.398955032502265,0,1,1,1,0,1,1,0.85,0,1,0.2332993702223167,0,0.24213381063915532,0.10695635049384,19,LOW
user_0442,20,6,1,0,1,167.49888303026407,119.5339754153995,2.592816600895277,0,2,1,0,1,1,2,1.15,0,1,0.0482891388139982,0,0.06259772921450295,0.5528930643493671,26,LOW
user_0443,13,0,0,0,0,200.14314153154075,3.520826127733,10.793631385750077,0,1,1,0,0,1,1,0.65,1,1,0.2776734227293848,0,0.15500519134380158,0.0,9,LOW
user_0444,10,1,0,0,1,197.86216720852585,3.515699762307588,0.5320240156964853,0,1,1,0,0,1,1,0.65,0,1,0.2776734227293848,0,0.2018966446523599,0.0,12,LOW
user_0445,16,2,0,0,1,271.57715212091875,26.0681398170361,6.632193160819497,0,1,1,0,0,1,1,0.65,0,1,0.2776734227293848,0,0.2018966446523599,0.0,12,LOW
user_0446,15,2,0,0,1,214.69728888938985,30.65382479544666,12.552512963296504,0,1,1,0,0,1,1,0.65,0,1,0.2776734227293848,0,0.2018966446523599,0.0,12,LOW
user_0447,11,1,0,0,1,147.12957232328029,518.7513549225032,5.620242892218293,0,1,1,0,0,1,3,0.8500000000000001,0,1,0.1140437691094343,0,0.29646344472155617,0.3944023499087308,34,MEDIUM
user_0448,12,4,0,0,1,293.494707401707,2.27561339541712,20.761383258607047,0,1,1,0,0,1,1,0.65,0,1,0.2776734227293848,0,0.2018966446523599,0.0,12,LOW
user_0449,10,4,1,0,1,134.4028844356722,3.135154929616164,10.00196340143905,0,1,1,0,1,1,1,0.7999999999999999,0,1,0.2129135634933541,0,0.13356667006213288,0.15609298252120107,14,LOW
user_0450,13,5,1,0,1,175.72690661935746,1.3302236879956344,31.818911689328115,0,1,1,0,1,1,1,0.7999999999999999,0,1,0.2129135634933541,0,0.13356667006213288,0.15609298252120107,14,LOW
user_0451,2,4,0,2,1,142.63760575536787,18.99438005329992,3.3424525606916164,1,3,1,2,0,1,1,1.5500000000000005,0,1,0.0178213557717713,0,0.9935488642050614,0.6263306409898065,85,HIGH
user_0452,11,4,0,1,1,252.4272766242524,24.370955166914392,27.934337722192183,0,1,1,1,0,1,1,0.85,0,1,0.2332993702223167,0,0.24213381063915532,0.10695635049384,19,LOW
user_0453,15,3,0,2,1,251.1628627290727,12.917883852834525,9.334943437473548,0,1,1,2,0,1,1,1.05,0,1,0.1541262400811022,0,0.4301355521591885,0.2977901503981718,38,MEDIUM
user_0454,12,4,0,0,1,354.9872592609812,39.97509110124333,13.671935455787189,0,1,1,0,0,1,1,0.65,0,1,0.2776734227293848,0,0.2018966446523599,0.0,12,LOW
user_0455,11,1,0,0,1,294.829599368733,29.01480702115577,23.244332047109843,0,1,1,0,0,1,1,0.65,0,1,0.2776734227293848,0,0.2018966446523599,0.0,12,LOW
user_0456,22,2,2,2,1,326.49877100053203,39.7927269099591,8.011716591779072,0,2,1,2,2,1,1,1.6000000000000003,0,-1,-0.0315680296213147,1,0.2480026016431047,0.7453756259827103,45,MEDIUM
user_0457,10,1,0,0,1,257.3165790779096,3.709454665507652,19.818125393303987,0,1,1,0,0,1,1,0.65,0,1,0.2776734227293848,0,0.2018966446523599,0.0,12,LOW
user_0458,12,2,0,0,1,181.3840907345662,1.5021290178912798,7.802246097412756,0,1,1,0,0,1,1,0.65,0,1,0.2776734227293848,0,0.2018966446523599,0.0,12,LOW
user_0459,10,1,1,0,1,247.68645611960977,8.032822745877693,9.142900536093672,0,1,1,0,1,1,1,0.7999999999999999,0,1,0.2129135634933541,0,0.13356667006213288,0.15609298252120107,14,LOW
user_0460,7,6,0,0,0,275.5452604432384,27.814614119477067,5.889647898341356,0,2,1,0,0,1,1,0.8999999999999999,1,1,0.190136950224284,0,0.04363754974933547,0.21099226023493423,11,LOW
user_0461,14,1,0,0,1,282.2284429350945,67.43199570888035,1.574009333299147,0,1,1,0,0,1,2,0.75,0,1,0.2193048404666994,0,0.33007420523328185,0.14068786125229182,25,LOW
user_0462,11,0,0,0,1,211.65527135349947,9.058404128796834,8.063231202346179,0,1,1,0,0,1,1,0.65,0,1,0.2776734227293848,0,0.2018966446523599,0.0,12,LOW
user_0463,14,2,0,1,1,269.327188426944,20.09806754953906,37.9194173567745,0,1,1,1,0,1,1,0.85,0,1,0.2332993702223167,0,0.24213381063915532,0.10695635049384,19,LOW
user_0464,13,0,0,0,1,184.0183217495241,9.57069318366398,15.473367141512606,0,1,1,0,0,1,1,0.65,0,1,0.2776734227293848,0,0.2018966446523599,0.0,12,LOW
user_0465,13,0,0,0,1,177.40334435335697,7.05272815473284,13.763380293082388,0,1,1,0,0,1,1,0.65,0,1,0.2776734227293848,0,0.2018966446523599,0.0,12,LOW
user_0466,17,1,0,1,1,173.0529173168709,0.01,10.308848651657891,0,1,1,1,0,1,1,0.85,0,1,0.2332993702223167,0,0.24213381063915532,0.10695635049384,19,LOW
user_0467,16,2,2,0,1,241.47755931340785,9.65501859451475,4.27570655525976,0,1,1,0,2,1,1,0.95,0,1,0.1483955927109178,0,0.007188301157192252,0.31160293273497597,13,LOW
user_0468,12,2,2,1,1,169.32981869542178,23.890016701710685,1.8586606452016696,0,1,1,1,2,1,1,1.15,0,1,0.0590725335016217,0,0.024931712964170426,0.5269014661842195,23,LOW
user_0469,12,4,0,2,1,214.5153366077396,89.0528220107885,2.5431383841525133,0,1,1,2,0,1,2,1.15,0,1,0.0682545724467911,0,0.5708054293276346,0.5047696724853863,54,MEDIUM
user_0470,13,4,0,0,0,294.17499308483747,20.41634136783409,0.0634215858096156,0,1,1,0,0,1,1,0.65,1,1,0.2776734227293848,0,0.15500519134380158,0.0,9,LOW
user_0471,7,2,0,2,1,178.25221931530172,19.020080762225184,11.19265365442918,0,2,1,2,0,1,1,1.3000000000000005,0,1,0.0461621116072437,0,0.06294630480760484,0.5580199133654522,26,LOW
user_0472,9,1,0,0,1,209.7412779897409,0.8974943103911054,16.706622438714618,0,1,1,0,0,1,1,0.65,0,1,0.2776734227293848,0,0.2018966446523599,0.0,12,LOW
user_0473,18,1,0,0,1,244.29787660657016,45.83001258092008,3.132205559941528,0,1,1,0,0,1,1,0.65,0,1,0.2776734227293848,0,0.2018966446523599,0.0,12,LOW
user_0474,18,4,2,0,0,254.813214091936,1.146946320385426,0.9634615585094692,0,1,1,0,2,1,1,0.95,1,1,0.1483955927109178,0,0.0018309859154929577,0.31160293273497597,13,LOW
user_0475,13,0,1,0,1,210.0425645516664,59.17336389436797,4.090621715236328,0,1,1,0,1,1,2,0.8999999999999999,0,1,0.1194195039721256,0,0.26547768987979625,0.3814450257597952,31,MEDIUM
user_0476,15,0,0,1,1,287.21160412410944,19.341134922534003,3.453835458399635,0,1,1,1,0,1,1,0.85,0,1,0.2332993702223167,0,0.24213381063915532,0.10695635049384,19,LOW
user_0477,4,4,0,0,0,275.4271380470835,192.49685726819047,5.994316547730004,0,3,1,0,0,1,2,1.25,1,1,0.0406781887288436,0,0.04705808080808081,0.5712380069206875,26,LOW
user_0478,23,2,0,0,1,308.3913962617022,15.023654458635267,3.0666383062979623,0,3,1,0,0,1,1,1.15,0,1,0.0815285198183811,0,0.0013513513513513514,0.47277500697029895,19,LOW
user_0479,17,0,0,0,1,235.1038845391764,132.38045775568057,4.151105340472795,0,1,1,0,0,1,2,0.75,0,1,0.2193048404666994,0,0.33007420523328185,0.14068786125229182,25,LOW
user_0480,13,1,0,0,1,209.23087143261927,9.0990663024461,23.811390190698788,0,1,1,0,0,1,1,0.65,0,1,0.2776734227293848,0,0.2018966446523599,0.0,12,LOW
user_0481,11,5,0,0,1,199.04207867927263,7.849274386310532,4.077206793318497,0,1,1,0,0,1,1,0.65,0,1,0.2776734227293848,0,0.2018966446523599,0.0,12,LOW
user_0482,9,4,0,0,1,258.42165107576176,3.1392476679835988,15.395296780924374,0,1,1,0,0,1,1,0.65,0,1,0.2776734227293848,0,0.2018966446523599,0.0,12,LOW
user_0483,14,3,0,1,1,217.37065303132363,22.72930005598438,9.830549285896662,0,1,1,1,0,1,1,0.85,0,1,0.2332993702223167,0,0.24213381063915532,0.10695635049384,19,LOW
user_0484,11,2,1,0,0,205.84981333915263,2.3365397104522407,4.1179199918683205,0,1,1,0,1,1,1,0.7999999999999999,1,1,0.2129135634933541,0,0.04680970107273437,0.15609298252120107,9,LOW
user_0485,9,2,0,0,1,213.10276414528067,36.31171562298509,17.025859152206916,0,1,1,0,0,1,1,0.65,0,1,0.2776734227293848,0,0.2018966446523599,0.0,12,LOW
user_0486,12,6,0,0,1,198.9785708925449,62.90173436879668,9.04056055680758,0,1,1,0,0,1,2,0.75,0,1,0.2193048404666994,0,0.33007420523328185,0.14068786125229182,25,LOW
user_0487,10,6,0,0,1,251.9412667657639,481.7458022222753,0.0865608362744209,0,1,1,0,0,1,3,0.8500000000000001,0,1,0.1140437691094343,0,0.29646344472155617,0.3944023499087308,34,MEDIUM
user_0488,19,1,0,0,1,155.24500904735635,2.85488159751314,0.7120410185483372,0,2,1,0,0,1,1,0.8999999999999999,0,1,0.190136950224284,0,0.20789731048021395,0.21099226023493423,21,LOW
user_0489,16,4,0,0,1,258.18097754849776,20.42599212792507,13.96908732586602,0,1,1,0,0,1,1,0.65,0,1,0.2776734227293848,0,0.2018966446523599,0.0,12,LOW
user_0490,13,1,0,0,1,280.59292562417704,2.55385971124768,5.915437351131814,0,1,1,0,0,1,1,0.65,0,1,0.2776734227293848,0,0.2018966446523599,0.0,12,LOW
user_0491,21,1,1,0,1,205.1472517093621,0.01,5.200476693182505,0,2,1,0,1,1,1,1.05,0,1,0.1004614283124124,0,0.02209191694512681,0.4271403470204811,18,LOW
user_0492,14,3,0,0,1,355.3222163763928,42.18236286492647,1.5762174523922214,0,1,1,0,0,1,1,0.65,0,1,0.2776734227293848,0,0.2018966446523599,0.0,12,LOW
user_0493,11,2,0,0,1,241.0572786586112,19.293407421665112,1.7116632119304116,0,1,1,0,0,1,1,0.65,0,1,0.2776734227293848,0,0.2018966446523599,0.0,12,LOW
user_0494,18,5,2,0,0,146.31942101400668,51.40364049907018,5280.484616192567,1,1,4,0,2,1,2,1.65,1,-1,-0.0795610185938726,1,1.0,0.8610548272226302,94,HIGH
user_0495,1,0,0,0,1,223.12542561979976,95.1728248012972,17.661919261046943,0,3,1,0,0,1,2,1.25,0,1,0.0406781887288436,0,0.004507732605558692,0.5712380069206875,23,LOW
user_0496,6,2,0,0,1,243.7593686961478,0.01,8.20986326265431,0,2,1,0,0,1,1,0.8999999999999999,0,1,0.190136950224284,0,0.20789731048021395,0.21099226023493423,21,LOW
user_0497,13,5,1,1,1,266.93805333421284,24.86321879458309,3.4973878310949944,0,1,1,1,1,1,1,1.0,0,1,0.1244119810262747,0,0.2600647053805528,0.3694114814818421,30,LOW
user_0498,3,5,0,0,1,224.5541685533492,154.35740178428907,26.98607177142529,0,3,1,0,0,1,2,1.25,0,1,0.0406781887288436,0,0.004507732605558692,0.5712380069206875,23,LOW
user_0499,9,0,0,0,1,179.30578345773654,12.606262017050444,9.780661166454388,0,1,1,0,0,1,1,0.65,0,1,0.2776734227293848,0,0.2018966446523599,0.0,12,LOW
user_0500,16,2,0,0,1,174.30116291326303,6.793911285318324,15.927878937618472,0,1,1,0,0,1,1,0.65,0,1,0.2776734227293848,0,0.2018966446523599,0.0,12,LOW
user_0501,19,3,0,0,1,200.7840428890997,190.88014881025325,0.032883208941032,0,2,1,0,0,1,2,1.0,0,1,0.1157188029811144,0,0.21090605726134576,0.39036495643785196,28,LOW
user_0502,9,0,0,0,1,206.53347824887425,12.996197211827992,5.984182621559571,0,1,1,0,0,1,1,0.65,0,1,0.2776734227293848,0,0.2018966446523599,0.0,12,LOW
user_0503,15,6,0,1,1,171.90155010604457,26.53756826442618,20.475482727957413,0,1,1,1,0,1,1,0.85,0,1,0.2332993702223167,0,0.24213381063915532,0.10695635049384,19,LOW
user_0504,12,5,0,1,1,196.0312103337781,32.9174919678066,4.128421767398492,0,1,1,1,0,1,1,0.85,0,1,0.2332993702223167,0,0.24213381063915532,0.10695635049384,19,LOW
user_0505,12,0,0,1,1,279.5675114663613,37.09354984621637,12.96640792991928,1,1,1,1,0,1,1,0.85,0,1,0.2332993702223167,0,0.24213381063915532,0.10695635049384,19,LOW
user_0506,12,0,1,1,1,338.9047564616692,33.27387482016878,10.719941899296622,0,1,1,1,1,1,1,1.0,0,1,0.1244119810262747,0,0.2600647053805528,0.3694114814818421,30,LOW
user_0507,11,0,0,0,1,285.3277028322578,8.532875735464883,1.65132183844259,0,1,1,0,0,1,1,0.65,0,1,0.2776734227293848,0,0.2018966446523599,0.0,12,LOW
user_0508,14,5,2,0,1,11.685945134616812,923.1890239529469,14.91227533676922,1,1,1,0,2,3,3,1.35,0,-1,-0.0711451365419361,1,0.9899669497169497,0.8407697286209561,93,HIGH
user_0509,11,1,0,0,1,298.44710809402187,19.907724116807245,1.1937694435612316,0,1,1,0,0,1,1,0.65,0,1,0.2776734227293848,0,0.2018966446523599,0.0,12,LOW
user_0510,14,2,1,1,1,289.98781970390064,22.74359678508809,13.016374411205405,0,1,1,1,1,1,1,1.0,0,1,0.1244119810262747,0,0.2600647053805528,0.3694114814818421,30,LOW
user_0511,3,2,0,2,1,219.7322242165603,0.0203737322434653,47.07018740152193,1,3,1,2,0,1,1,1.5500000000000005,0,1,0.0178213557717713,0,0.9935488642050614,0.6263306409898065,85,HIGH
user_0512,13,3,0,0,1,248.4546527032168,7.468831679702173,31.696436586761223,0,1,1,0,0,1,1,0.65,0,1,0.2776734227293848,0,0.2018966446523599,0.0,12,LOW
user_0513,11,0,2,0,1,214.7628394526387,66.72687859566085,16.106473588046196,0,1,1,0,2,1,2,1.05,0,1,0.0515919801040551,0,0.01030309988802873,0.5449321090007749,22,LOW
user_0514,12,1,0,1,0,226.8535702599824,8.564936856857594,7.646806141786895,0,1,1,1,0,1,1,0.85,1,1,0.2332993702223167,0,0.5768895551079612,0.10695635049384,39,MEDIUM
user_0515,16,5,1,0,0,244.0900260231952,14.407026228279038,11.233904755686336,0,1,1,0,1,1,1,0.7999999999999999,1,1,0.2129135634933541,0,0.04680970107273437,0.15609298252120107,9,LOW
user_0516,15,5,1,0,1,282.8139690947416,5.165581097660257,13.023517860180435,0,1,1,0,1,1,1,0.7999999999999999,0,1,0.2129135634933541,0,0.13356667006213288,0.15609298252120107,14,LOW
user_0517,11,4,0,2,1,265.3994028909074,3.72998172184252,0.0843701601292317,0,1,1,2,0,1,1,1.05,0,1,0.1541262400811022,0,0.4301355521591885,0.2977901503981718,38,MEDIUM
user_0518,14,0,0,0,1,230.29024421913863,5.850972536596289,1.0799311229362685,0,1,1,0,0,1,1,0.65,0,1,0.2776734227293848,0,0.2018966446523599,0.0,12,LOW
user_0519,4,1,0,2,1,243.3323244535,20.166147424585976,9.089654575255375,1,3,1,2,0,1,1,1.5500000000000005,0,1,0.0178213557717713,0,0.9935488642050614,0.6263306409898065,85,HIGH
user_0520,8,3,0,0,1,266.0078204516116,62.84149769373031,0.0655598371732786,0,2,1,0,0,1,2,1.0,0,1,0.1157188029811144,0,0.21090605726134576,0.39036495643785196,28,LOW
user_0521,15,1,0,0,1,280.0436662834701,9.870518271950685,23.958595048892025,0,1,1,0,0,1,1,0.65,0,1,0.2776734227293848,0,0.2018966446523599,0.0,12,LOW
user_0522,12,5,0,1,1,148.86029020456783,9.767169397350806,6.726834252395734,0,1,1,1,0,1,1,0.85,0,1,0.2332993702223167,0,0.24213381063915532,0.10695635049384,19,LOW
user_0523,15,3,0,0,1,175.35666216606378,20.76088836546352,2.9809217079672323,0,1,1,0,0,1,1,0.65,0,1,0.2776734227293848,0,0.2018966446523599,0.0,12,LOW
user_0524,11,0,1,0,1,306.43863203636056,11.030262669248124,5.005802367722385,0,1,1,0,1,1,1,0.7999999999999999,0,1,0.2129135634933541,0,0.13356667006213288,0.15609298252120107,14,LOW
user_0525,8,5,0,0,1,236.3478258041365,60.3144770501743,19.02309498079847,0,2,1,0,0,1,2,1.0,0,1,0.1157188029811144,0,0.21090605726134576,0.39036495643785196,28,LOW
user_0526,9,6,0,0,1,214.55540439798128,11.864272791169093,26.19941440714648,0,1,1,0,0,1,1,0.65,0,1,0.2776734227293848,0,0.2018966446523599,0.0,12,LOW
user_0527,14,0,1,0,1,224.1900316244377,16.85530228172349,1.2356406669916062,0,1,1,0,1,1,1,0.7999999999999999,0,1,0.2129135634933541,0,0.13356667006213288,0.15609298252120107,14,LOW
user_0528,14,2,0,0,1,224.1776816654068,19.05649883642732,15.049005883055637,0,1,1,0,0,1,1,0.65,0,1,0.2776734227293848,0,0.2018966446523599,0.0,12,LOW
user_0529,11,1,0,0,1,7.875610890007261,1943.0239654801903,8.63288304650846,1,1,1,0,0,3,4,1.15,0,-1,-0.0665595353490385,1,1.0,0.8297168916429857,93,HIGH
user_0530,16,2,0,1,1,173.51901636115397,0.01,8.806889574192363,0,1,1,1,0,1,1,0.85,0,1,0.2332993702223167,0,0.24213381063915532,0.10695635049384,19,LOW
user_0531,9,0,0,0,1,241.48666478980567,6.833143821540441,15.116404734061769,0,1,1,0,0,1,1,0.65,0,1,0.2776734227293848,0,0.2018966446523599,0.0,12,LOW
user_0532,13,3,0,0,1,254.76706376702424,3.3093645961146905,2.521150602831343,0,1,1,0,0,1,1,0.65,0,1,0.2776734227293848,0,0.2018966446523599,0.0,12,LOW
user_0533,10,6,0,0,1,263.7760749939302,69.42477864310764,7.572483956763119,0,1,1,0,0,1,2,0.75,0,1,0.2193048404666994,0,0.33007420523328185,0.14068786125229182,25,LOW
user_0534,12,2,2,0,1,253.3718397726176,40.43208956419376,3.84710897609175,0,1,1,0,2,1,1,0.95,0,1,0.1483955927109178,0,0.007188301157192252,0.31160293273497597,13,LOW
user_0535,14,0,0,1,1,270.9543738188417,0.5808254715470468,0.9928163507740684,0,1,1,1,0,1,1,0.85,0,1,0.2332993702223167,0,0.24213381063915532,0.10695635049384,19,LOW
user_0536,11,3,0,0,1,205.63823093650123,43.08322670274434,1.1102033063224714,0,1,1,0,0,1,1,0.65,0,1,0.2776734227293848,0,0.2018966446523599,0.0,12,LOW
user_0537,18,1,0,1,1,183.49183606050264,0.01,1.4672834271148327,0,1,1,1,0,1,1,0.85,0,1,0.2332993702223167,0,0.24213381063915532,0.10695635049384,19,LOW
user_0538,5,4,0,0,1,387.42026659503085,0.01,9.542518458082943,0,3,1,0,0,1,1,1.15,0,1,0.0815285198183811,0,0.0013513513513513514,0.47277500697029895,19,LOW
user_0539,12,2,1,0,1,221.92411892554583,0.3076142679050162,1.1185958714293909,0,1,1,0,1,1,1,0.7999999999999999,0,1,0.2129135634933541,0,0.13356667006213288,0.15609298252120107,14,LOW
user_0540,4,1,0,2,1,228.93273176072591,37.95157486615747,8.442115938547484,1,3,1,2,0,1,1,1.5500000000000005,0,1,0.0178213557717713,0,0.9935488642050614,0.6263306409898065,85,HIGH
user_0541,10,1,0,0,1,280.6704058630731,5.518193488507358,8.874532041964931,0,1,1,0,0,1,1,0.65,0,1,0.2776734227293848,0,0.2018966446523599,0.0,12,LOW
user_0542,15,4,0,0,1,10.807305288922068,1434.484733159316,23.42329648596495,1,1,1,0,0,3,4,1.15,0,-1,-0.0665595353490385,1,1.0,0.8297168916429857,93,HIGH
user_0543,18,1,1,0,1,207.32831298391824,0.3998873984893775,9.845069309211585,0,1,1,0,1,1,1,0.7999999999999999,0,1,0.2129135634933541,0,0.13356667006213288,0.15609298252120107,14,LOW
user_0544,6,4,0,0,1,180.07108390862845,39.784259157902426,42.39683045462076,0,2,1,0,0,1,1,0.8999999999999999,0,1,0.190136950224284,0,0.20789731048021395,0.21099226023493423,21,LOW
user_0545,11,1,0,1,1,165.4707989525034,373.6468191466322,0.3148300968088991,0,1,1,1,0,1,3,1.05,0,1,0.0596166766321488,0,0.07429146882479426,0.5255898987230732,25,LOW
user_0546,15,1,0,0,1,335.5863732901755,6.726183043101789,12.17889651452618,0,1,1,0,0,1,1,0.65,0,1,0.2776734227293848,0,0.2018966446523599,0.0,12,LOW
user_0547,5,2,0,0,1,177.71358081233797,0.01,0.2683699012970227,0,3,1,0,0,1,1,1.15,0,1,0.0815285198183811,0,0.0013513513513513514,0.47277500697029895,19,LOW
user_0548,3,5,0,2,1,238.346643809066,4.284796743852219,13.070307059047606,1,3,1,2,0,1,1,1.5500000000000005,0,1,0.0178213557717713,0,0.9935488642050614,0.6263306409898065,85,HIGH
user_0549,12,5,0,0,1,181.36291007742187,16.399088337526795,4.875164216370582,0,1,1,0,0,1,1,0.65,0,1,0.2776734227293848,0,0.2018966446523599,0.0,12,LOW
user_0550,14,1,0,2,1,153.09864492250176,8.340984909203904,9.449674191794228,0,1,1,2,0,1,1,1.05,0,1,0.1541262400811022,0,0.4301355521591885,0.2977901503981718,38,MEDIUM
user_0551,13,1,0,0,1,222.45747881437885,125.09636733758134,3.703944446381724,0,1,1,0,0,1,2,0.75,0,1,0.2193048404666994,0,0.33007420523328185,0.14068786125229182,25,LOW
user_0552,17,0,0,0,1,183.7328000195304,21.68565672385209,1.732885247318778,0,1,1,0,0,1,1,0.65,0,1,0.2776734227293848,0,0.2018966446523599,0.0,12,LOW
user_0553,14,2,0,0,1,198.50229447460123,20.89530826981024,12.855897324235778,0,1,1,0,0,1,1,0.65,0,1,0.2776734227293848,0,0.2018966446523599,0.0,12,LOW
user_0554,15,2,0,0,1,360.3663058450442,6.239422291658089,23.49890353015443,0,1,1,0,0,1,1,0.65,0,1,0.2776734227293848,0,0.2018966446523599,0.0,12,LOW
user_0555,12,5,0,0,1,265.4937662503441,13.1353478796672,2.028293437456172,0,1,1,0,0,1,1,0.65,0,1,0.2776734227293848,0,0.2018966446523599,0.0,12,LOW
user_0556,12,5,0,0,1,295.88817117323936,3.3091016941913782,25.34554997256772,0,1,1,0,0,1,1,0.65,0,1,0.2776734227293848,0,0.2018966446523599,0.0,12,LOW
user_0557,12,2,0,1,1,289.4795737709552,35.9427707615803,1.5103466704682007,0,1,1,1,0,1,1,0.85,0,1,0.2332993702223167,0,0.24213381063915532,0.10695635049384,19,LOW
user_0558,15,2,0,0,1,233.9483446152585,10.055232082321265,13.305262473753892,0,1,1,0,0,1,1,0.65,0,1,0.2776734227293848,0,0.2018966446523599,0.0,12,LOW
user_0559,12,4,0,0,1,213.61689843734257,34.85471934326522,32.05100101825123,0,1,1,0,0,1,1,0.65,0,1,0.2776734227293848,0,0.2018966446523599,0.0,12,LOW
user_0560,14,4,0,0,1,254.936076711667,11.618278827394263,1.5943062294266883,0,1,1,0,0,1,1,0.65,0,1,0.2776734227293848,0,0.2018966446523599,0.0,12,LOW
user_0561,20,0,1,0,0,250.1070461959497,112.20077308182744,5.710889353254433,0,2,1,0,1,1,2,1.15,1,1,0.0482891388139982,0,0.025909840495247537,0.5528930643493671,24,LOW
user_0562,16,1,0,1,1,205.8716749700816,4.692046105129748,4.116705456088249,0,1,1,1,0,1,1,0.85,0,1,0.2332993702223167,0,0.24213381063915532,0.10695635049384,19,LOW
user_0563,15,2,0,1,1,247.79086982801164,176.05087283925735,4.918039388816887,0,1,1,1,0,1,2,0.95,0,1,0.1509357020843734,0,0.04950631867309361,0.30548041714105467,15,LOW
user_0564,17,1,0,0,1,197.6202175982225,22.58593856495621,13.989328479212942,0,1,1,0,0,1,1,0.65,0,1,0.2776734227293848,0,0.2018966446523599,0.0,12,LOW
user_0565,12,1,2,0,1,229.7125241615496,76.41531074707872,10.823126501367147,0,1,1,0,2,1,2,1.05,0,1,0.0515919801040551,0,0.01030309988802873,0.5449321090007749,22,LOW
user_0566,7,0,0,0,1,219.8829915289598,26.03600909549275,34.6372079729949,0,2,1,0,0,1,1,0.8999999999999999,0,1,0.190136950224284,0,0.20789731048021395,0.21099226023493423,21,LOW
user_0567,10,3,0,0,1,163.86764444365326,2.240556543663644,2.0515568656227643,0,1,1,0,0,1,1,0.65,0,1,0.2776734227293848,0,0.2018966446523599,0.0,12,LOW
user_0568,8,1,0,0,1,98.9305072132698,19.43934112198749,7.8364288110817295,0,2,1,0,0,2,1,1.0,0,1,0.0618751271830673,0,0.061783675212844294,0.5201462753655137,25,LOW
user_0569,12,0,0,2,1,183.65620500361808,60.05652716561758,5.9624943509426345,0,1,1,2,0,1,2,1.15,0,1,0.0682545724467911,0,0.5708054293276346,0.5047696724853863,54,MEDIUM
user_0570,14,1,0,0,1,348.24627987517806,0.1631831147048723,25.115312672852387,0,1,1,0,0,1,1,0.65,0,1,0.2776734227293848,0,0.2018966446523599,0.0,12,LOW
user_0571,19,4,0,0,1,221.4190930777964,4.565406390468663,0.1067601890278784,0,2,1,0,0,1,1,0.8999999999999999,0,1,0.190136950224284,0,0.20789731048021395,0.21099226023493423,21,LOW
user_0572,14,4,0,1,1,286.55808965378424,42.12580727083638,45.25472223925803,0,1,1,1,0,1,1,0.85,0,1,0.2332993702223167,0,0.24213381063915532,0.10695635049384,19,LOW
user_0573,13,2,0,0,1,112.5332914143985,56.08600539001464,6.534156639899621,0,1,1,0,0,2,2,0.8500000000000001,0,1,0.0879604175892453,0,0.09335914768687309,0.4572719759543348,24,LOW
user_0574,16,2,1,2,1,179.50283592214032,30.7032753592012,9.82269348741591,0,1,1,2,1,1,1,1.2000000000000002,0,1,0.0547880072036045,0,0.4121174521254879,0.5372286116789389,46,MEDIUM
user_0575,7,6,0,0,1,158.73062295825898,119.36980897916484,4.463692244467542,1,2,1,0,0,1,2,1.0,0,1,0.1157188029811144,0,0.21090605726134576,0.39036495643785196,28,LOW
user_0576,14,1,0,1,1,227.8619993947731,2.3636998221952275,19.14107931045539,0,1,1,1,0,1,1,0.85,0,1,0.2332993702223167,0,0.24213381063915532,0.10695635049384,19,LOW
user_0577,16,1,1,0,1,385.3173288321146,19.723645361974828,8.255088464236595,0,1,1,0,1,1,1,0.7999999999999999,0,1,0.2129135634933541,0,0.13356667006213288,0.15609298252120107,14,LOW
user_0578,9,1,1,0,1,267.6143365936751,28.879147169927897,10.871114859123068,0,1,1,0,1,1,1,0.7999999999999999,0,1,0.2129135634933541,0,0.13356667006213288,0.15609298252120107,14,LOW
user_0579,17,0,2,0,1,341.7367519966852,398.05961458263465,10.466976053555804,0,1,1,0,2,1,3,1.15,0,1,0.0057788241369982,0,0.10169334419705707,0.6553571815375012,32,MEDIUM
user_0580,15,2,1,0,1,224.7337963388602,39.43450918477415,4.525286341145005,0,1,1,0,1,1,1,0.7999999999999999,0,1,0.2129135634933541,0,0.13356667006213288,0.15609298252120107,14,LOW
user_0581,12,5,2,0,1,321.8921624313043,62.41214933335322,0.7903346258989832,0,1,1,0,2,1,2,1.05,0,1,0.0515919801040551,0,0.01030309988802873,0.5449321090007749,22,LOW
user_0582,15,3,0,2,1,364.3954024009735,11.22137890083607,16.487310038956885,0,1,1,2,0,1,1,1.05,0,1,0.1541262400811022,0,0.4301355521591885,0.2977901503981718,38,MEDIUM
user_0583,20,2,0,1,1,233.4378560153725,487.22509500553065,3.4209027514606234,0,2,1,1,0,1,3,1.2999999999999998,0,-1,-0.010353334361891,1,0.2314679369928652,0.6942410945710142,42,MEDIUM
user_0584,14,5,0,0,1,207.6441173263581,11.252747289014003,18.90013485823917,0,1,1,0,0,1,1,0.65,0,1,0.2776734227293848,0,0.2018966446523599,0.0,12,LOW
user_0585,14,0,0,0,1,160.93134378059085,27.8391964479386,9.381351145515843,0,1,1,0,0,1,1,0.65,0,1,0.2776734227293848,0,0.2018966446523599,0.0,12,LOW
user_0586,12,1,0,0,1,221.45638448538185,6.002668125683358,4.364976109738446,0,1,1,0,0,1,1,0.65,0,1,0.2776734227293848,0,0.2018966446523599,0.0,12,LOW
user_0587,11,3,2,0,1,244.91380051204743,41.51472141841479,9.020110460529674,0,1,1,0,2,1,1,0.95,0,1,0.1483955927109178,0,0.007188301157192252,0.31160293273497597,13,LOW
user_0588,16,3,0,0,1,10.578691793547796,1257.6066900872838,10.370263192913544,1,1,1,0,0,3,4,1.15,0,-1,-0.0665595353490385,1,1.0,0.8297168916429857,93,HIGH
user_0589,11,0,1,1,1,162.3015615542348,0.2528595178146385,12.265027337112224,0,1,1,1,1,1,1,1.0,0,1,0.1244119810262747,0,0.2600647053805528,0.3694114814818421,30,LOW
user_0590,14,2,0,0,0,243.57971362181868,17.736018780480954,17.278731673415017,0,1,1,0,0,1,1,0.65,1,1,0.2776734227293848,0,0.15500519134380158,0.0,9,LOW
user_0591,12,3,0,0,1,131.14151271662297,32.40782900598295,1.7406169423651074,0,1,1,0,0,1,1,0.65,0,1,0.2776734227293848,0,0.2018966446523599,0.0,12,LOW
user_0592,15,3,0,0,1,214.39423026968592,10.75632028237214,28.84985217224833,0,1,1,0,0,1,1,0.65,0,1,0.2776734227293848,0,0.2018966446523599,0.0,12,LOW
user_0593,15,3,0,0,1,258.6837214447212,34.54718211774885,5.29058528248688,0,1,1,0,0,1,1,0.65,0,1,0.2776734227293848,0,0.2018966446523599,0.0,12,LOW
user_0594,17,1,0,0,1,270.75498916131346,14.424328593806326,19.69334457134498,0,1,1,0,0,1,1,0.65,0,1,0.2776734227293848,0,0.2018966446523599,0.0,12,LOW
user_0595,14,0,0,0,1,275.3413847785153,0.01,2.490764142621661,0,1,1,0,0,1,1,0.65,0,1,0.2776734227293848,0,0.2018966446523599,0.0,12,LOW
user_0596,13,2,0,0,0,263.8442419732107,2.3731121843016214,0.2945864862794123,0,1,1,0,0,1,1,0.65,1,1,0.2776734227293848,0,0.15500519134380158,0.0,9,LOW
user_0597,11,0,0,0,1,274.82531640577446,30.99752787669915,8.517773132927069,0,1,1,0,0,1,1,0.65,0,1,0.2776734227293848,0,0.2018966446523599,0.0,12,LOW
user_0598,12,5,0,0,1,242.7443477401598,12.182398584601774,3.925483089115344,0,1,1,0,0,1,1,0.65,0,1,0.2776734227293848,0,0.2018966446523599,0.0,12,LOW
user_0599,15,2,0,0,1,177.1280216406617,60.98125416860434,41.644669608958,0,1,1,0,0,1,2,0.75,0,1,0.2193048404666994,0,0.33007420523328185,0.14068786125229182,25,LOW
user_0600,16,1,0,0,1,128.90058217919665,19.427085460948884,1.1032108196487704,0,1,1,0,0,1,1,0.65,0,1,0.2776734227293848,0,0.2018966446523599,0.0,12,LOW
user_0601,11,4,2,0,0,207.19873069576693,10.709353880295726,7275.823698607619,1,1,4,0,2,1,1,1.5500000000000005,1,-1,-0.0398435368800551,1,0.9980601933947105,0.7653223742482461,90,HIGH
user_0602,16,2,0,1,1,231.9230740162062,10.730792495873295,0.4606259684629279,0,1,1,1,0,1,1,0.85,0,1,0.2332993702223167,0,0.24213381063915532,0.10695635049384,19,LOW
user_0603,18,1,0,0,1,315.23590783052884,3.52290380849568,2.4446128721832494,0,1,1,0,0,1,1,0.65,0,1,0.2776734227293848,0,0.2018966446523599,0.0,12,LOW
user_0604,15,4,0,0,1,233.9638994906288,22.52207320121176,8.655765064823765,0,1,1,0,0,1,1,0.65,0,1,0.2776734227293848,0,0.2018966446523599,0.0,12,LOW
user_0605,19,4,0,0,1,228.20585794699844,21.81684429740348,7.04336293148748,0,2,1,0,0,1,1,0.8999999999999999,0,1,0.190136950224284,0,0.20789731048021395,0.21099226023493423,21,LOW
user_0606,11,3,0,0,1,263.1316276105068,40.23515931534883,4.30899545714288,0,1,1,0,0,1,1,0.65,0,1,0.2776734227293848,0,0.2018966446523599,0.0,12,LOW
user_0607,20,0,1,0,1,223.79928075292787,0.01,0.9298530258553196,0,2,1,0,1,1,1,1.05,0,1,0.1004614283124124,0,0.02209191694512681,0.4271403470204811,18,LOW
user_0608,8,3,1,0,1,288.6325199368163,8.590077509267982,2.662299498432885,0,2,1,0,1,1,1,1.05,0,1,0.1004614283124124,0,0.02209191694512681,0.4271403470204811,18,LOW
user_0609,18,4,0,0,0,358.7600171030327,2.5574072990758543,2.0352116671262754,0,1,1,0,0,1,1,0.65,1,1,0.2776734227293848,0,0.15500519134380158,0.0,9,LOW
user_0610,15,0,0,1,1,371.447130852642,8.751074682513874,13.691102067043436,0,1,1,1,0,1,1,0.85,0,1,0.2332993702223167,0,0.24213381063915532,0.10695635049384,19,LOW
user_0611,13,1,0,1,1,245.8224376346693,13.969870689645214,15.138840486927275,1,1,1,1,0,1,1,0.85,0,1,0.2332993702223167,0,0.24213381063915532,0.10695635049384,19,LOW
user_0612,14,4,0,0,1,260.2135418817269,83.12564265676335,15.00646348338702,0,1,1,0,0,1,2,0.75,0,1,0.2193048404666994,0,0.33007420523328185,0.14068786125229182,25,LOW
user_0613,5,0,0,0,1,334.731367222409,0.01,34.75076814851545,0,3,1,0,0,1,1,1.15,0,1,0.0815285198183811,0,0.0013513513513513514,0.47277500697029895,19,LOW
user_0614,21,4,2,2,1,231.00227862622376,38.1819281344806,21.562184560943656,0,2,1,2,2,1,1,1.6000000000000003,0,-1,-0.0315680296213147,1,0.2480026016431047,0.7453756259827103,45,MEDIUM
user_0615,14,2,0,0,1,280.7515285154508,9.844956476720949,6.887662850681745,0,1,1,0,0,1,1,0.65,0,1,0.2776734227293848,0,0.2018966446523599,0.0,12,LOW
user_0616,14,2,0,0,1,171.89039221885048,3.902104068600992,5.360340717630629,0,1,1,0,0,1,1,0.65,0,1,0.2776734227293848,0,0.2018966446523599,0.0,12,LOW
user_0617,16,0,0,2,1,221.3496511035001,7.417059412499335,24.74186528679136,0,1,1,2,0,1,1,1.05,0,1,0.1541262400811022,0,0.4301355521591885,0.2977901503981718,38,MEDIUM
user_0618,15,4,0,2,1,309.36687699871845,7.408576468652052,9.44755157188615,0,1,1,2,0,1,1,1.05,0,1,0.1541262400811022,0,0.4301355521591885,0.2977901503981718,38,MEDIUM
user_0619,14,1,0,0,1,196.9082619727426,21.87364155214623,3.4870488515527875,0,1,1,0,0,1,1,0.65,0,1,0.2776734227293848,0,0.2018966446523599,0.0,12,LOW
user_0620,11,3,0,0,1,232.31692927621933,10.443673010564671,8.311778861355963,0,1,1,0,0,1,1,0.65,0,1,0.2776734227293848,0,0.2018966446523599,0.0,12,LOW
user_0621,15,3,2,0,1,145.54742126387282,48.69259517578504,48.4716820799715,0,1,1,0,2,1,1,0.95,0,1,0.1483955927109178,0,0.007188301157192252,0.31160293273497597,13,LOW
user_0622,19,3,0,1,1,360.3460976705782,111.73217485515022,18.935932787136192,0,2,1,1,0,1,2,1.2,0,1,0.0656383015143167,0,0.07883070542961215,0.5110757629826652,25,LOW
user_0623,18,6,1,1,1,315.7816841890142,10.513138934465214,3.3028303180810754,0,1,1,1,1,1,1,1.0,0,1,0.1244119810262747,0,0.2600647053805528,0.3694114814818421,30,LOW
user_0624,19,2,2,0,1,251.2859739691649,0.01,30.56638485754136,0,2,1,0,2,1,1,1.2000000000000002,0,1,0.0458866002061858,0,0.0031251686909581646,0.5586839882540799,23,LOW
user_0625,12,2,0,0,1,270.4507723249397,26.78611112931038,39.87938613092585,0,1,1,0,0,1,1,0.65,0,1,0.2776734227293848,0,0.2018966446523599,0.0,12,LOW
user_0626,11,6,0,0,1,263.7538864166021,5.4061376821174765,2.628814454225483,0,1,1,0,0,1,1,0.65,0,1,0.2776734227293848,0,0.2018966446523599,0.0,12,LOW
user_0627,13,3,0,0,1,323.0587051818472,62.52852130242822,22.59450113100901,0,1,1,0,0,1,2,0.75,0,1,0.2193048404666994,0,0.33007420523328185,0.14068786125229182,25,LOW
user_0628,14,1,0,1,1,208.87199745771767,5.561175698211343,21.473154768281667,0,1,1,1,0,1,1,0.85,0,1,0.2332993702223167,0,0.24213381063915532,0.10695635049384,19,LOW
user_0629,17,0,0,0,1,283.93605719569393,33.38595656583493,0.4056533291278925,0,1,1,0,0,1,1,0.65,0,1,0.2776734227293848,0,0.2018966446523599,0.0,12,LOW
user_0630,8,4,1,0,1,304.6449899311304,10.67780470103708,11.077212285668551,0,2,1,0,1,1,1,1.05,0,1,0.1004614283124124,0,0.02209191694512681,0.4271403470204811,18,LOW
user_0631,18,2,0,0,1,312.91955822858745,11.435343074373067,3.6424741865036174,0,1,1,0,0,1,1,0.65,0,1,0.2776734227293848,0,0.2018966446523599,0.0,12,LOW
user_0632,13,3,0,0,1,104.43774697009816,15.194844355186271,11.22738887936766,0,1,1,0,0,2,1,0.75,0,1,0.0934671910539906,0,0.40261253039389167,0.44399880482146026,42,MEDIUM
user_0633,2,2,0,0,1,204.0435313040913,0.01,24.48289640912477,0,3,1,0,0,1,1,1.15,0,1,0.0815285198183811,0,0.0013513513513513514,0.47277500697029895,19,LOW
user_0634,10,1,0,0,1,178.84976272188575,3.777897197498742,6.907086521675691,0,1,1,0,0,1,1,0.65,0,1,0.2776734227293848,0,0.2018966446523599,0.0,12,LOW
user_0635,9,3,0,1,1,248.9752971342412,1.4028745498521331,5.351402270748223,0,1,1,1,0,1,1,0.85,0,1,0.2332993702223167,0,0.24213381063915532,0.10695635049384,19,LOW
user_0636,16,0,0,0,1,119.03818682914364,12.855819660360163,25.450550926352086,0,1,1,0,0,2,1,0.75,0,1,0.0934671910539906,0,0.40261253039389167,0.44399880482146026,42,MEDIUM
user_0637,14,2,0,1,1,117.26262654326382,1.4297423943446763,36.54088450674375,0,1,1,1,0,2,1,0.95,0,1,0.0868800058507494,0,0.049146048626075106,0.4598761306359884,21,LOW
user_0638,10,3,0,0,1,370.2056995125756,29.08684219272378,0.6425731032776045,0,1,1,0,0,1,1,0.65,0,1,0.2776734227293848,0,0.2018966446523599,0.0,12,LOW
user_0639,1,2,1,0,1,277.06136329580045,154.0195119381753,25.619786732432047,0,3,1,0,1,1,2,1.4,0,-1,-0.0218861284163053,1,0.011227614977614979,0.7220389965737833,30,LOW
user_0640,12,4,0,0,1,247.2605545919287,48.2260004152324,0.8639542148033098,0,1,1,0,0,1,1,0.65,0,1,0.2776734227293848,0,0.2018966446523599,0.0,12,LOW
user_0641,19,4,1,1,1,261.8203588703389,34.04904489284351,4.114120763976798,0,2,1,1,1,1,1,1.25,0,1,0.0530025780073042,0,0.049471929438013235,0.5415320949109698,25,LOW
user_0642,13,4,0,0,1,248.7804554249508,62.028262817211214,14.378997986625285,0,1,1,0,0,1,2,0.75,0,1,0.2193048404666994,0,0.33007420523328185,0.14068786125229182,25,LOW
user_0643,5,0,0,2,1,299.84103939309153,514.2155862628224,15.007493595693065,1,3,1,2,0,1,3,1.7500000000000002,0,-1,-0.0710499607352379,1,0.9880823380566801,0.8405403230029291,93,HIGH
user_0644,13,1,0,0,1,202.0533484761613,68.751369192132,12.93977349757026,0,1,1,0,0,1,2,0.75,0,1,0.2193048404666994,0,0.33007420523328185,0.14068786125229182,25,LOW
user_0645,13,2,0,0,1,251.19688956441416,5.364222789973505,0.3989792999636294,0,1,1,0,0,1,1,0.65,0,1,0.2776734227293848,0,0.2018966446523599,0.0,12,LOW
user_0646,5,5,0,2,1,253.6452760762629,17.321837093844845,1.4267714267317608,0,3,1,2,0,1,1,1.5500000000000005,0,1,0.0178213557717713,0,0.9935488642050614,0.6263306409898065,85,HIGH
user_0647,13,4,2,1,0,177.18852249249974,127.61238692410905,8673.85160752929,0,1,4,1,2,1,2,1.85,1,-1,-0.0965224619349872,1,0.9585265489600475,0.9019375948847611,94,HIGH
user_0648,20,4,0,0,1,316.61898354378314,0.01,0.8497133753592684,0,2,1,0,0,1,1,0.8999999999999999,0,1,0.190136950224284,0,0.20789731048021395,0.21099226023493423,21,LOW
user_0649,16,1,0,0,1,213.25939560591544,52.725078903920384,0.8180233162499033,0,1,1,0,0,1,2,0.75,0,1,0.2193048404666994,0,0.33007420523328185,0.14068786125229182,25,LOW
user_0650,19,2,0,0,1,301.04530018853404,0.7716315734407181,18.05732262158021,0,2,1,0,0,1,1,0.8999999999999999,0,1,0.190136950224284,0,0.20789731048021395,0.21099226023493423,21,LOW
user_0651,17,2,0,0,1,246.8947635822888,51.3458846026524,10.2517342429512,0,1,1,0,0,1,2,0.75,0,1,0.2193048404666994,0,0.33007420523328185,0.14068786125229182,25,LOW
user_0652,13,0,0,1,1,338.0150899445435,29.90947894379574,4.333339454259909,0,1,1,1,0,1,1,0.85,0,1,0.2332993702223167,0,0.24213381063915532,0.10695635049384,19,LOW
user_0653,10,0,1,2,1,177.51725468870853,4.681003851772027,1.8117479905797216,0,1,1,2,1,1,1,1.2000000000000002,0,1,0.0547880072036045,0,0.4121174521254879,0.5372286116789389,46,MEDIUM
user_0654,21,5,0,0,1,174.914471909373,0.6504117208916916,21.55635305122713,0,2,1,0,0,1,1,0.8999999999999999,0,1,0.190136950224284,0,0.20789731048021395,0.21099226023493423,21,LOW
user_0655,14,1,0,0,1,185.65826453974148,7.525146973916461,44.68696917422009,0,1,1,0,0,1,1,0.65,0,1,0.2776734227293848,0,0.2018966446523599,0.0,12,LOW
user_0656,14,1,2,0,1,247.99773303086243,61.856100156680405,0.5126353529649262,0,1,1,0,2,1,2,1.05,0,1,0.0515919801040551,0,0.01030309988802873,0.5449321090007749,22,LOW
user_0657,13,0,0,0,1,332.48810374669233,27.57552020065496,8.076905792146256,0,1,1,0,0,1,1,0.65,0,1,0.2776734227293848,0,0.2018966446523599,0.0,12,LOW
user_0658,14,5,2,0,1,335.585617089915,62.97785926166116,3.0286824745206644,0,1,1,0,2,1,2,1.05,0,1,0.0515919801040551,0,0.01030309988802873,0.5449321090007749,22,LOW
user_0659,13,3,0,0,1,101.4018839736936,14.77156999618098,17.860965352470846,0,1,1,0,0,2,1,0.75,0,1,0.0934671910539906,0,0.40261253039389167,0.44399880482146026,42,MEDIUM
user_0660,12,3,1,0,1,254.9824296733524,68.96797196321036,4.247596948942342,0,1,1,0,1,1,2,0.8999999999999999,0,1,0.1194195039721256,0,0.26547768987979625,0.3814450257597952,31,MEDIUM
user_0661,12,5,0,0,1,47.22278336909864,15.542058892486716,12.539662042454438,0,1,1,0,0,2,1,0.75,0,1,0.0934671910539906,0,0.40261253039389167,0.44399880482146026,42,MEDIUM
user_0662,13,1,1,0,1,287.70190762710206,5.711903747528189,7.754932856579359,0,1,1,0,1,1,1,0.7999999999999999,0,1,0.2129135634933541,0,0.13356667006213288,0.15609298252120107,14,LOW
user_0663,12,3,0,0,1,307.0901648937124,4.103991109083857,7.7984598443103215,0,1,1,0,0,1,1,0.65,0,1,0.2776734227293848,0,0.2018966446523599,0.0,12,LOW
user_0664,11,0,0,1,1,237.58534351846887,127.12782831527,19.5192421561722,0,1,1,1,0,1,2,0.95,0,1,0.1509357020843734,0,0.04950631867309361,0.30548041714105467,15,LOW
user_0665,14,1,0,0,0,245.0388946496853,10.156485392469673,6.356416315025756,0,1,1,0,0,1,1,0.65,1,1,0.2776734227293848,0,0.15500519134380158,0.0,9,LOW
user_0666,13,4,0,1,1,244.4183335764144,4.360412862883722,18.68205624197053,0,1,1,1,0,1,1,0.85,0,1,0.2332993702223167,0,0.24213381063915532,0.10695635049384,19,LOW
user_0667,18,4,0,0,1,192.9334848755252,0.2110995291850985,4.516559077139344,0,1,1,0,0,1,1,0.65,0,1,0.2776734227293848,0,0.2018966446523599,0.0,12,LOW
user_0668,6,1,0,1,1,265.90234711928883,8.40674125711705,1.921088272089363,0,2,1,1,0,1,1,1.1,0,1,0.1083396961540713,0,0.5687783155237143,0.4081510789922207,50,MEDIUM
user_0669,17,2,2,1,0,226.11551990080457,54.981799105649245,7879.431296032081,1,1,4,1,2,1,2,1.85,1,-1,-0.0965224619349872,1,0.9585265489600475,0.9019375948847611,94,HIGH
user_0670,17,2,0,0,1,295.8175025573771,19.089741162749,6.898641383993857,0,1,1,0,0,1,1,0.65,0,1,0.2776734227293848,0,0.2018966446523599,0.0,12,LOW
user_0671,7,0,1,0,1,233.1823839288462,25.021381134997707,6.508220557707941,0,2,1,0,1,1,1,1.05,0,1,0.1004614283124124,0,0.02209191694512681,0.4271403470204811,18,LOW
user_0672,12,1,0,1,1,188.33861361070447,63.90183044444444,16.519822846000977,0,1,1,1,0,1,2,0.95,0,1,0.1509357020843734,0,0.04950631867309361,0.30548041714105467,15,LOW
user_0673,12,1,2,0,1,147.8481197480694,17.979062491510486,8.316714545209583,0,1,1,0,2,1,1,0.95,0,1,0.1483955927109178,0,0.007188301157192252,0.31160293273497597,13,LOW
user_0674,9,1,2,1,1,128.15611049665728,45.54719702588722,21.932292152647182,0,1,1,1,2,1,1,1.15,0,1,0.0590725335016217,0,0.024931712964170426,0.5269014661842195,23,LOW
user_0675,11,4,0,0,1,318.7505606372661,9.782890082070054,7.219284047205392,0,1,1,0,0,1,1,0.65,0,1,0.2776734227293848,0,0.2018966446523599,0.0,12,LOW
user_0676,10,1,1,0,1,212.5326388284589,94.41749296272334,2.5452468219901303,0,1,1,0,1,1,2,0.8999999999999999,0,1,0.1194195039721256,0,0.26547768987979625,0.3814450257597952,31,MEDIUM
user_0677,19,1,0,0,0,260.31445140489893,2.052329285250865,1.386827412244291,0,2,1,0,0,1,1,0.8999999999999999,1,1,0.190136950224284,0,0.04363754974933547,0.21099226023493423,11,LOW
user_0678,16,2,0,0,1,346.99379350467115,32.259111653854674,20.277057843725608,0,1,1,0,0,1,1,0.65,0,1,0.2776734227293848,0,0.2018966446523599,0.0,12,LOW
user_0679,17,4,0,2,1,206.23174012212647,27.01191498090438,0.5781217927682095,0,1,1,2,0,1,1,1.05,0,1,0.1541262400811022,0,0.4301355521591885,0.2977901503981718,38,MEDIUM
user_0680,16,1,0,0,1,202.3513509371308,5.31966877290376,1.2512070403028044,0,1,1,0,0,1,1,0.65,0,1,0.2776734227293848,0,0.2018966446523599,0.0,12,LOW
user_0681,10,0,0,0,1,232.07029485868057,12.310075784066116,0.657750388227109,0,1,1,0,0,1,1,0.65,0,1,0.2776734227293848,0,0.2018966446523599,0.0,12,LOW
user_0682,12,1,2,0,0,241.7659620251996,9.379306984354423,11009.612839658372,1,1,4,0,2,1,1,1.5500000000000005,1,-1,-0.0398435368800551,1,0.9980601933947105,0.7653223742482461,90,HIGH
user_0683,15,4,0,0,1,353.2530810153508,2.481503143636232,7.606032686327934,0,1,1,0,0,1,1,0.65,0,1,0.2776734227293848,0,0.2018966446523599,0.0,12,LOW
user_0684,10,3,0,0,1,333.9492356456468,21.97415252722494,0.2007488999935879,0,1,1,0,0,1,1,0.65,0,1,0.2776734227293848,0,0.2018966446523599,0.0,12,LOW
user_0685,16,4,0,0,1,277.25252495440486,126.56076614588562,7.248157105094714,0,1,1,0,0,1,2,0.75,0,1,0.2193048404666994,0,0.33007420523328185,0.14068786125229182,25,LOW
user_0686,16,6,1,0,1,326.9648261398121,0.01,5.004784595999049,0,1,1,0,1,1,1,0.7999999999999999,0,1,0.2129135634933541,0,0.13356667006213288,0.15609298252120107,14,LOW
user_0687,12,4,2,0,1,229.30685924592865,19.70073117881016,14.856515217211754,0,1,1,0,2,1,1,0.95,0,1,0.1483955927109178,0,0.007188301157192252,0.31160293273497597,13,LOW
user_0688,16,3,0,0,1,257.9498740313087,1.0287206604575727,17.71701708282546,0,1,1,0,0,1,1,0.65,0,1,0.2776734227293848,0,0.2018966446523599,0.0,12,LOW
user_0689,15,2,0,0,1,221.9091813276783,3.747914588379566,11.550792689477625,0,1,1,0,0,1,1,0.65,0,1,0.2776734227293848,0,0.2018966446523599,0.0,12,LOW
user_0690,12,0,0,1,1,162.57789704522162,17.9985283019238,6.414954675136224,0,1,1,1,0,1,1,0.85,0,1,0.2332993702223167,0,0.24213381063915532,0.10695635049384,19,LOW
user_0691,17,6,0,1,1,312.2324845076157,105.29201950353035,2.435358110879928,0,1,1,1,0,1,2,0.95,0,1,0.1509357020843734,0,0.04950631867309361,0.30548041714105467,15,LOW
user_0692,10,2,0,0,1,271.90192403939164,52.3096713888089,18.78068406239544,1,1,1,0,0,1,2,0.75,0,1,0.2193048404666994,0,0.33007420523328185,0.14068786125229182,25,LOW
user_0693,15,0,0,0,1,241.08440840541985,10.395808618370436,4.1804764735157605,0,1,1,0,0,1,1,0.65,0,1,0.2776734227293848,0,0.2018966446523599,0.0,12,LOW
user_0694,15,3,0,0,1,239.85192904126947,19.577029929109084,4.405098966084717,0,1,1,0,0,1,1,0.65,0,1,0.2776734227293848,0,0.2018966446523599,0.0,12,LOW
user_0695,13,1,0,0,1,149.6271077456095,20.11326841767776,24.77075956100649,0,1,1,0,0,1,1,0.65,0,1,0.2776734227293848,0,0.2018966446523599,0.0,12,LOW
user_0696,14,3,0,0,1,181.3514800108371,28.90820245907421,37.130596775125056,0,1,1,0,0,1,1,0.65,0,1,0.2776734227293848,0,0.2018966446523599,0.0,12,LOW
user_0697,10,3,0,1,1,260.1691902068415,29.101343732453028,22.8406717670836,0,1,1,1,0,1,1,0.85,0,1,0.2332993702223167,0,0.24213381063915532,0.10695635049384,19,LOW
user_0698,4,2,1,2,1,208.2532399635297,38.99150214052621,63.39447978243987,1,3,2,2,1,1,1,1.9,0,-1,-0.0742722146829455,1,0.9290153701796925,0.8483070358258402,90,HIGH
user_0699,13,4,0,1,1,226.9372175269506,0.6322022578179496,20.318623496906834,0,1,1,1,0,1,1,0.85,0,1,0.2332993702223167,0,0.24213381063915532,0.10695635049384,19,LOW
user_0700,17,1,0,0,1,233.7206361132539,0.01,12.186043844699414,0,1,1,0,0,1,1,0.65,0,1,0.2776734227293848,0,0.2018966446523599,0.0,12,LOW
user_0701,17,2,1,0,1,199.05187385897327,1.815935279448101,3.478842662297575,0,1,1,0,1,1,1,0.7999999999999999,0,1,0.2129135634933541,0,0.13356667006213288,0.15609298252120107,14,LOW
user_0702,18,2,0,2,1,181.92490079855696,0.01,30.566942413875648,0,1,1,2,0,1,1,1.05,0,1,0.1541262400811022,0,0.4301355521591885,0.2977901503981718,38,MEDIUM
user_0703,9,3,0,0,1,143.2585421444776,63.01208448206125,20.92541627245511,0,1,1,0,0,1,2,0.75,0,1,0.2193048404666994,0,0.33007420523328185,0.14068786125229182,25,LOW
user_0704,9,4,0,0,1,231.2089032593076,16.719601128278125,2.754199503903964,0,1,1,0,0,1,1,0.65,0,1,0.2776734227293848,0,0.2018966446523599,0.0,12,LOW
user_0705,15,2,0,0,1,277.116512856617,1.6437970035490892,6.717036908853068,0,1,1,0,0,1,1,0.65,0,1,0.2776734227293848,0,0.2018966446523599,0.0,12,LOW
user_0706,10,3,0,0,1,141.381951466803,6.509456590721413,0.7263054476092636,0,1,1,0,0,1,1,0.65,0,1,0.2776734227293848,0,0.2018966446523599,0.0,12,LOW
user_0707,19,0,0,0,1,238.55713049401044,21.60828008674465,30.6420092390922,0,2,1,0,0,1,1,0.8999999999999999,0,1,0.190136950224284,0,0.20789731048021395,0.21099226023493423,21,LOW
user_0708,7,5,0,0,1,10.745293378042062,1253.376586117083,8.504288548555271,1,2,1,0,0,3,4,1.4,0,-1,-0.1058496783195954,1,0.997979797979798,0.9244193149080819,97,HIGH
user_0709,19,2,0,0,1,180.62517577625133,13.7772156752892,2.813031887632624,0,2,1,0,0,1,1,0.8999999999999999,0,1,0.190136950224284,0,0.20789731048021395,0.21099226023493423,21,LOW
user_0710,14,4,0,0,1,325.3285086928853,9.978128687139574,3.458753466911488,0,1,1,0,0,1,1,0.65,0,1,0.2776734227293848,0,0.2018966446523599,0.0,12,LOW
user_0711,13,0,2,1,1,12.250064381031528,1071.045919032164,39.45392248625452,1,1,1,1,2,3,4,1.65,0,-1,-0.120831367779175,1,1.0,0.9605302116663491,98,HIGH
user_0712,12,1,0,0,1,233.9244186926093,2.917051814152616,9.56108782088615,0,1,1,0,0,1,1,0.65,0,1,0.2776734227293848,0,0.2018966446523599,0.0,12,LOW
user_0713,15,2,0,0,1,230.32382996412127,28.7054475806758,5.459056697768644,0,1,1,0,0,1,1,0.65,0,1,0.2776734227293848,0,0.2018966446523599,0.0,12,LOW
user_0714,13,4,0,0,1,133.75353464453664,13.046703837309352,6.928381518853016,0,1,1,0,0,1,1,0.65,0,1,0.2776734227293848,0,0.2018966446523599,0.0,12,LOW
user_0715,17,2,0,0,1,300.52512430104264,22.153174204351515,1.0375078128384547,0,1,1,0,0,1,1,0.65,0,1,0.2776734227293848,0,0.2018966446523599,0.0,12,LOW
user_0716,14,5,0,0,1,182.6688738948457,5.752057090893711,0.7798614725662202,0,1,1,0,0,1,1,0.65,0,1,0.2776734227293848,0,0.2018966446523599,0.0,12,LOW
user_0717,14,2,0,0,1,225.80876907565585,23.52122614211692,8.982242758033186,0,1,1,0,0,1,1,0.65,0,1,0.2776734227293848,0,0.2018966446523599,0.0,12,LOW
user_0718,12,2,0,0,1,275.85966007667975,28.019739478492987,7.174481445572891,0,1,1,0,0,1,1,0.65,0,1,0.2776734227293848,0,0.2018966446523599,0.0,12,LOW
user_0719,13,0,0,0,1,327.65420556867207,1.820492952456904,4.449648386165361,0,1,1,0,0,1,1,0.65,0,1,0.2776734227293848,0,0.2018966446523599,0.0,12,LOW
user_0720,14,4,0,0,1,175.20406308618965,43.48073163378214,8.34973342747775,0,1,1,0,0,1,1,0.65,0,1,0.2776734227293848,0,0.2018966446523599,0.0,12,LOW
user_0721,8,1,0,1,1,213.2109848643344,49.377779230817865,0.7545220539363817,0,2,1,1,0,1,1,1.1,0,1,0.1083396961540713,0,0.5687783155237143,0.4081510789922207,50,MEDIUM
user_0722,9,4,0,0,1,322.9451178004292,1.6415869931980525,28.82245947664816,0,1,1,0,0,1,1,0.65,0,1,0.2776734227293848,0,0.2018966446523599,0.0,12,LOW
user_0723,16,5,0,0,1,267.8228327565268,23.10728430139136,3.477317506076499,0,1,1,0,0,1,1,0.65,0,1,0.2776734227293848,0,0.2018966446523599,0.0,12,LOW
user_0724,14,5,2,0,1,280.27028154309653,22.53576093617352,0.7448520248136552,0,1,1,0,2,1,1,0.95,0,1,0.1483955927109178,0,0.007188301157192252,0.31160293273497597,13,LOW
user_0725,13,2,0,0,1,176.93209585342993,0.3134167132512938,1.8573249452251943,0,1,1,0,0,1,1,0.65,0,1,0.2776734227293848,0,0.2018966446523599,0.0,12,LOW
user_0726,14,3,0,1,1,217.2474282044065,10.476923781670369,1.0034413485287788,0,1,1,1,0,1,1,0.85,0,1,0.2332993702223167,0,0.24213381063915532,0.10695635049384,19,LOW
user_0727,15,4,0,0,1,229.9298740571741,86.78442074486756,1.967505612337617,0,1,1,0,0,1,2,0.75,0,1,0.2193048404666994,0,0.33007420523328185,0.14068786125229182,25,LOW
user_0728,12,0,1,1,1,188.5263145594216,20.26736091547986,5.391463202292592,0,1,1,1,1,1,1,1.0,0,1,0.1244119810262747,0,0.2600647053805528,0.3694114814818421,30,LOW
user_0729,20,3,0,0,1,139.52582245956555,125.95679847197238,13.39605045752631,0,2,1,0,0,1,2,1.0,0,1,0.1157188029811144,0,0.21090605726134576,0.39036495643785196,28,LOW
user_0730,14,0,0,0,1,209.37008647418423,28.14788903477557,3.1793284455417856,0,1,1,0,0,1,1,0.65,0,1,0.2776734227293848,0,0.2018966446523599,0.0,12,LOW
user_0731,11,2,2,2,1,321.2572919750657,0.7200330742848072,5.72570933006384,0,1,1,2,2,1,1,1.3500000000000003,0,-1,-0.0012227218875239,1,0.6588122986256364,0.6722332559162896,66,MEDIUM
user_0732,15,0,1,0,1,243.55040793362977,2.0224759693200247,26.41662751215648,0,1,1,0,1,1,1,0.7999999999999999,0,1,0.2129135634933541,0,0.13356667006213288,0.15609298252120107,14,LOW
user_0733,8,1,0,1,1,322.4574548144026,443.9237886444622,3.507237436919421,0,2,1,1,0,1,3,1.2999999999999998,0,-1,-0.010353334361891,1,0.2314679369928652,0.6942410945710142,42,MEDIUM
user_0734,17,2,0,0,1,250.7412548537712,20.21775526459153,15.833791761704326,0,1,1,0,0,1,1,0.65,0,1,0.2776734227293848,0,0.2018966446523599,0.0,12,LOW
user_0735,15,2,0,0,1,194.11753622472224,3.3998366574751806,1.7175779727399476,0,1,1,0,0,1,1,0.65,0,1,0.2776734227293848,0,0.2018966446523599,0.0,12,LOW
user_0736,14,3,0,0,1,316.6571407939033,23.802007546416867,1.9640637935473035,0,1,1,0,0,1,1,0.65,0,1,0.2776734227293848,0,0.2018966446523599,0.0,12,LOW
user_0737,16,0,2,0,0,252.73956844007392,41.55611939331319,6.090870890385944,0,1,1,0,2,1,1,0.95,1,1,0.1483955927109178,0,0.0018309859154929577,0.31160293273497597,13,LOW
user_0738,18,2,0,0,1,297.7103299456438,34.95739529544121,2.6670660440017406,0,1,1,0,0,1,1,0.65,0,1,0.2776734227293848,0,0.2018966446523599,0.0,12,LOW
user_0739,17,1,1,0,1,175.90030973276572,7.064459960586109,23.33333762928351,0,1,1,0,1,1,1,0.7999999999999999,0,1,0.2129135634933541,0,0.13356667006213288,0.15609298252120107,14,LOW
user_0740,8,3,0,0,1,302.32537737687016,7.466720715958031,0.5208549348754716,0,2,1,0,0,1,1,0.8999999999999999,0,1,0.190136950224284,0,0.20789731048021395,0.21099226023493423,21,LOW
user_0741,10,3,0,0,1,304.133356532652,85.92408969219663,9.094952886471027,0,1,1,0,0,1,2,0.75,0,1,0.2193048404666994,0,0.33007420523328185,0.14068786125229182,25,LOW
user_0742,12,3,0,0,1,257.3860286613921,54.59890530196696,9.269205187828558,0,1,1,0,0,1,2,0.75,0,1,0.2193048404666994,0,0.33007420523328185,0.14068786125229182,25,LOW
user_0743,14,4,0,1,1,191.58467485141304,9.580508485782174,0.6830660079539708,0,1,1,1,0,1,1,0.85,0,1,0.2332993702223167,0,0.24213381063915532,0.10695635049384,19,LOW
user_0744,15,1,0,0,1,237.2394702772433,43.439523306804354,13.188757970561484,0,1,1,0,0,1,1,0.65,0,1,0.2776734227293848,0,0.2018966446523599,0.0,12,LOW
user_0745,11,4,0,0,1,276.67746883429464,4.410630253541024,6.328003281643509,0,1,1,0,0,1,1,0.65,0,1,0.2776734227293848,0,0.2018966446523599,0.0,12,LOW
user_0746,14,2,0,0,1,254.074201196192,5.480067583108161,12.840026941462078,0,1,1,0,0,1,1,0.65,0,1,0.2776734227293848,0,0.2018966446523599,0.0,12,LOW
user_0747,11,2,0,1,1,276.06496428646585,4.997765144251421,17.54030171153108,0,1,1,1,0,1,1,0.85,0,1,0.2332993702223167,0,0.24213381063915532,0.10695635049384,19,LOW
user_0748,12,3,0,0,1,300.7347544591743,2.2952292004811925,3.8993534945465487,0,1,1,0,0,1,1,0.65,0,1,0.2776734227293848,0,0.2018966446523599,0.0,12,LOW
user_0749,9,0,0,0,1,201.09320079768472,48.22010270828374,6.625905907118991,0,1,1,0,0,1,1,0.65,0,1,0.2776734227293848,0,0.2018966446523599,0.0,12,LOW
user_0750,11,3,0,0,1,170.69546274239167,21.61659690900424,3.0213370238902644,0,1,1,0,0,1,1,0.65,0,1,0.2776734227293848,0,0.2018966446523599,0.0,12,LOW
user_0751,9,3,0,0,1,237.74767191766549,7.492385026184436,2.250371724865447,0,1,1,0,0,1,1,0.65,0,1,0.2776734227293848,0,0.2018966446523599,0.0,12,LOW
user_0752,11,1,0,0,1,220.215410467808,47.20483740785871,0.0059493498138269,0,1,1,0,0,1,1,0.65,0,1,0.2776734227293848,0,0.2018966446523599,0.0,12,LOW
user_0753,17,0,0,2,1,7.260710776786783,826.9173513523012,33.14052595767416,1,1,1,2,0,3,3,1.4500000000000002,0,-1,-0.0854873782892629,1,0.9945612720612722,0.87533934190904,95,HIGH
user_0754,11,0,0,0,1,175.5300966204715,2.6604579324233755,5.814778521702509,0,1,1,0,0,1,1,0.65,0,1,0.2776734227293848,0,0.2018966446523599,0.0,12,LOW
user_0755,21,5,0,0,1,301.2229124506608,25.830403101037174,0.1315593410305337,0,2,1,0,0,1,1,0.8999999999999999,0,1,0.190136950224284,0,0.20789731048021395,0.21099226023493423,21,LOW
user_0756,4,3,0,2,1,321.21672657280595,31.98839471729489,0.0897876631860566,1,3,1,2,0,1,1,1.5500000000000005,0,1,0.0178213557717713,0,0.9935488642050614,0.6263306409898065,85,HIGH
user_0757,14,0,0,0,1,240.0182978557374,31.45433142998848,3.401726707619692,0,1,1,0,0,1,1,0.65,0,1,0.2776734227293848,0,0.2018966446523599,0.0,12,LOW
user_0758,11,1,0,1,1,243.64416753487828,32.10632740899051,0.1403572020057734,0,1,1,1,0,1,1,0.85,0,1,0.2332993702223167,0,0.24213381063915532,0.10695635049384,19,LOW
user_0759,16,3,0,1,1,193.9472099261908,4.641913029432199,4.692273189062745,0,1,1,1,0,1,1,0.85,0,1,0.2332993702223167,0,0.24213381063915532,0.10695635049384,19,LOW
user_0760,12,4,0,0,1,207.440346061556,9.461566482412085,0.6500636542785737,0,1,1,0,0,1,1,0.65,0,1,0.2776734227293848,0,0.2018966446523599,0.0,12,LOW
user_0761,14,0,1,0,1,215.4997991612589,46.47610530529723,0.4004270569292387,0,1,1,0,1,1,1,0.7999999999999999,0,1,0.2129135634933541,0,0.13356667006213288,0.15609298252120107,14,LOW
user_0762,21,1,0,0,1,326.5764040702759,57.16576371466097,11.067898159124978,0,2,1,0,0,1,2,1.0,0,1,0.1157188029811144,0,0.21090605726134576,0.39036495643785196,28,LOW
user_0763,13,4,0,0,1,235.6877528513536,8.184453865290676,23.734506752262853,0,1,1,0,0,1,1,0.65,0,1,0.2776734227293848,0,0.2018966446523599,0.0,12,LOW
user_0764,17,0,0,1,0,160.66962260159949,0.5822150688952928,5.265935928668135,0,1,1,1,0,1,1,0.85,1,1,0.2332993702223167,0,0.5768895551079612,0.10695635049384,39,MEDIUM
user_0765,11,1,0,1,1,255.3212605267202,49.111239432237205,18.12597665829792,0,1,1,1,0,1,1,0.85,0,1,0.2332993702223167,0,0.24213381063915532,0.10695635049384,19,LOW
user_0766,13,6,2,0,1,289.5774074773366,11.833904582505848,0.2970223749770848,0,1,1,0,2,1,1,0.95,0,1,0.1483955927109178,0,0.007188301157192252,0.31160293273497597,13,LOW
user_0767,19,3,0,0,1,238.4753178407043,9.991930605254746,15.03682726534642,0,2,1,0,0,1,1,0.8999999999999999,0,1,0.190136950224284,0,0.20789731048021395,0.21099226023493423,21,LOW
user_0768,12,1,0,0,1,328.1528063836193,10.654441479576196,0.6485856415695884,0,1,1,0,0,1,1,0.65,0,1,0.2776734227293848,0,0.2018966446523599,0.0,12,LOW
user_0769,19,0,0,0,1,286.6505200359539,13.433365231033308,18.228751180862645,0,2,1,0,0,1,1,0.8999999999999999,0,1,0.190136950224284,0,0.20789731048021395,0.21099226023493423,21,LOW
user_0770,16,0,0,0,1,177.05227620672878,11.881098257972369,21.40180101399491,0,1,1,0,0,1,1,0.65,0,1,0.2776734227293848,0,0.2018966446523599,0.0,12,LOW
user_0771,12,1,0,1,1,206.91403125621588,20.89260233088345,15.41657039571646,0,1,1,1,0,1,1,0.85,0,1,0.2332993702223167,0,0.24213381063915532,0.10695635049384,19,LOW
user_0772,15,4,0,0,1,253.5735768854765,2.055760015901558,17.189683569023735,0,1,1,0,0,1,1,0.65,0,1,0.2776734227293848,0,0.2018966446523599,0.0,12,LOW
user_0773,16,2,0,1,1,140.02864571840357,88.9815628442181,8.243602712837376,0,1,1,1,0,1,2,0.95,0,1,0.1509357020843734,0,0.04950631867309361,0.30548041714105467,15,LOW
user_0774,15,4,0,0,1,260.18140424823684,68.89861398904881,3.0772825131664296,0,1,1,0,0,1,2,0.75,0,1,0.2193048404666994,0,0.33007420523328185,0.14068786125229182,25,LOW
user_0775,9,5,0,0,1,134.30505436472112,68.1070227130892,10.306667729174508,0,1,1,0,0,1,2,0.75,0,1,0.2193048404666994,0,0.33007420523328185,0.14068786125229182,25,LOW
user_0776,11,2,0,0,1,301.4060073338706,52.85654458715522,5.790003462359298,0,1,1,0,0,1,2,0.75,0,1,0.2193048404666994,0,0.33007420523328185,0.14068786125229182,25,LOW
user_0777,13,1,0,1,1,294.4364210875025,26.994245862246068,0.0535085122366222,0,1,1,1,0,1,1,0.85,0,1,0.2332993702223167,0,0.24213381063915532,0.10695635049384,19,LOW
user_0778,13,2,2,0,1,270.2868816549043,6.247090112569019,6.478406131403217,0,1,1,0,2,1,1,0.95,0,1,0.1483955927109178,0,0.007188301157192252,0.31160293273497597,13,LOW
user_0779,15,5,0,0,1,199.4472981388613,1.268743609923864,10.53221967565336,0,1,1,0,0,1,1,0.65,0,1,0.2776734227293848,0,0.2018966446523599,0.0,12,LOW
user_0780,14,4,0,0,1,250.2121694768124,2.6151606897253084,0.1398093914056185,0,1,1,0,0,1,1,0.65,0,1,0.2776734227293848,0,0.2018966446523599,0.0,12,LOW
user_0781,9,0,0,0,1,209.19735074912103,9.788777725373004,9.71170281056622,0,1,1,0,0,1,1,0.65,0,1,0.2776734227293848,0,0.2018966446523599,0.0,12,LOW
user_0782,15,3,0,0,1,178.151083352996,17.52358860920236,10.570824346440638,0,1,1,0,0,1,1,0.65,0,1,0.2776734227293848,0,0.2018966446523599,0.0,12,LOW
user_0783,15,3,0,0,1,219.6754192937153,124.96669669942658,1.721030380318008,0,1,1,0,0,1,2,0.75,0,1,0.2193048404666994,0,0.33007420523328185,0.14068786125229182,25,LOW
user_0784,6,5,0,0,1,281.8959321895257,113.7132965427448,5.640052314867217,0,2,1,0,0,1,2,1.0,0,1,0.1157188029811144,0,0.21090605726134576,0.39036495643785196,28,LOW
user_0785,17,0,0,0,0,242.6288515699057,18.59239199316488,33.33518197580483,0,1,1,0,0,1,1,0.65,1,1,0.2776734227293848,0,0.15500519134380158,0.0,9,LOW
user_0786,16,2,0,0,1,327.0425954480654,29.69897999687276,21.55797693988225,0,1,1,0,0,1,1,0.65,0,1,0.2776734227293848,0,0.2018966446523599,0.0,12,LOW
user_0787,15,4,2,1,1,285.9468323688165,4.9836606366095415,5.290259542845673,0,1,1,1,2,1,1,1.15,0,1,0.0590725335016217,0,0.024931712964170426,0.5269014661842195,23,LOW
user_0788,13,2,0,0,1,279.5214488343371,67.51209802905059,4.305464333246399,0,1,1,0,0,1,2,0.75,0,1,0.2193048404666994,0,0.33007420523328185,0.14068786125229182,25,LOW
user_0789,9,2,1,0,1,143.46440703326377,18.82426651979565,1.3248129385910925,0,1,1,0,1,1,1,0.7999999999999999,0,1,0.2129135634933541,0,0.13356667006213288,0.15609298252120107,14,LOW
user_0790,15,0,0,0,1,222.8904881906833,8.082950445105142,0.358231393710594,0,1,1,0,0,1,1,0.65,0,1,0.2776734227293848,0,0.2018966446523599,0.0,12,LOW
user_0791,14,1,2,0,1,176.137655373948,68.3761532312021,3.530568933303619,0,1,1,0,2,1,2,1.05,0,1,0.0515919801040551,0,0.01030309988802873,0.5449321090007749,22,LOW
user_0792,14,1,0,0,1,229.01982722256577,24.55079062654773,28.18144354134952,0,1,1,0,0,1,1,0.65,0,1,0.2776734227293848,0,0.2018966446523599,0.0,12,LOW
user_0793,10,5,2,1,0,198.4034325646106,16.526184954448365,13729.701242413612,1,1,4,1,2,1,1,1.7500000000000002,1,-1,-0.0761863267491658,1,1.0,0.8529206879372072,94,HIGH
user_0794,10,1,0,0,1,217.3437028165237,21.696796270352163,16.74079588632112,0,1,1,0,0,1,1,0.65,0,1,0.2776734227293848,0,0.2018966446523599,0.0,12,LOW
user_0795,17,2,0,0,1,303.669763942431,34.48815481385116,4.320526657601834,0,1,1,0,0,1,1,0.65,0,1,0.2776734227293848,0,0.2018966446523599,0.0,12,LOW
user_0796,13,3,0,0,1,268.51499574035006,4.196801496042534,1.5504858785517368,0,1,1,0,0,1,1,0.65,0,1,0.2776734227293848,0,0.2018966446523599,0.0,12,LOW
user_0797,16,0,0,0,1,300.4268657388981,50.03063049683145,9.05186303895068,0,1,1,0,0,1,2,0.75,0,1,0.2193048404666994,0,0.33007420523328185,0.14068786125229182,25,LOW
user_0798,14,2,0,2,1,143.95901345904088,80.16553686301994,10.398859584026368,0,1,1,2,0,1,2,1.15,0,1,0.0682545724467911,0,0.5708054293276346,0.5047696724853863,54,MEDIUM
user_0799,14,4,0,2,1,243.4784817969398,20.92541866769064,5.526438943447525,0,1,1,2,0,1,1,1.05,0,1,0.1541262400811022,0,0.4301355521591885,0.2977901503981718,38,MEDIUM
user_0800,16,4,2,0,0,298.0022988837961,28.663899465259785,9566.804560457567,1,1,4,0,2,1,1,1.5500000000000005,1,-1,-0.0398435368800551,1,0.9980601933947105,0.7653223742482461,90,HIGH
user_0801,12,3,0,0,1,330.37775489322934,49.12310351621381,13.73109211115502,0,1,1,0,0,1,1,0.65,0,1,0.2776734227293848,0,0.2018966446523599,0.0,12,LOW
user_0802,14,3,0,1,1,147.1146966184504,11.7425171351064,15.281421297629784,0,1,1,1,0,1,1,0.85,0,1,0.2332993702223167,0,0.24213381063915532,0.10695635049384,19,LOW
user_0803,12,0,1,0,1,218.9109818303298,123.45249969955236,6.977539983840354,0,1,1,0,1,1,2,0.8999999999999999,0,1,0.1194195039721256,0,0.26547768987979625,0.3814450257597952,31,MEDIUM
user_0804,12,5,0,0,1,302.0536004402858,28.52505727385797,15.68491657921158,0,1,1,0,0,1,1,0.65,0,1,0.2776734227293848,0,0.2018966446523599,0.0,12,LOW
user_0805,13,0,2,2,1,228.46330123131327,13.79113396234073,0.2580656973650556,0,1,1,2,2,1,1,1.3500000000000003,0,-1,-0.0012227218875239,1,0.6588122986256364,0.6722332559162896,66,MEDIUM
user_0806,14,4,0,0,1,185.3749395498166,28.278746645319025,11.406987283212487,0,1,1,0,0,1,1,0.65,0,1,0.2776734227293848,0,0.2018966446523599,0.0,12,LOW
user_0807,12,1,0,0,1,147.00004929023953,18.43688455959316,2.687084907457177,0,1,1,0,0,1,1,0.65,0,1,0.2776734227293848,0,0.2018966446523599,0.0,12,LOW
user_0808,17,5,0,1,1,183.07790792021,2.959499544348253,3.154237272905429,0,1,1,1,0,1,1,0.85,0,1,0.2332993702223167,0,0.24213381063915532,0.10695635049384,19,LOW
user_0809,12,3,0,0,1,138.66589988617625,82.74776057689466,0.9574215035757712,0,1,1,0,0,1,2,0.75,0,1,0.2193048404666994,0,0.33007420523328185,0.14068786125229182,25,LOW
user_0810,13,4,0,0,1,243.50762741004155,20.77437073673069,2.136788130860927,0,1,1,0,0,1,1,0.65,0,1,0.2776734227293848,0,0.2018966446523599,0.0,12,LOW
user_0811,12,1,0,0,1,293.7786111467196,39.72196255811603,48.29343392465652,0,1,1,0,0,1,1,0.65,0,1,0.2776734227293848,0,0.2018966446523599,0.0,12,LOW
user_0812,18,2,0,0,1,164.34151446548375,4.207861111795912,5.368105440723267,0,1,1,0,0,1,1,0.65,0,1,0.2776734227293848,0,0.2018966446523599,0.0,12,LOW
user_0813,14,3,0,0,1,255.46378447266315,19.32409383847183,26.27836105344403,0,1,1,0,0,1,1,0.65,0,1,0.2776734227293848,0,0.2018966446523599,0.0,12,LOW
user_0814,3,4,0,0,1,290.71626176675204,149.09614649921383,1.778111776952101,0,3,1,0,0,1,2,1.25,0,1,0.0406781887288436,0,0.004507732605558692,0.5712380069206875,23,LOW
user_0815,9,0,0,0,1,239.83750038909903,111.21392264443234,2.282300181044581,0,1,1,0,0,1,2,0.75,0,1,0.2193048404666994,0,0.33007420523328185,0.14068786125229182,25,LOW
user_0816,14,6,0,2,1,143.35834230496528,53.939894058506376,8.160232096015513,0,1,1,2,0,1,2,1.15,0,1,0.0682545724467911,0,0.5708054293276346,0.5047696724853863,54,MEDIUM
user_0817,16,4,0,0,1,263.1726932797502,49.94186226511125,4.300640066914199,0,1,1,0,0,1,1,0.65,0,1,0.2776734227293848,0,0.2018966446523599,0.0,12,LOW
user_0818,14,1,0,0,1,236.7211833141318,7.107532779979417,10.325863983293369,0,1,1,0,0,1,1,0.65,0,1,0.2776734227293848,0,0.2018966446523599,0.0,12,LOW
user_0819,17,4,0,0,1,230.60972108394867,45.50159742720276,5.482619943877635,0,1,1,0,0,1,1,0.65,0,1,0.2776734227293848,0,0.2018966446523599,0.0,12,LOW
user_0820,12,2,0,1,1,207.1897652543721,4.636600555550834,16.691732538128864,0,1,1,1,0,1,1,0.85,0,1,0.2332993702223167,0,0.24213381063915532,0.10695635049384,19,LOW
user_0821,18,2,0,0,1,245.2072455764425,5.519523130003966,5.6485787826340665,0,1,1,0,0,1,1,0.65,0,1,0.2776734227293848,0,0.2018966446523599,0.0,12,LOW
user_0822,20,1,0,0,1,270.5890745068176,2.9166249401330675,8.494482632028511,0,2,1,0,0,1,1,0.8999999999999999,0,1,0.190136950224284,0,0.20789731048021395,0.21099226023493423,21,LOW
user_0823,12,3,0,0,1,383.4388880601509,48.7272729334014,3.872419628662977,0,1,1,0,0,1,1,0.65,0,1,0.2776734227293848,0,0.2018966446523599,0.0,12,LOW
user_0824,12,4,0,0,1,246.73992410323228,2.86436242584375,12.175343053226154,0,1,1,0,0,1,1,0.65,0,1,0.2776734227293848,0,0.2018966446523599,0.0,12,LOW
user_0825,18,2,0,0,1,330.6684696007604,3.715733588306046,10.634407497682693,0,1,1,0,0,1,1,0.65,0,1,0.2776734227293848,0,0.2018966446523599,0.0,12,LOW
user_0826,18,3,0,0,1,261.4653050056126,7.055331346190479,5.058397949828822,0,1,1,0,0,1,1,0.65,0,1,0.2776734227293848,0,0.2018966446523599,0.0,12,LOW
user_0827,12,3,0,1,1,234.0283003411348,21.254524179076,3.2300822845049586,0,1,1,1,0,1,1,0.85,0,1,0.2332993702223167,0,0.24213381063915532,0.10695635049384,19,LOW
user_0828,2,3,0,1,1,248.91285166267755,64.54467523460698,9.521883471711298,0,3,1,1,0,1,2,1.45,0,-1,-0.0026340983693405,1,0.05069452606217311,0.6756351466415933,30,LOW
user_0829,13,0,0,2,1,166.69581781844943,13.541923186245803,28.67368069074596,0,1,1,2,0,1,1,1.05,0,1,0.1541262400811022,0,0.4301355521591885,0.2977901503981718,38,MEDIUM
user_0830,9,4,1,0,1,258.3516162451223,19.75720308526597,1.4230464994847225,0,1,1,0,1,1,1,0.7999999999999999,0,1,0.2129135634933541,0,0.13356667006213288,0.15609298252120107,14,LOW
user_0831,11,2,0,2,1,120.47609611071763,4.552721484109008,16.05030730072791,0,1,1,2,0,1,1,1.05,0,1,0.1541262400811022,0,0.4301355521591885,0.2977901503981718,38,MEDIUM
user_0832,10,1,0,1,1,188.2400185266881,7.729312182034036,7.830538856418606,0,1,1,1,0,1,1,0.85,0,1,0.2332993702223167,0,0.24213381063915532,0.10695635049384,19,LOW
user_0833,11,1,0,0,1,246.59058558802863,3.5946162370394337,7.456194753245548,0,1,1,0,0,1,1,0.65,0,1,0.2776734227293848,0,0.2018966446523599,0.0,12,LOW
user_0834,13,2,0,0,1,311.6389363907307,494.0538294800104,32.618915670186325,0,1,1,0,0,1,3,0.8500000000000001,0,1,0.1140437691094343,0,0.29646344472155617,0.3944023499087308,34,MEDIUM
user_0835,15,4,1,0,1,325.83746381990363,0.01,9.310866474946064,0,1,1,0,1,1,1,0.7999999999999999,0,1,0.2129135634933541,0,0.13356667006213288,0.15609298252120107,14,LOW
user_0836,18,2,0,0,1,225.8072052215439,8.352559724413517,17.750075361506074,0,1,1,0,0,1,1,0.65,0,1,0.2776734227293848,0,0.2018966446523599,0.0,12,LOW
user_0837,11,4,2,0,1,249.3430391718265,46.769394126965736,7.2252913112460435,0,1,1,0,2,1,1,0.95,0,1,0.1483955927109178,0,0.007188301157192252,0.31160293273497597,13,LOW
user_0838,16,0,0,0,1,299.06174817492166,99.39851099584628,2.8748658123488657,0,1,1,0,0,1,2,0.75,0,1,0.2193048404666994,0,0.33007420523328185,0.14068786125229182,25,LOW
user_0839,13,2,0,0,1,160.23038566842487,3.200233888336536,11.857736562232116,0,1,1,0,0,1,1,0.65,0,1,0.2776734227293848,0,0.2018966446523599,0.0,12,LOW
user_0840,13,6,0,0,1,264.28485031893024,0.4505367907942736,25.662499606513588,0,1,1,0,0,1,1,0.65,0,1,0.2776734227293848,0,0.2018966446523599,0.0,12,LOW
user_0841,16,4,0,0,0,8.488851600321837,811.7320058929073,18.40299267085224,1,1,1,0,0,3,3,1.05,1,-1,-0.0182440342796388,1,0.9988425925925927,0.7132603280726179,88,HIGH
user_0842,10,1,0,0,1,229.69049731939688,5.287869390854729,2.2110014828504894,0,1,1,0,0,1,1,0.65,0,1,0.2776734227293848,0,0.2018966446523599,0.0,12,LOW
user_0843,17,2,0,1,1,212.45860497034107,96.55523703749137,3.810980886084225,0,1,1,1,0,1,2,0.95,0,1,0.1509357020843734,0,0.04950631867309361,0.30548041714105467,15,LOW
user_0844,14,1,0,2,1,10.371536243190825,465.9624661393158,7.274916040275066,1,1,1,2,0,3,3,1.4500000000000002,0,-1,-0.0854873782892629,1,0.9945612720612722,0.87533934190904,95,HIGH
user_0845,15,2,1,0,1,273.0182204405454,62.1024910579369,8.477056323990633,0,1,1,0,1,1,2,0.8999999999999999,0,1,0.1194195039721256,0,0.26547768987979625,0.3814450257597952,31,MEDIUM
user_0846,14,4,0,0,1,293.46472064384386,26.88496184103804,2.154409358432088,0,1,1,0,0,1,1,0.65,0,1,0.2776734227293848,0,0.2018966446523599,0.0,12,LOW
user_0847,21,4,0,0,1,260.8919297078669,1.0364270469430823,2.613807902565454,0,2,1,0,0,1,1,0.8999999999999999,0,1,0.190136950224284,0,0.20789731048021395,0.21099226023493423,21,LOW
user_0848,12,1,0,0,1,250.2992261981338,0.3730251835831261,14.222576326888642,0,1,1,0,0,1,1,0.65,0,1,0.2776734227293848,0,0.2018966446523599,0.0,12,LOW
user_0849,12,5,0,0,1,351.2414280263161,5.56509547272008,13.10509629026797,0,1,1,0,0,1,1,0.65,0,1,0.2776734227293848,0,0.2018966446523599,0.0,12,LOW
user_0850,12,3,0,0,1,148.53845578816936,9.57444414102535,18.276487410836467,0,1,1,0,0,1,1,0.65,0,1,0.2776734227293848,0,0.2018966446523599,0.0,12,LOW
user_0851,12,2,0,2,1,341.73659160775435,16.56660528713869,27.02015555462232,0,1,1,2,0,1,1,1.05,0,1,0.1541262400811022,0,0.4301355521591885,0.2977901503981718,38,MEDIUM
user_0852,12,2,2,0,0,222.6106854678962,349.1552773105191,11288.056017934248,1,1,4,0,2,1,3,1.7500000000000002,1,-1,-0.0975615571868642,1,0.9466585081585082,0.9044421629752807,93,HIGH
user_0853,17,3,0,0,1,274.25349518209833,9.451760663013344,19.63223866173631,0,1,1,0,0,1,1,0.65,0,1,0.2776734227293848,0,0.2018966446523599,0.0,12,LOW
user_0854,18,3,0,0,1,220.46041916438395,11.81165524360748,10.96649589850725,0,1,1,0,0,1,1,0.65,0,1,0.2776734227293848,0,0.2018966446523599,0.0,12,LOW
user_0855,12,2,0,0,1,197.84750222690244,9.987247258631111,31.646344477802323,0,1,1,0,0,1,1,0.65,0,1,0.2776734227293848,0,0.2018966446523599,0.0,12,LOW
user_0856,11,2,1,0,1,269.0746315676537,0.2251441621953271,3.1755609864333243,0,1,1,0,1,1,1,0.7999999999999999,0,1,0.2129135634933541,0,0.13356667006213288,0.15609298252120107,14,LOW
user_0857,15,0,0,0,1,302.5276985168666,77.63953738666322,3.1426084830425074,0,1,1,0,0,1,2,0.75,0,1,0.2193048404666994,0,0.33007420523328185,0.14068786125229182,25,LOW
user_0858,12,4,0,0,1,268.3804772980443,3.7413998559133312,12.183876971196424,0,1,1,0,0,1,1,0.65,0,1,0.2776734227293848,0,0.2018966446523599,0.0,12,LOW
user_0859,11,3,0,0,1,207.47305279902707,155.11383956369468,26.36810691733016,0,1,1,0,0,1,2,0.75,0,1,0.2193048404666994,0,0.33007420523328185,0.14068786125229182,25,LOW
user_0860,14,0,0,0,1,6.213902470392419,482.6241490211981,17.404343766287504,1,1,1,0,0,3,3,1.05,0,-1,-0.0182440342796388,1,1.0,0.7132603280726179,89,HIGH
user_0861,9,4,0,0,1,311.9144202519751,16.860253321602826,12.9842839463821,0,1,1,0,0,1,1,0.65,0,1,0.2776734227293848,0,0.2018966446523599,0.0,12,LOW
user_0862,18,5,0,0,1,296.00053825243515,67.26733573187157,4.898948716977799,0,1,1,0,0,1,2,0.75,0,1,0.2193048404666994,0,0.33007420523328185,0.14068786125229182,25,LOW
user_0863,19,5,0,0,1,218.8221461554677,2.6534848511072493,12.650234939658676,0,2,1,0,0,1,1,0.8999999999999999,0,1,0.190136950224284,0,0.20789731048021395,0.21099226023493423,21,LOW
user_0864,12,2,0,0,1,202.49005270265764,14.535535713237628,16.149308532026737,0,1,1,0,0,1,1,0.65,0,1,0.2776734227293848,0,0.2018966446523599,0.0,12,LOW
user_0865,12,0,0,0,1,223.20965544942365,0.565724007552783,13.995242100727332,0,1,1,0,0,1,1,0.65,0,1,0.2776734227293848,0,0.2018966446523599,0.0,12,LOW
user_0866,14,2,0,0,1,304.88439266354897,36.839723151756864,11.29517363432088,0,1,1,0,0,1,1,0.65,0,1,0.2776734227293848,0,0.2018966446523599,0.0,12,LOW
user_0867,15,0,0,0,1,180.5637397754504,25.626575382906424,0.482781095670077,0,1,1,0,0,1,1,0.65,0,1,0.2776734227293848,0,0.2018966446523599,0.0,12,LOW
user_0868,15,5,0,0,1,175.907770112741,30.07422135357783,10.779715806444433,0,1,1,0,0,1,1,0.65,0,1,0.2776734227293848,0,0.2018966446523599,0.0,12,LOW
user_0869,20,1,0,0,1,272.3728520016611,15.982406135690985,6.506523245801768,0,2,1,0,0,1,1,0.8999999999999999,0,1,0.190136950224284,0,0.20789731048021395,0.21099226023493423,21,LOW
user_0870,13,1,1,0,1,259.15178667852723,59.54964567427987,32.588979193335504,0,1,1,0,1,1,2,0.8999999999999999,0,1,0.1194195039721256,0,0.26547768987979625,0.3814450257597952,31,MEDIUM
user_0871,11,2,0,0,1,193.78118772654625,13.172073499686729,9.344289476834614,0,1,1,0,0,1,1,0.65,0,1,0.2776734227293848,0,0.2018966446523599,0.0,12,LOW
user_0872,9,2,0,0,1,174.52778529508652,18.04304303517685,9.370733425972874,0,1,1,0,0,1,1,0.65,0,1,0.2776734227293848,0,0.2018966446523599,0.0,12,LOW
user_0873,11,4,0,1,1,326.2738196021059,29.709805550166973,51.25236266535371,0,1,2,1,0,1,1,1.05,0,1,0.0574023346576487,0,0.03386407145826229,0.5309272056165586,23,LOW
user_0874,13,2,0,0,1,261.4202655179737,18.378446500217024,0.9826109824356922,0,1,1,0,0,1,1,0.65,0,1,0.2776734227293848,0,0.2018966446523599,0.0,12,LOW
user_0875,19,0,0,0,1,158.18784817631803,350.5476672795688,3.234008399200369,1,2,1,0,0,1,3,1.1,0,1,0.0342845539061483,0,0.6068219504766365,0.5866488113974004,60,MEDIUM
user_0876,12,1,2,0,1,162.38246783506236,9.534095466832056,10.67344575512078,0,1,1,0,2,1,1,0.95,0,1,0.1483955927109178,0,0.007188301157192252,0.31160293273497597,13,LOW
user_0877,14,2,2,0,1,218.30928165297183,2.4208814274105794,3.7868139953161672,0,1,1,0,2,1,1,0.95,0,1,0.1483955927109178,0,0.007188301157192252,0.31160293273497597,13,LOW
user_0878,13,0,0,0,1,283.970508419858,14.167863618120638,4.248775378728599,0,1,1,0,0,1,1,0.65,0,1,0.2776734227293848,0,0.2018966446523599,0.0,12,LOW
user_0879,0,3,0,0,1,10.808400004838518,1703.1674979303166,22.316136183403216,1,3,1,0,0,3,4,1.65,0,-1,-0.1237278321217416,1,1.0,0.9675116622644687,99,HIGH
user_0880,3,3,0,0,1,307.90071222007305,0.01,8.65963428375122,0,3,1,0,0,1,1,1.15,0,1,0.0815285198183811,0,0.0013513513513513514,0.47277500697029895,19,LOW
user_0881,12,3,0,1,1,150.57901155235214,24.896008711300563,1.085495762037063,0,1,1,1,0,1,1,0.85,0,1,0.2332993702223167,0,0.24213381063915532,0.10695635049384,19,LOW
user_0882,12,5,0,0,1,253.4308013867794,55.84330505809096,3.72314587698176,0,1,1,0,0,1,2,0.75,0,1,0.2193048404666994,0,0.33007420523328185,0.14068786125229182,25,LOW
user_0883,17,5,0,0,1,325.5546199392817,10.301812208137546,0.7910638736594188,0,1,1,0,0,1,1,0.65,0,1,0.2776734227293848,0,0.2018966446523599,0.0,12,LOW
user_0884,16,5,0,0,1,319.9681038285659,6.276782395890503,8.12223402277177,0,1,1,0,0,1,1,0.65,0,1,0.2776734227293848,0,0.2018966446523599,0.0,12,LOW
user_0885,19,1,0,0,1,261.5345988847612,55.87457793864428,1.902749368888946,0,2,1,0,0,1,2,1.0,0,1,0.1157188029811144,0,0.21090605726134576,0.39036495643785196,28,LOW
user_0886,15,0,0,1,1,380.88111051923255,29.43694265716631,19.45716218036892,0,1,1,1,0,1,1,0.85,0,1,0.2332993702223167,0,0.24213381063915532,0.10695635049384,19,LOW
user_0887,12,1,0,0,1,276.5571069849516,2.784321285524641,8.611257549656385,0,1,1,0,0,1,1,0.65,0,1,0.2776734227293848,0,0.2018966446523599,0.0,12,LOW
user_0888,15,4,0,2,1,302.5647979704806,13.110944254843243,0.6121141349679149,0,1,1,2,0,1,1,1.05,0,1,0.1541262400811022,0,0.4301355521591885,0.2977901503981718,38,MEDIUM
user_0889,17,6,0,0,1,242.6668751265304,28.028319531633183,3.5792667506210347,0,1,1,0,0,1,1,0.65,0,1,0.2776734227293848,0,0.2018966446523599,0.0,12,LOW
user_0890,16,4,0,0,1,193.1414824293428,21.35543634816957,9.579924550029208,0,1,1,0,0,1,1,0.65,0,1,0.2776734227293848,0,0.2018966446523599,0.0,12,LOW
user_0891,15,0,0,0,1,187.48744795327525,24.0941986658106,4.0871786989724415,0,1,1,0,0,1,1,0.65,0,1,0.2776734227293848,0,0.2018966446523599,0.0,12,LOW
user_0892,17,5,0,0,1,250.8969128876652,20.93324449490857,7.198539909029741,0,1,1,0,0,1,1,0.65,0,1,0.2776734227293848,0,0.2018966446523599,0.0,12,LOW
user_0893,17,2,0,0,1,227.3098795889876,39.99478540930296,24.008849790296274,0,1,1,0,0,1,1,0.65,0,1,0.2776734227293848,0,0.2018966446523599,0.0,12,LOW
user_0894,18,0,0,0,1,133.88485980519113,9.657263891307892,4.308382568641547,0,1,1,0,0,1,1,0.65,0,1,0.2776734227293848,0,0.2018966446523599,0.0,12,LOW
user_0895,15,2,2,0,1,178.45238490445553,30.81465287017165,4.0928167565010805,0,1,1,0,2,1,1,0.95,0,1,0.1483955927109178,0,0.007188301157192252,0.31160293273497597,13,LOW
user_0896,13,0,2,0,0,220.8957855567544,117.98492084256311,11058.058742596186,1,1,4,0,2,1,2,1.65,1,-1,-0.0795610185938726,1,1.0,0.8610548272226302,94,HIGH
user_0897,14,3,0,0,1,283.63676255622954,12.355721945720418,3.838355079742221,0,1,1,0,0,1,1,0.65,0,1,0.2776734227293848,0,0.2018966446523599,0.0,12,LOW
user_0898,13,1,0,0,1,239.0355668302755,211.9288235742476,0.8116487655500909,0,1,1,0,0,1,3,0.8500000000000001,0,1,0.1140437691094343,0,0.29646344472155617,0.3944023499087308,34,MEDIUM
user_0899,11,2,2,0,1,235.6761473699692,302.5641587468714,1.996039864443922,0,1,1,0,2,1,3,1.15,0,1,0.0057788241369982,0,0.10169334419705707,0.6553571815375012,32,MEDIUM
user_0900,15,3,0,0,1,180.78524237980105,8.278546638060622,29.720206453139262,0,1,1,0,0,1,1,0.65,0,1,0.2776734227293848,0,0.2018966446523599,0.0,12,LOW
user_0901,12,4,1,0,1,241.38996480372592,68.28189889067687,27.074422745928025,0,1,1,0,1,1,2,0.8999999999999999,0,1,0.1194195039721256,0,0.26547768987979625,0.3814450257597952,31,MEDIUM
user_0902,14,3,0,0,1,319.1460616467593,0.6570172017472503,2.5464981550624954,0,1,1,0,0,1,1,0.65,0,1,0.2776734227293848,0,0.2018966446523599,0.0,12,LOW
user_0903,17,2,2,2,1,249.33450676551345,6.129212771500384,8.063200737442276,0,1,1,2,2,1,1,1.3500000000000003,0,-1,-0.0012227218875239,1,0.6588122986256364,0.6722332559162896,66,MEDIUM
user_0904,14,4,0,0,1,149.5611851110883,16.488975677288956,1.4776721472297707,0,1,1,0,0,1,1,0.65,0,1,0.2776734227293848,0,0.2018966446523599,0.0,12,LOW
user_0905,14,5,0,0,1,164.90863234172815,12.847743607179355,11.229386760001107,0,1,1,0,0,1,1,0.65,0,1,0.2776734227293848,0,0.2018966446523599,0.0,12,LOW
user_0906,9,0,1,0,1,275.3273326333892,24.80027044121443,2.04942445978083,0,1,1,0,1,1,1,0.7999999999999999,0,1,0.2129135634933541,0,0.13356667006213288,0.15609298252120107,14,LOW
user_0907,16,2,2,0,0,226.5410714866428,5.352181166676029,10726.367065725248,1,1,4,0,2,1,1,1.5500000000000005,1,-1,-0.0398435368800551,1,0.9980601933947105,0.7653223742482461,90,HIGH
user_0908,15,1,0,0,1,235.52518619378915,1.8289760654746887,17.4237980575491,0,1,1,0,0,1,1,0.65,0,1,0.2776734227293848,0,0.2018966446523599,0.0,12,LOW
user_0909,20,0,0,0,1,203.23594949911453,11.52444800664611,3.9363592368891016,0,2,1,0,0,1,1,0.8999999999999999,0,1,0.190136950224284,0,0.20789731048021395,0.21099226023493423,21,LOW
user_0910,13,3,0,0,1,270.20473273199474,18.577100260050774,1.1487497217990048,0,1,1,0,0,1,1,0.65,0,1,0.2776734227293848,0,0.2018966446523599,0.0,12,LOW
user_0911,14,4,0,0,1,221.94493720527905,20.63851407180688,17.95189048691688,0,1,1,0,0,1,1,0.65,0,1,0.2776734227293848,0,0.2018966446523599,0.0,12,LOW
user_0912,14,0,0,1,1,228.80320669628367,23.000788219869094,14.371560751617364,0,1,1,1,0,1,1,0.85,0,1,0.2332993702223167,0,0.24213381063915532,0.10695635049384,19,LOW
user_0913,18,4,2,2,0,188.9265965002124,19.888469127662884,11.512489600309085,0,1,1,2,2,1,1,1.3500000000000003,1,-1,-0.0012227218875239,1,0.35314424780214254,0.6722332559162896,48,MEDIUM
user_0914,13,4,0,0,1,295.3014778885662,7.050850352502333,24.219173137692213,0,1,1,0,0,1,1,0.65,0,1,0.2776734227293848,0,0.2018966446523599,0.0,12,LOW
user_0915,14,5,0,0,0,226.73203250301472,36.15638952260949,6.718282267438667,0,1,1,0,0,1,1,0.65,1,1,0.2776734227293848,0,0.15500519134380158,0.0,9,LOW
user_0916,15,1,0,0,1,276.4728199871856,2.2968594213556024,1.3703064798272049,0,1,1,0,0,1,1,0.65,0,1,0.2776734227293848,0,0.2018966446523599,0.0,12,LOW
user_0917,7,5,0,0,1,168.38450615795892,0.01,0.6330878146557204,0,2,1,0,0,1,1,0.8999999999999999,0,1,0.190136950224284,0,0.20789731048021395,0.21099226023493423,21,LOW
user_0918,12,1,0,0,1,344.0329883027165,33.61710579732001,3.833724842092797,0,1,1,0,0,1,1,0.65,0,1,0.2776734227293848,0,0.2018966446523599,0.0,12,LOW
user_0919,5,3,0,2,0,316.64244231079334,8.203094249895932,0.9083412544985312,1,3,1,2,0,1,1,1.5500000000000005,1,1,0.0178213557717713,0,1.0,0.6263306409898065,85,HIGH
user_0920,17,0,0,0,1,125.4121398204644,17.00446303858755,7.6681404460987554,0,1,1,0,0,1,1,0.65,0,1,0.2776734227293848,0,0.2018966446523599,0.0,12,LOW
user_0921,10,0,0,2,1,191.8837514961771,9.907595312609038,0.1460515576191143,0,1,1,2,0,1,1,1.05,0,1,0.1541262400811022,0,0.4301355521591885,0.2977901503981718,38,MEDIUM
user_0922,14,4,0,1,1,268.6580634605931,17.68019988383149,5.865613586134476,0,1,1,1,0,1,1,0.85,0,1,0.2332993702223167,0,0.24213381063915532,0.10695635049384,19,LOW
user_0923,11,2,0,0,1,160.81628063105975,10.641279570759531,1.965750040895016,0,1,1,0,0,1,1,0.65,0,1,0.2776734227293848,0,0.2018966446523599,0.0,12,LOW
user_0924,17,1,2,0,1,232.10435507020048,128.78189702900815,4.592900948425949,0,1,1,0,2,1,2,1.05,0,1,0.0515919801040551,0,0.01030309988802873,0.5449321090007749,22,LOW
user_0925,9,1,0,0,1,265.5979071586078,11.058839561116072,11.24034947597342,0,1,1,0,0,1,1,0.65,0,1,0.2776734227293848,0,0.2018966446523599,0.0,12,LOW
user_0926,12,3,0,0,1,228.9164452812309,24.65773386090436,4.322667411098856,0,1,1,0,0,1,1,0.65,0,1,0.2776734227293848,0,0.2018966446523599,0.0,12,LOW
user_0927,15,0,0,0,0,272.3303222122258,54.80813890048728,4.175476395946932,0,1,1,0,0,1,2,0.75,1,1,0.2193048404666994,0,0.06599719639822756,0.14068786125229182,10,LOW
user_0928,18,4,0,1,1,198.4002057238871,25.398287742493338,46.83210956488448,1,1,1,1,0,1,1,0.85,0,1,0.2332993702223167,0,0.24213381063915532,0.10695635049384,19,LOW
user_0929,13,0,0,0,1,105.34910746991268,20.859547342045403,12.687414771954028,0,1,1,0,0,2,1,0.75,0,1,0.0934671910539906,0,0.40261253039389167,0.44399880482146026,42,MEDIUM
user_0930,12,1,0,0,1,298.92691872990366,21.054492706657165,7.212621520380597,0,1,1,0,0,1,1,0.65,0,1,0.2776734227293848,0,0.2018966446523599,0.0,12,LOW
user_0931,19,2,0,0,1,298.5488792161518,17.152338448453293,8.660151262754676,0,2,1,0,0,1,1,0.8999999999999999,0,1,0.190136950224284,0,0.20789731048021395,0.21099226023493423,21,LOW
user_0932,9,2,0,0,1,390.2181985373,41.20192205340218,9.680647510513827,0,1,1,0,0,1,1,0.65,0,1,0.2776734227293848,0,0.2018966446523599,0.0,12,LOW
user_0933,7,1,0,0,1,107.56880892394112,1.293494808201522,0.2488241451598042,0,2,1,0,0,2,1,1.0,0,1,0.0618751271830673,0,0.061783675212844294,0.5201462753655137,25,LOW
user_0934,18,1,1,0,1,285.04992656080896,244.07383086730889,0.8366924870040936,0,1,1,0,1,1,3,1.0,0,1,0.0520534259176199,0,0.4862092838962424,0.543819869811855,51,MEDIUM
user_0935,12,6,0,1,1,121.87907171499678,22.064885009684133,10.475086636331111,0,1,1,1,0,1,1,0.85,0,1,0.2332993702223167,0,0.24213381063915532,0.10695635049384,19,LOW
user_0936,10,3,1,0,1,345.3895969005192,47.24090500241459,4.532941869541822,0,1,1,0,1,1,1,0.7999999999999999,0,1,0.2129135634933541,0,0.13356667006213288,0.15609298252120107,14,LOW
user_0937,16,0,0,0,1,269.2720100217606,0.2611770946032094,0.5704034576170856,1,1,1,0,0,1,1,0.65,0,1,0.2776734227293848,0,0.2018966446523599,0.0,12,LOW
user_0938,14,2,2,0,0,182.8842691394248,50.86675346938184,14460.062242626169,1,1,4,0,2,1,2,1.65,1,-1,-0.0795610185938726,1,1.0,0.8610548272226302,94,HIGH
user_0939,12,4,0,0,1,286.81334847608616,3.199741387734906,1.3958789100757552,0,1,1,0,0,1,1,0.65,0,1,0.2776734227293848,0,0.2018966446523599,0.0,12,LOW
user_0940,10,1,0,0,1,206.81729953698385,31.93312968800205,24.80681694211374,0,1,1,0,0,1,1,0.65,0,1,0.2776734227293848,0,0.2018966446523599,0.0,12,LOW
user_0941,16,0,0,0,1,258.0249659730761,13.468687274362347,2.268069942256882,0,1,1,0,0,1,1,0.65,0,1,0.2776734227293848,0,0.2018966446523599,0.0,12,LOW
user_0942,15,4,0,0,1,252.35764297254505,28.56977833228903,1.5512421718740366,0,1,1,0,0,1,1,0.65,0,1,0.2776734227293848,0,0.2018966446523599,0.0,12,LOW
user_0943,13,3,0,0,1,344.65008816883767,24.73429005868173,9.839509660612766,0,1,1,0,0,1,1,0.65,0,1,0.2776734227293848,0,0.2018966446523599,0.0,12,LOW
user_0944,19,3,0,0,1,348.89555460519074,4.4601273160605,7.379603171791661,0,2,1,0,0,1,1,0.8999999999999999,0,1,0.190136950224284,0,0.20789731048021395,0.21099226023493423,21,LOW
user_0945,10,0,2,0,1,204.16407760358965,18.070258575219587,8.578625299187568,0,1,1,0,2,1,1,0.95,0,1,0.1483955927109178,0,0.007188301157192252,0.31160293273497597,13,LOW
user_0946,9,0,0,0,1,303.48633707976217,8.116622026971424,5.726090956112104,0,1,1,0,0,1,1,0.65,0,1,0.2776734227293848,0,0.2018966446523599,0.0,12,LOW
user_0947,11,3,0,0,1,261.2904093342178,20.549346747531345,6.2955156181289205,0,1,1,0,0,1,1,0.65,0,1,0.2776734227293848,0,0.2018966446523599,0.0,12,LOW
user_0948,13,1,0,0,1,155.2390759795853,447.9565274545392,15.086769598793133,0,1,1,0,0,1,3,0.8500000000000001,0,1,0.1140437691094343,0,0.29646344472155617,0.3944023499087308,34,MEDIUM
user_0949,14,2,0,0,1,198.2262971776692,2.1187596806390774,2.4836160123048496,0,1,1,0,0,1,1,0.65,0,1,0.2776734227293848,0,0.2018966446523599,0.0,12,LOW
user_0950,13,3,0,0,1,380.1687659759774,18.12949080562526,5.0505779443900645,0,1,1,0,0,1,1,0.65,0,1,0.2776734227293848,0,0.2018966446523599,0.0,12,LOW
user_0951,15,1,0,0,1,261.47126406627933,24.034152100265946,31.659367775140844,0,1,1,0,0,1,1,0.65,0,1,0.2776734227293848,0,0.2018966446523599,0.0,12,LOW
user_0952,10,5,0,0,1,299.98677477105133,8.75197057059027,2.107033786147281,0,1,1,0,0,1,1,0.65,0,1,0.2776734227293848,0,0.2018966446523599,0.0,12,LOW
user_0953,18,4,0,0,1,227.2773412579805,76.44204455151187,3.478194059884147,0,1,1,0,0,1,2,0.75,0,1,0.2193048404666994,0,0.33007420523328185,0.14068786125229182,25,LOW
user_0954,13,4,0,0,1,207.6034851168395,310.95905902093864,2.126573792550203,0,1,1,0,0,1,3,0.8500000000000001,0,1,0.1140437691094343,0,0.29646344472155617,0.3944023499087308,34,MEDIUM
user_0955,1,0,0,1,1,241.63587045806847,0.01,0.2070844370932236,0,3,1,1,0,1,1,1.35,0,1,0.0315454029659408,0,0.6610978799349574,0.593251083929748,63,MEDIUM
user_0956,17,0,2,0,1,224.03375668522696,71.30838424505738,3.144777925802128,0,1,1,0,2,1,2,1.05,0,1,0.0515919801040551,0,0.01030309988802873,0.5449321090007749,22,LOW
user_0957,15,2,0,1,1,150.40482413810412,19.50357571441005,0.4758171290123369,0,1,1,1,0,1,1,0.85,0,1,0.2332993702223167,0,0.24213381063915532,0.10695635049384,19,LOW
user_0958,16,0,0,0,1,179.8004725527581,33.40024627638286,1.6804608956338778,0,1,1,0,0,1,1,0.65,0,1,0.2776734227293848,0,0.2018966446523599,0.0,12,LOW
user_0959,15,6,1,0,1,282.47307086473387,5.346763774902064,4.504866428470952,0,1,1,0,1,1,1,0.7999999999999999,0,1,0.2129135634933541,0,0.13356667006213288,0.15609298252120107,14,LOW
user_0960,15,0,0,1,1,217.15855865385527,0.77948890858828,0.2093891403584496,0,1,1,1,0,1,1,0.85,0,1,0.2332993702223167,0,0.24213381063915532,0.10695635049384,19,LOW
user_0961,17,2,0,1,1,241.54229292167443,20.90235936385709,13.98191111378986,0,1,1,1,0,1,1,0.85,0,1,0.2332993702223167,0,0.24213381063915532,0.10695635049384,19,LOW
user_0962,14,2,0,0,1,254.09538302983265,22.81993581597904,15.876226734157186,0,1,1,0,0,1,1,0.65,0,1,0.2776734227293848,0,0.2018966446523599,0.0,12,LOW
user_0963,16,3,0,0,1,258.7830029291232,3.823028435070467,5.300318930301922,0,1,1,0,0,1,1,0.65,0,1,0.2776734227293848,0,0.2018966446523599,0.0,12,LOW
user_0964,13,0,1,0,1,308.79474367892226,23.01613309469873,41.77681348748475,0,1,1,0,1,1,1,0.7999999999999999,0,1,0.2129135634933541,0,0.13356667006213288,0.15609298252120107,14,LOW
user_0965,18,2,0,0,1,174.07825109588808,75.89967047114129,11.362951990464415,0,1,1,0,0,1,2,0.75,0,1,0.2193048404666994,0,0.33007420523328185,0.14068786125229182,25,LOW
user_0966,11,1,0,0,1,274.21516341261747,95.756018356906,13.614915028243573,0,1,1,0,0,1,2,0.75,0,1,0.2193048404666994,0,0.33007420523328185,0.14068786125229182,25,LOW
user_0967,19,4,0,0,1,285.30166761117886,384.703773427823,2.135651010680508,0,2,1,0,0,1,3,1.1,0,1,0.0342845539061483,0,0.6068219504766365,0.5866488113974004,60,MEDIUM
user_0968,13,0,1,1,1,299.1511067400903,41.1368081894129,18.1669349130889,0,1,1,1,1,1,1,1.0,0,1,0.1244119810262747,0,0.2600647053805528,0.3694114814818421,30,LOW
user_0969,9,5,0,0,1,155.22494403510763,5.873061170594063,29.012660501717427,0,1,1,0,0,1,1,0.65,0,1,0.2776734227293848,0,0.2018966446523599,0.0,12,LOW
user_0970,14,4,0,0,1,255.2891531008199,4.252963410860319,2.695935494374941,0,1,1,0,0,1,1,0.65,0,1,0.2776734227293848,0,0.2018966446523599,0.0,12,LOW
user_0971,11,1,2,0,0,342.964556783911,14.717318984885386,11.598420318901647,0,1,1,0,2,1,1,0.95,1,1,0.1483955927109178,0,0.0018309859154929577,0.31160293273497597,13,LOW
user_0972,16,4,0,0,1,234.0527688506026,24.16538550086793,13.741328081612082,0,1,1,0,0,1,1,0.65,0,1,0.2776734227293848,0,0.2018966446523599,0.0,12,LOW
user_0973,12,0,0,0,1,269.0096821178575,47.54137029359493,3.6408687572262863,0,1,1,0,0,1,1,0.65,0,1,0.2776734227293848,0,0.2018966446523599,0.0,12,LOW
user_0974,19,6,0,0,1,286.8237356751111,0.01,6.443741642942928,0,2,1,0,0,1,1,0.8999999999999999,0,1,0.190136950224284,0,0.20789731048021395,0.21099226023493423,21,LOW
user_0975,8,2,0,0,1,178.47180933610437,16.33123955403008,1.0262990670026075,0,2,1,0,0,1,1,0.8999999999999999,0,1,0.190136950224284,0,0.20789731048021395,0.21099226023493423,21,LOW
user_0976,12,1,0,0,1,350.02948373999845,26.063378618355653,1.900652265145472,0,1,1,0,0,1,1,0.65,0,1,0.2776734227293848,0,0.2018966446523599,0.0,12,LOW
user_0977,6,2,0,0,1,269.9700478181342,14.746443656831351,0.6354757084803987,0,2,1,0,0,1,1,0.8999999999999999,0,1,0.190136950224284,0,0.20789731048021395,0.21099226023493423,21,LOW
user_0978,9,0,0,0,1,271.1701688516056,15.137277152266387,8.21356737694438,0,1,1,0,0,1,1,0.65,0,1,0.2776734227293848,0,0.2018966446523599,0.0,12,LOW
user_0979,16,6,0,0,1,140.2783573193679,6.3760859144330215,9.815305582748367,1,1,1,0,0,1,1,0.65,0,1,0.2776734227293848,0,0.2018966446523599,0.0,12,LOW
user_0980,16,0,0,0,1,287.6726878927988,107.92640188022516,24.78363106743928,0,1,1,0,0,1,2,0.75,0,1,0.2193048404666994,0,0.33007420523328185,0.14068786125229182,25,LOW
user_0981,15,3,0,0,1,270.38462048274823,16.118131076223737,7.812896929481194,0,1,1,0,0,1,1,0.65,0,1,0.2776734227293848,0,0.2018966446523599,0.0,12,LOW
user_0982,16,2,0,1,1,337.4514796633239,0.01,3.019316110237405,0,1,1,1,0,1,1,0.85,0,1,0.2332993702223167,0,0.24213381063915532,0.10695635049384,19,LOW
user_0983,13,5,2,0,1,221.3240871417388,6.165400014199256,0.6131550367341653,0,1,1,0,2,1,1,0.95,0,1,0.1483955927109178,0,0.007188301157192252,0.31160293273497597,13,LOW
user_0984,13,1,0,0,1,180.7405002240935,18.045700202441186,21.624149969756736,1,1,1,0,0,1,1,0.65,0,1,0.2776734227293848,0,0.2018966446523599,0.0,12,LOW
user_0985,10,2,2,0,1,199.06566031354,7.371009420012893,6.517328722659952,0,1,1,0,2,1,1,0.95,0,1,0.1483955927109178,0,0.007188301157192252,0.31160293273497597,13,LOW
user_0986,18,2,0,0,1,6.168285220763047,719.6368752938431,13.36826291322586,1,1,1,0,0,3,3,1.05,0,-1,-0.0182440342796388,1,1.0,0.7132603280726179,89,HIGH
user_0987,16,3,0,0,1,172.8692089121176,8.06450822174504,0.1475770988639362,0,1,1,0,0,1,1,0.65,0,1,0.2776734227293848,0,0.2018966446523599,0.0,12,LOW
user_0988,23,0,0,0,1,317.4096014259596,0.01,6.697020240891176,0,3,1,0,0,1,1,1.15,0,1,0.0815285198183811,0,0.0013513513513513514,0.47277500697029895,19,LOW
user_0989,14,1,0,1,1,319.6618717759,21.10803888294708,3.941137143998648,0,1,1,1,0,1,1,0.85,0,1,0.2332993702223167,0,0.24213381063915532,0.10695635049384,19,LOW
user_0990,14,1,0,0,1,228.25249793159668,12.254342326293068,0.3080078397390026,0,1,1,0,0,1,1,0.65,0,1,0.2776734227293848,0,0.2018966446523599,0.0,12,LOW
user_0991,7,4,0,0,1,216.43440467494835,57.23901186817288,14.946496101741529,0,2,1,0,0,1,2,1.0,0,1,0.1157188029811144,0,0.21090605726134576,0.39036495643785196,28,LOW
user_0992,13,1,1,0,0,131.07108520084128,1.038972628798038,7.19289231510674,0,1,1,0,1,1,1,0.7999999999999999,1,1,0.2129135634933541,0,0.04680970107273437,0.15609298252120107,9,LOW
user_0993,11,3,0,0,1,281.7576753182163,1.104030255633934,4.052354989570596,0,1,1,0,0,1,1,0.65,0,1,0.2776734227293848,0,0.2018966446523599,0.0,12,LOW
user_0994,10,1,0,0,1,339.2064065295506,54.26119870917013,16.38858916293384,0,1,1,0,0,1,2,0.75,0,1,0.2193048404666994,0,0.33007420523328185,0.14068786125229182,25,LOW
user_0995,13,4,2,0,1,201.76831696442665,3.3853188090775777,5.92258863622019,0,1,1,0,2,1,1,0.95,0,1,0.1483955927109178,0,0.007188301157192252,0.31160293273497597,13,LOW
user_0996,19,5,1,0,1,232.9929284534161,0.054061012852133,0.0350408852185849,0,2,1,0,1,1,1,1.05,0,1,0.1004614283124124,0,0.02209191694512681,0.4271403470204811,18,LOW
user_0997,15,2,2,1,1,266.05748767894386,4.928181468183289,28.90429136232129,0,1,1,1,2,1,1,1.15,0,1,0.0590725335016217,0,0.024931712964170426,0.5269014661842195,23,LOW
user_0998,12,1,2,0,0,343.46510163659434,43.41419951844701,13179.197643537826,1,1,4,0,2,1,1,1.5500000000000005,1,-1,-0.0398435368800551,1,0.9980601933947105,0.7653223742482461,90,HIGH
user_0999,22,1,0,2,1,251.98657331010568,0.01,17.75348009347865,0,2,1,2,0,1,1,1.3000000000000005,0,1,0.0461621116072437,0,0.06294630480760484,0.5580199133654522,26,LOW
user_1000,21,0,0,0,1,251.7257949615911,55.41926669299836,16.9507959559877,0,2,1,0,0,1,2,1.0,0,1,0.1157188029811144,0,0.21090605726134576,0.39036495643785196,28,LOW
user_1001,16,1,0,0,1,250.7591100695882,27.567835966966143,1.77183496892847,0,1,1,0,0,1,1,0.65,0,1,0.2776734227293848,0,0.2018966446523599,0.0,12,LOW
user_1002,14,3,0,0,1,154.4980495857796,17.693818475225058,6.424591636239143,0,1,1,0,0,1,1,0.65,0,1,0.2776734227293848,0,0.2018966446523599,0.0,12,LOW
user_1003,12,2,0,0,1,153.1925607702081,58.777317261780496,0.4102928527276222,0,1,1,0,0,1,2,0.75,0,1,0.2193048404666994,0,0.33007420523328185,0.14068786125229182,25,LOW
user_1004,16,5,0,0,1,191.52028985310764,1.4519452581697658,4.378101228500554,0,1,1,0,0,1,1,0.65,0,1,0.2776734227293848,0,0.2018966446523599,0.0,12,LOW
user_1005,15,2,0,0,1,300.7734344422424,41.9401257224209,13.129652532894143,0,1,1,0,0,1,1,0.65,0,1,0.2776734227293848,0,0.2018966446523599,0.0,12,LOW
user_1006,16,3,0,0,1,219.8785757672404,4.676278172799795,2.7058830048028693,0,1,1,0,0,1,1,0.65,0,1,0.2776734227293848,0,0.2018966446523599,0.0,12,LOW
user_1007,15,2,0,0,1,208.22375707186245,12.423926684133638,1.2457497080244826,0,1,1,0,0,1,1,0.65,0,1,0.2776734227293848,0,0.2018966446523599,0.0,12,LOW
user_1008,17,2,0,0,1,207.169523751374,5.3285047866146575,7.074967467633244,0,1,1,0,0,1,1,0.65,0,1,0.2776734227293848,0,0.2018966446523599,0.0,12,LOW
user_1009,12,1,0,0,0,231.74058729163937,30.31814245067041,7.699988179279295,0,1,1,0,0,1,1,0.65,1,1,0.2776734227293848,0,0.15500519134380158,0.0,9,LOW
user_1010,17,2,0,0,1,342.12647604609845,28.35543068623757,11.264839127778396,0,1,1,0,0,1,1,0.65,0,1,0.2776734227293848,0,0.2018966446523599,0.0,12,LOW
user_1011,14,2,0,0,1,230.9281568581727,19.84616449734181,14.235300723923912,0,1,1,0,0,1,1,0.65,0,1,0.2776734227293848,0,0.2018966446523599,0.0,12,LOW
user_1012,20,3,0,0,1,192.8221556775085,29.946706608706307,11.9010123187876,0,2,1,0,0,1,1,0.8999999999999999,0,1,0.190136950224284,0,0.20789731048021395,0.21099226023493423,21,LOW
user_1013,11,5,0,0,1,241.514737744898,25.51107587375126,18.66993112925207,0,1,1,0,0,1,1,0.65,0,1,0.2776734227293848,0,0.2018966446523599,0.0,12,LOW
user_1014,19,1,0,0,1,345.3050163456922,37.45211599617185,2.5219455527025603,0,2,1,0,0,1,1,0.8999999999999999,0,1,0.190136950224284,0,0.20789731048021395,0.21099226023493423,21,LOW
user_1015,14,0,1,0,1,209.83051686386304,6.84141070801298,8.434277667083924,0,1,1,0,1,1,1,0.7999999999999999,0,1,0.2129135634933541,0,0.13356667006213288,0.15609298252120107,14,LOW
user_1016,12,2,0,0,1,169.1396994941433,14.005326060065752,4.464361097002424,0,1,1,0,0,1,1,0.65,0,1,0.2776734227293848,0,0.2018966446523599,0.0,12,LOW
user_1017,12,3,0,0,1,209.94052381617496,4.110858166160528,32.73130262316779,0,1,1,0,0,1,1,0.65,0,1,0.2776734227293848,0,0.2018966446523599,0.0,12,LOW
user_1018,13,0,0,0,1,247.725824180906,14.035153175544476,5.803177688242941,0,1,1,0,0,1,1,0.65,0,1,0.2776734227293848,0,0.2018966446523599,0.0,12,LOW
user_1019,15,4,0,0,1,281.2944570495204,30.24069839709434,32.117496051337234,0,1,1,0,0,1,1,0.65,0,1,0.2776734227293848,0,0.2018966446523599,0.0,12,LOW
user_1020,15,6,0,0,1,300.4130147209348,29.39201741272839,14.656218255636526,0,1,1,0,0,1,1,0.65,0,1,0.2776734227293848,0,0.2018966446523599,0.0,12,LOW
user_1021,12,5,0,0,1,177.2569635622603,30.897502764314066,12.674944633317978,0,1,1,0,0,1,1,0.65,0,1,0.2776734227293848,0,0.2018966446523599,0.0,12,LOW
user_1022,13,1,0,1,1,182.94927993245585,9.2319771090324,6.764153651916861,0,1,1,1,0,1,1,0.85,0,1,0.2332993702223167,0,0.24213381063915532,0.10695635049384,19,LOW
user_1023,20,4,0,0,1,220.6042644367506,27.133566062958053,5.858691461768776,0,2,1,0,0,1,1,0.8999999999999999,0,1,0.190136950224284,0,0.20789731048021395,0.21099226023493423,21,LOW
user_1024,19,3,0,0,1,281.06958148181377,11.45054525341042,7.477051403170724,0,2,1,0,0,1,1,0.8999999999999999,0,1,0.190136950224284,0,0.20789731048021395,0.21099226023493423,21,LOW
user_1025,15,2,0,0,1,164.39952614086468,72.28072387689028,3.47620435610747,0,1,1,0,0,1,2,0.75,0,1,0.2193048404666994,0,0.33007420523328185,0.14068786125229182,25,LOW
user_1026,14,3,0,1,1,203.56038537493816,10.515726263863597,23.487331189905536,0,1,1,1,0,1,1,0.85,0,1,0.2332993702223167,0,0.24213381063915532,0.10695635049384,19,LOW
user_1027,14,4,0,0,1,204.43537623528312,23.09662322331459,15.814855224294732,0,1,1,0,0,1,1,0.65,0,1,0.2776734227293848,0,0.2018966446523599,0.0,12,LOW
user_1028,15,2,0,0,1,296.5049313218623,34.671934695390824,16.164416530926797,0,1,1,0,0,1,1,0.65,0,1,0.2776734227293848,0,0.2018966446523599,0.0,12,LOW
user_1029,10,2,0,2,1,271.69564563986626,59.22010671470235,5.676669033973136,0,1,1,2,0,1,2,1.15,0,1,0.0682545724467911,0,0.5708054293276346,0.5047696724853863,54,MEDIUM
user_1030,13,2,0,0,1,294.2231016629952,14.403159925994052,0.7374229097854424,0,1,1,0,0,1,1,0.65,0,1,0.2776734227293848,0,0.2018966446523599,0.0,12,LOW
user_1031,8,3,0,2,1,320.32067845398325,11.176134290427942,11.490974399847664,0,2,1,2,0,1,1,1.3000000000000005,0,1,0.0461621116072437,0,0.06294630480760484,0.5580199133654522,26,LOW
user_1032,15,1,0,0,1,221.66099429465515,14.054208743881086,4.6906580349606735,0,1,1,0,0,1,1,0.65,0,1,0.2776734227293848,0,0.2018966446523599,0.0,12,LOW
user_1033,15,5,0,0,1,168.7556307087791,9.777827992354815,20.43536414788528,0,1,1,0,0,1,1,0.65,0,1,0.2776734227293848,0,0.2018966446523599,0.0,12,LOW
user_1034,12,3,0,0,0,169.1421829291788,26.52745727337321,15.156672737054937,0,1,1,0,0,1,1,0.65,1,1,0.2776734227293848,0,0.15500519134380158,0.0,9,LOW
user_1035,18,3,0,0,1,129.7135460964696,67.47110417746751,1.5703767551318346,0,1,1,0,0,1,2,0.75,0,1,0.2193048404666994,0,0.33007420523328185,0.14068786125229182,25,LOW
user_1036,10,0,0,0,1,212.47399022002844,3.368903743746203,9.20589283771076,0,1,1,0,0,1,1,0.65,0,1,0.2776734227293848,0,0.2018966446523599,0.0,12,LOW
user_1037,9,3,0,0,1,216.9466431100957,20.57695881665022,11.783503020290222,0,1,1,0,0,1,1,0.65,0,1,0.2776734227293848,0,0.2018966446523599,0.0,12,LOW
user_1038,14,0,1,0,1,287.25320440830285,56.98361283046109,8.396482132765964,0,1,1,0,1,1,2,0.8999999999999999,0,1,0.1194195039721256,0,0.26547768987979625,0.3814450257597952,31,MEDIUM
user_1039,17,0,0,1,1,7.989418779304426,869.7017256777877,7.216334410599091,1,1,1,1,0,3,3,1.25,0,-1,-0.0451238481195181,1,0.9956032697075936,0.7780496954581945,91,HIGH
user_1040,19,2,0,0,1,210.58029333944364,17.02381646087349,2.5859338070255102,0,2,1,0,0,1,1,0.8999999999999999,0,1,0.190136950224284,0,0.20789731048021395,0.21099226023493423,21,LOW
user_1041,12,2,0,0,1,233.04007643036485,50.104566461757095,2.6906556586275943,0,1,1,0,0,1,2,0.75,0,1,0.2193048404666994,0,0.33007420523328185,0.14068786125229182,25,LOW
user_1042,17,3,0,2,1,177.66159097711414,57.67793664541247,14.610529882869958,0,1,1,2,0,1,2,1.15,0,1,0.0682545724467911,0,0.5708054293276346,0.5047696724853863,54,MEDIUM
user_1043,13,0,1,0,1,301.5243942450772,18.056788229128685,0.1886664673750556,0,1,1,0,1,1,1,0.7999999999999999,0,1,0.2129135634933541,0,0.13356667006213288,0.15609298252120107,14,LOW
user_1044,13,2,0,0,1,192.84506623142948,0.6317114984511302,15.09185704165187,0,1,1,0,0,1,1,0.65,0,1,0.2776734227293848,0,0.2018966446523599,0.0,12,LOW
user_1045,16,0,0,0,1,171.60412368384627,2.7911495421582155,7.482344768458383,0,1,1,0,0,1,1,0.65,0,1,0.2776734227293848,0,0.2018966446523599,0.0,12,LOW
user_1046,15,6,0,0,1,289.0729180024482,22.09055185582657,27.523572047315085,0,1,1,0,0,1,1,0.65,0,1,0.2776734227293848,0,0.2018966446523599,0.0,12,LOW
user_1047,9,3,0,0,1,274.44985250183106,3.305694823179916,59.22516159835037,0,1,2,0,0,1,1,0.85,0,1,0.0725673737099781,0,0.033557155468056085,0.4943743748406145,22,LOW
user_1048,18,3,0,0,1,136.57887728645932,4.045854891045921,10.8911126203091,0,1,1,0,0,1,1,0.65,0,1,0.2776734227293848,0,0.2018966446523599,0.0,12,LOW
user_1049,18,1,0,0,1,291.3000980826133,36.97308421805524,5.314658322496134,0,1,1,0,0,1,1,0.65,0,1,0.2776734227293848,0,0.2018966446523599,0.0,12,LOW
user_1050,12,0,0,0,1,6.703879487019163,817.5091232568932,6.445206651339422,1,1,1,0,0,3,3,1.05,0,-1,-0.0182440342796388,1,1.0,0.7132603280726179,89,HIGH
user_1051,15,6,0,0,1,217.5537283461648,46.25157819754564,2.2842676751991005,0,1,1,0,0,1,1,0.65,0,1,0.2776734227293848,0,0.2018966446523599,0.0,12,LOW
user_1052,15,1,2,0,1,251.22120646163623,2.7938319949256463,1.0451012622086362,0,1,1,0,2,1,1,0.95,0,1,0.1483955927109178,0,0.007188301157192252,0.31160293273497597,13,LOW
user_1053,14,2,0,0,0,275.19749295700933,5.520683429535223,8.645605920100563,0,1,1,0,0,1,1,0.65,1,1,0.2776734227293848,0,0.15500519134380158,0.0,9,LOW
user_1054,12,3,0,0,0,266.7287504812516,44.73826335755135,16.37297912984681,0,1,1,0,0,1,1,0.65,1,1,0.2776734227293848,0,0.15500519134380158,0.0,9,LOW
user_1055,11,0,1,1,1,237.01090014563985,31.92143890354091,3.034951327759867,0,1,1,1,1,1,1,1.0,0,1,0.1244119810262747,0,0.2600647053805528,0.3694114814818421,30,LOW
user_1056,13,4,0,1,1,214.52140026504537,40.9917750067374,5.441287515077379,0,1,1,1,0,1,1,0.85,0,1,0.2332993702223167,0,0.24213381063915532,0.10695635049384,19,LOW
user_1057,17,2,1,0,1,264.73324161392685,114.5013925548792,8.091725009015926,0,1,1,0,1,1,2,0.8999999999999999,0,1,0.1194195039721256,0,0.26547768987979625,0.3814450257597952,31,MEDIUM
user_1058,15,1,0,0,1,232.8967297593464,49.95697535970488,23.848566657519047,0,1,1,0,0,1,1,0.65,0,1,0.2776734227293848,0,0.2018966446523599,0.0,12,LOW
user_1059,12,0,0,2,1,348.32126754755546,18.37336867579489,1.4923255923896197,0,1,1,2,0,1,1,1.05,0,1,0.1541262400811022,0,0.4301355521591885,0.2977901503981718,38,MEDIUM
user_1060,3,0,0,2,1,275.18454059819413,442.7651408194176,2.7034413848851373,1,3,1,2,0,1,3,1.7500000000000002,0,-1,-0.0710499607352379,1,0.9880823380566801,0.8405403230029291,93,HIGH
user_1061,5,4,0,0,0,184.5950625005787,21.08045571883361,25.075259701000853,0,3,1,0,0,1,1,1.15,1,1,0.0815285198183811,0,0.056363636363636366,0.47277500697029895,22,LOW
user_1062,17,3,0,0,1,211.34400291758087,408.4750414657517,0.4033835436248367,0,1,1,0,0,1,3,0.8500000000000001,0,1,0.1140437691094343,0,0.29646344472155617,0.3944023499087308,34,MEDIUM
user_1063,8,1,0,2,1,242.89153063558976,10.210943346872131,10.674498236411536,0,2,1,2,0,1,1,1.3000000000000005,0,1,0.0461621116072437,0,0.06294630480760484,0.5580199133654522,26,LOW
user_1064,12,0,0,0,1,317.9658729042273,36.84395919341815,10.203351229427897,0,1,1,0,0,1,1,0.65,0,1,0.2776734227293848,0,0.2018966446523599,0.0,12,LOW
user_1065,10,3,0,0,0,324.6663005467281,2.433535332166457,4.832987123014915,0,1,1,0,0,1,1,0.65,1,1,0.2776734227293848,0,0.15500519134380158,0.0,9,LOW
user_1066,10,3,0,0,1,216.2319167780661,37.784294104335466,6.314213845659173,0,1,1,0,0,1,1,0.65,0,1,0.2776734227293848,0,0.2018966446523599,0.0,12,LOW
user_1067,17,2,0,0,1,183.9819470046334,0.8130415354871903,19.3045584473716,0,1,1,0,0,1,1,0.65,0,1,0.2776734227293848,0,0.2018966446523599,0.0,12,LOW
user_1068,12,2,2,0,1,176.31014152762876,17.227188836280313,1.80302073340174,0,1,1,0,2,1,1,0.95,0,1,0.1483955927109178,0,0.007188301157192252,0.31160293273497597,13,LOW
user_1069,15,1,0,0,1,255.1457254329468,49.410657778348224,2.6340252503611064,0,1,1,0,0,1,1,0.65,0,1,0.2776734227293848,0,0.2018966446523599,0.0,12,LOW
user_1070,13,3,0,0,1,378.2270585530496,2.2616682423099483,7.181581872841254,0,1,1,0,0,1,1,0.65,0,1,0.2776734227293848,0,0.2018966446523599,0.0,12,LOW
user_1071,15,6,0,0,1,272.3456462553061,18.23174215067336,5.272013487052498,0,1,1,0,0,1,1,0.65,0,1,0.2776734227293848,0,0.2018966446523599,0.0,12,LOW
user_1072,14,0,2,0,1,144.36524839895958,4.340729300621545,8.541907226129625,0,1,1,0,2,1,1,0.95,0,1,0.1483955927109178,0,0.007188301157192252,0.31160293273497597,13,LOW
user_1073,3,3,2,2,1,196.43975380523992,56.3010426323782,25.3627387651432,1,3,1,2,2,1,2,1.95,0,-1,-0.0889379704816692,1,0.988051048261185,0.8836564264909255,95,HIGH
user_1074,16,2,0,0,1,202.5651478893052,44.64625315104653,24.901445565561144,0,1,1,0,0,1,1,0.65,0,1,0.2776734227293848,0,0.2018966446523599,0.0,12,LOW
user_1075,12,2,1,0,1,7.680479825360357,713.0447173241171,2.613885822297337,1,1,1,0,1,3,3,1.2000000000000002,0,-1,-0.0466531783890061,1,0.9969658119658119,0.7817358943758647,91,HIGH
user_1076,9,1,0,0,1,216.7263705039468,51.98250709744837,3.597433794167275,0,1,1,0,0,1,2,0.75,0,1,0.2193048404666994,0,0.33007420523328185,0.14068786125229182,25,LOW
user_1077,12,4,2,0,1,262.1636916611965,33.34760614877484,1.768191404471838,0,1,1,0,2,1,1,0.95,0,1,0.1483955927109178,0,0.007188301157192252,0.31160293273497597,13,LOW
user_1078,18,2,0,0,1,280.9188701593588,5.11078046623434,26.281818827495115,0,1,1,0,0,1,1,0.65,0,1,0.2776734227293848,0,0.2018966446523599,0.0,12,LOW
user_1079,16,3,0,1,1,305.5058094549986,9.006412883914699,5.072721617939395,0,1,1,1,0,1,1,0.85,0,1,0.2332993702223167,0,0.24213381063915532,0.10695635049384,19,LOW
user_1080,12,1,0,0,1,271.45215438283066,17.171929867089606,5.9730104419450445,0,1,1,0,0,1,1,0.65,0,1,0.2776734227293848,0,0.2018966446523599,0.0,12,LOW
user_1081,12,1,0,0,1,122.75098558026954,22.222773903734687,16.22729762876784,0,1,1,0,0,1,1,0.65,0,1,0.2776734227293848,0,0.2018966446523599,0.0,12,LOW
user_1082,16,0,0,0,1,176.5617247481212,0.01,7.194366867676004,0,1,1,0,0,1,1,0.65,0,1,0.2776734227293848,0,0.2018966446523599,0.0,12,LOW
user_1083,20,3,0,0,1,230.5143577884485,6.435600107904181,1.2755554899421615,1,2,1,0,0,1,1,0.8999999999999999,0,1,0.190136950224284,0,0.20789731048021395,0.21099226023493423,21,LOW
user_1084,15,1,2,1,0,248.8367913460488,3.432100455888648,5.759842650364405,0,1,1,1,2,1,1,1.15,1,1,0.0590725335016217,0,0.017237484737484737,0.5269014661842195,22,LOW
user_1085,15,3,0,0,1,291.6851015925754,16.47396666357313,9.95669610477266,0,1,1,0,0,1,1,0.65,0,1,0.2776734227293848,0,0.2018966446523599,0.0,12,LOW
user_1086,17,2,0,0,1,242.5910505730064,365.9753077477853,12.7014497116131,0,1,1,0,0,1,3,0.8500000000000001,0,1,0.1140437691094343,0,0.29646344472155617,0.3944023499087308,34,MEDIUM
user_1087,14,2,0,2,1,243.0424352318205,29.582760590442227,10.366291156051076,0,1,1,2,0,1,1,1.05,0,1,0.1541262400811022,0,0.4301355521591885,0.2977901503981718,38,MEDIUM
user_1088,13,2,0,0,0,254.2678417883436,21.428791505394702,1.2690280375008467,0,1,1,0,0,1,1,0.65,1,1,0.2776734227293848,0,0.15500519134380158,0.0,9,LOW
user_1089,13,2,0,0,1,224.69869567312787,33.783587715648416,3.629007486207401,0,1,1,0,0,1,1,0.65,0,1,0.2776734227293848,0,0.2018966446523599,0.0,12,LOW
user_1090,13,0,0,0,1,245.2131083926687,1.6384504358267284,13.226236350195954,0,1,1,0,0,1,1,0.65,0,1,0.2776734227293848,0,0.2018966446523599,0.0,12,LOW
user_1091,17,1,0,0,1,307.549930740705,203.400963522739,21.21849746367157,0,1,1,0,0,1,3,0.8500000000000001,0,1,0.1140437691094343,0,0.29646344472155617,0.3944023499087308,34,MEDIUM
user_1092,16,3,0,2,1,8.466032317916605,1953.192269986884,0.4833600313154337,1,1,1,2,0,3,4,1.5500000000000005,0,-1,-0.1151287134810407,1,0.9984210526315789,0.9467849020226266,98,HIGH
user_1093,14,3,0,0,1,238.187236392943,9.842455816180056,0.4314668208666967,0,1,1,0,0,1,1,0.65,0,1,0.2776734227293848,0,0.2018966446523599,0.0,12,LOW
user_1094,16,1,2,1,1,237.98487571396865,28.457341580305663,10.311532750893482,0,1,1,1,2,1,1,1.15,0,1,0.0590725335016217,0,0.024931712964170426,0.5269014661842195,23,LOW
user_1095,13,2,0,2,1,317.86642882747014,1.1548179502634603,7.94175215344297,0,1,1,2,0,1,1,1.05,0,1,0.1541262400811022,0,0.4301355521591885,0.2977901503981718,38,MEDIUM
user_1096,14,1,1,0,0,173.51680039023347,2.175727556602773,1.6881997536079143,0,1,1,0,1,1,1,0.7999999999999999,1,1,0.2129135634933541,0,0.04680970107273437,0.15609298252120107,9,LOW
user_1097,8,1,0,0,1,346.55081368747176,1.9945241398722109,7.947183995613507,0,2,1,0,0,1,1,0.8999999999999999,0,1,0.190136950224284,0,0.20789731048021395,0.21099226023493423,21,LOW
user_1098,16,0,0,0,1,169.4170887290692,21.77754077972107,36.68580616650421,0,1,1,0,0,1,1,0.65,0,1,0.2776734227293848,0,0.2018966446523599,0.0,12,LOW
user_1099,15,4,2,0,1,7.434068260411176,816.4901339313769,9.96688266065368,1,1,1,0,2,3,3,1.35,0,-1,-0.0711451365419361,1,0.9899669497169497,0.8407697286209561,93,HIGH
user_1100,16,1,0,0,1,284.6842961829192,20.266586291343707,5.962766842277651,0,1,1,0,0,1,1,0.65,0,1,0.2776734227293848,0,0.2018966446523599,0.0,12,LOW
user_1101,8,1,0,0,1,301.8190017284203,154.68492257412342,17.57546396129748,0,2,1,0,0,1,2,1.0,0,1,0.1157188029811144,0,0.21090605726134576,0.39036495643785196,28,LOW
user_1102,20,1,0,0,1,155.79005898009072,10.616261307774602,2.3930149774269447,0,2,1,0,0,1,1,0.8999999999999999,0,1,0.190136950224284,0,0.20789731048021395,0.21099226023493423,21,LOW
user_1103,13,0,0,1,1,174.43788820517483,0.4729749909688904,5.349926938073529,0,1,1,1,0,1,1,0.85,0,1,0.2332993702223167,0,0.24213381063915532,0.10695635049384,19,LOW
user_1104,17,3,0,0,1,256.67056856831084,0.5462934348817182,7.502846596302339,0,1,1,0,0,1,1,0.65,0,1,0.2776734227293848,0,0.2018966446523599,0.0,12,LOW
user_1105,10,0,0,0,1,380.6651632658278,54.80069505803032,7.022684371327196,0,1,1,0,0,1,2,0.75,0,1,0.2193048404666994,0,0.33007420523328185,0.14068786125229182,25,LOW
user_1106,15,0,1,1,1,314.77576685992085,2.7055718385602345,25.379589962259285,0,1,1,1,1,1,1,1.0,0,1,0.1244119810262747,0,0.2600647053805528,0.3694114814818421,30,LOW
user_1107,10,3,0,0,1,225.11417702209133,211.6354030973372,3.4625528511365493,0,1,1,0,0,1,3,0.8500000000000001,0,1,0.1140437691094343,0,0.29646344472155617,0.3944023499087308,34,MEDIUM
user_1108,12,1,0,0,1,94.85225171545464,4.490807746890591,0.5816285772091536,0,1,1,0,0,2,1,0.75,0,1,0.0934671910539906,0,0.40261253039389167,0.44399880482146026,42,MEDIUM
user_1109,19,3,0,0,1,244.8985640652696,28.07014852305259,24.814391227794847,0,2,1,0,0,1,1,0.8999999999999999,0,1,0.190136950224284,0,0.20789731048021395,0.21099226023493423,21,LOW
user_1110,13,3,0,0,1,261.73780821879325,74.37642331727639,2.4470899430877453,0,1,1,0,0,1,2,0.75,0,1,0.2193048404666994,0,0.33007420523328185,0.14068786125229182,25,LOW
user_1111,14,1,2,0,1,217.0382915350318,11.246762792305615,4.764692447246542,0,1,1,0,2,1,1,0.95,0,1,0.1483955927109178,0,0.007188301157192252,0.31160293273497597,13,LOW
user_1112,16,3,0,0,1,188.95656056720424,33.1472206705804,7.569214594436012,0,1,1,0,0,1,1,0.65,0,1,0.2776734227293848,0,0.2018966446523599,0.0,12,LOW
user_1113,15,0,0,0,1,249.5499156192833,10.80254245729412,37.24733415945848,0,1,1,0,0,1,1,0.65,0,1,0.2776734227293848,0,0.2018966446523599,0.0,12,LOW
user_1114,6,2,1,2,1,183.4643283663624,6.682581347817145,7.66295333917962,0,2,1,2,1,1,1,1.4500000000000002,0,1,0.0005536998863659,0,0.07640147221880828,0.667951483593539,31,MEDIUM
user_1115,15,2,0,0,1,352.34691964852345,5.63503002770048,5.937423164266677,0,1,1,0,0,1,1,0.65,0,1,0.2776734227293848,0,0.2018966446523599,0.0,12,LOW
user_1116,21,1,0,0,1,331.004687852029,43.00014726589542,8.762013564961311,0,2,1,0,0,1,1,0.8999999999999999,0,1,0.190136950224284,0,0.20789731048021395,0.21099226023493423,21,LOW
user_1117,13,3,0,0,1,279.47475789556563,7.439507924711264,35.33866057978156,0,1,1,0,0,1,1,0.65,0,1,0.2776734227293848,0,0.2018966446523599,0.0,12,LOW
user_1118,14,4,0,0,1,245.382634147159,8.322501313572243,17.03444235789223,0,1,1,0,0,1,1,0.65,0,1,0.2776734227293848,0,0.2018966446523599,0.0,12,LOW
user_1119,17,6,0,0,1,200.3901548031864,171.9486553902357,1.850871410734924,0,1,1,0,0,1,2,0.75,0,1,0.2193048404666994,0,0.33007420523328185,0.14068786125229182,25,LOW
user_1120,17,3,0,1,1,238.75276896654591,9.911783171206151,16.25872294653394,0,1,1,1,0,1,1,0.85,0,1,0.2332993702223167,0,0.24213381063915532,0.10695635049384,19,LOW
user_1121,17,2,0,0,1,338.3578281124365,13.738056372911425,18.394742885525563,0,1,1,0,0,1,1,0.65,0,1,0.2776734227293848,0,0.2018966446523599,0.0,12,LOW
user_1122,15,1,0,0,1,292.1192435061977,115.26828495969286,11.734245369395529,0,1,1,0,0,1,2,0.75,0,1,0.2193048404666994,0,0.33007420523328185,0.14068786125229182,25,LOW
user_1123,10,1,0,0,1,252.2215367085876,11.52313782464462,10.70705702527678,0,1,1,0,0,1,1,0.65,0,1,0.2776734227293848,0,0.2018966446523599,0.0,12,LOW
user_1124,18,2,0,0,1,295.4384600500557,11.39865280847038,5.813857957694947,0,1,1,0,0,1,1,0.65,0,1,0.2776734227293848,0,0.2018966446523599,0.0,12,LOW
user_1125,10,2,0,0,1,272.7366398028497,43.96505246066685,10.263717804014757,0,1,1,0,0,1,1,0.65,0,1,0.2776734227293848,0,0.2018966446523599,0.0,12,LOW
user_1126,12,5,2,0,1,263.7766523932123,150.5914536081466,13.37789845943325,0,1,1,0,2,1,2,1.05,0,1,0.0515919801040551,0,0.01030309988802873,0.5449321090007749,22,LOW
user_1127,11,2,0,0,1,14.52273916031378,1467.6024603977366,1.3104334532485162,1,1,1,0,0,3,4,1.15,0,-1,-0.0665595353490385,1,1.0,0.8297168916429857,93,HIGH
user_1128,13,2,0,0,1,271.02165868948543,13.756936814990604,2.9750342467007744,0,1,1,0,0,1,1,0.65,0,1,0.2776734227293848,0,0.2018966446523599,0.0,12,LOW
user_1129,14,2,0,0,0,291.5130882062027,30.152777268809995,2.157731284426143,0,1,1,0,0,1,1,0.65,1,1,0.2776734227293848,0,0.15500519134380158,0.0,9,LOW
user_1130,14,4,0,0,1,249.6832229780705,1.1051466093876317,18.401842726577414,0,1,1,0,0,1,1,0.65,0,1,0.2776734227293848,0,0.2018966446523599,0.0,12,LOW
user_1131,15,3,0,0,1,224.7524506085938,11.706769376371817,11.394423817579325,0,1,1,0,0,1,1,0.65,0,1,0.2776734227293848,0,0.2018966446523599,0.0,12,LOW
user_1132,18,3,0,2,1,207.11022726359107,10.625561636565282,5.992535300600203,0,1,1,2,0,1,1,1.05,0,1,0.1541262400811022,0,0.4301355521591885,0.2977901503981718,38,MEDIUM
user_1133,15,1,0,0,1,199.96142367174247,7.019923975490751,17.490204362144294,0,1,1,0,0,1,1,0.65,0,1,0.2776734227293848,0,0.2018966446523599,0.0,12,LOW
user_1134,13,4,0,0,1,143.68977345350805,26.55368248825305,12.6153602947626,0,1,1,0,0,1,1,0.65,0,1,0.2776734227293848,0,0.2018966446523599,0.0,12,LOW
user_1135,16,0,0,0,1,185.28360319130013,8.561908444900778,24.486875316707227,0,1,1,0,0,1,1,0.65,0,1,0.2776734227293848,0,0.2018966446523599,0.0,12,LOW
user_1136,5,4,0,2,1,183.5487882250692,23.331571108253552,0.799169613526785,1,3,1,2,0,1,1,1.5500000000000005,0,1,0.0178213557717713,0,0.9935488642050614,0.6263306409898065,85,HIGH
user_1137,10,2,0,0,1,209.55928824095784,17.54646746991915,7.116317352397331,0,1,1,0,0,1,1,0.65,0,1,0.2776734227293848,0,0.2018966446523599,0.0,12,LOW
user_1138,15,2,0,0,1,333.73465263829746,6.121627596834731,12.267226425440295,0,1,1,0,0,1,1,0.65,0,1,0.2776734227293848,0,0.2018966446523599,0.0,12,LOW
user_1139,16,2,0,0,1,230.5462826667733,7.750443569293133,2.3255417617597884,0,1,1,0,0,1,1,0.65,0,1,0.2776734227293848,0,0.2018966446523599,0.0,12,LOW
user_1140,13,3,0,0,1,254.5060133930586,4.676319886027378,3.9619753300941896,0,1,1,0,0,1,1,0.65,0,1,0.2776734227293848,0,0.2018966446523599,0.0,12,LOW
user_1141,4,0,0,1,1,256.3991786707156,37.11159517841596,5.42963647440352,0,3,1,1,0,1,1,1.35,0,1,0.0315454029659408,0,0.6610978799349574,0.593251083929748,63,MEDIUM
user_1142,3,4,0,0,1,335.254854770542,0.01,15.814610319877648,0,3,1,0,0,1,1,1.15,0,1,0.0815285198183811,0,0.0013513513513513514,0.47277500697029895,19,LOW
user_1143,14,2,0,0,1,205.4648727692825,27.92872801997443,6.803814129239107,0,1,1,0,0,1,1,0.65,0,1,0.2776734227293848,0,0.2018966446523599,0.0,12,LOW
user_1144,13,1,0,0,1,226.6486751845163,471.2143043982133,6.789879627739682,0,1,1,0,0,1,3,0.8500000000000001,0,1,0.1140437691094343,0,0.29646344472155617,0.3944023499087308,34,MEDIUM
user_1145,14,0,1,1,1,233.628037693549,23.888291135381333,5.636773574195004,0,1,1,1,1,1,1,1.0,0,1,0.1244119810262747,0,0.2600647053805528,0.3694114814818421,30,LOW
user_1146,10,2,0,0,1,308.1920913464861,100.55256046416233,2.595340892794062,0,1,1,0,0,1,2,0.75,0,1,0.2193048404666994,0,0.33007420523328185,0.14068786125229182,25,LOW
user_1147,9,2,0,0,0,320.64634162526727,1.9328841608692864,25.64879322879956,0,1,1,0,0,1,1,0.65,1,1,0.2776734227293848,0,0.15500519134380158,0.0,9,LOW
user_1148,18,2,0,1,1,268.47502918163667,341.19207899316336,3.8243405170881406,0,1,1,1,0,1,3,1.05,0,1,0.0596166766321488,0,0.07429146882479426,0.5255898987230732,25,LOW
user_1149,11,3,0,0,1,313.9745624437128,33.016243827162015,8.380935586981694,0,1,1,0,0,1,1,0.65,0,1,0.2776734227293848,0,0.2018966446523599,0.0,12,LOW
user_1150,11,2,0,0,1,250.6596597881393,539.2911562127196,1.6108435372596055,0,1,1,0,0,1,3,0.8500000000000001,0,1,0.1140437691094343,0,0.29646344472155617,0.3944023499087308,34,MEDIUM
user_1151,7,6,0,0,1,229.64380514299063,551.5750666564481,5.695913146410695,0,2,1,0,0,1,3,1.1,0,1,0.0342845539061483,0,0.6068219504766365,0.5866488113974004,60,MEDIUM
user_1152,12,3,0,1,1,310.7234451951373,97.19696734999675,23.413624725940352,0,1,1,1,0,1,2,0.95,0,1,0.1509357020843734,0,0.04950631867309361,0.30548041714105467,15,LOW
user_1153,10,4,0,1,1,269.25706051402784,2.3162592530597004,53.959827900929525,0,1,2,1,0,1,1,1.05,0,1,0.0574023346576487,0,0.03386407145826229,0.5309272056165586,23,LOW
user_1154,18,0,0,1,1,195.8681600455451,43.18160418175623,4.490281319653897,0,1,1,1,0,1,1,0.85,0,1,0.2332993702223167,0,0.24213381063915532,0.10695635049384,19,LOW
user_1155,17,2,0,0,1,299.84525628746104,11.89376456531066,1.6722474486900545,0,1,1,0,0,1,1,0.65,0,1,0.2776734227293848,0,0.2018966446523599,0.0,12,LOW
user_1156,11,1,0,1,1,227.49044213878324,3.890516564058803,3.775360701973348,0,1,1,1,0,1,1,0.85,0,1,0.2332993702223167,0,0.24213381063915532,0.10695635049384,19,LOW
user_1157,20,3,0,0,1,220.15058863654767,16.990635781228256,3.963692536818912,0,2,1,0,0,1,1,0.8999999999999999,0,1,0.190136950224284,0,0.20789731048021395,0.21099226023493423,21,LOW
user_1158,16,4,2,0,0,293.5802620919827,1.8551269235079373,7161.161222913597,1,1,4,0,2,1,1,1.5500000000000005,1,-1,-0.0398435368800551,1,0.9980601933947105,0.7653223742482461,90,HIGH
user_1159,13,0,2,0,1,234.6700715493052,18.4589179993814,6.854900205679892,0,1,1,0,2,1,1,0.95,0,1,0.1483955927109178,0,0.007188301157192252,0.31160293273497597,13,LOW
user_1160,6,0,0,0,1,263.3375121624174,0.4886645960558318,14.63001460609452,0,2,1,0,0,1,1,0.8999999999999999,0,1,0.190136950224284,0,0.20789731048021395,0.21099226023493423,21,LOW
user_1161,20,4,0,0,1,279.716375044248,32.605092260970814,12.083265497946876,0,2,1,0,0,1,1,0.8999999999999999,0,1,0.190136950224284,0,0.20789731048021395,0.21099226023493423,21,LOW
user_1162,9,1,0,0,1,193.02341524365693,16.73428620740193,2.894285619106808,0,1,1,0,0,1,1,0.65,0,1,0.2776734227293848,0,0.2018966446523599,0.0,12,LOW
user_1163,9,3,0,1,1,263.0910338809321,15.3556118471905,15.336613219539784,0,1,1,1,0,1,1,0.85,0,1,0.2332993702223167,0,0.24213381063915532,0.10695635049384,19,LOW
user_1164,17,3,2,0,0,320.96838631569744,5.459855361694331,7514.440522079307,1,1,4,0,2,1,1,1.5500000000000005,1,-1,-0.0398435368800551,1,0.9980601933947105,0.7653223742482461,90,HIGH
user_1165,21,4,0,0,1,182.6119713756234,11.20656834581289,9.122742829995918,0,2,1,0,0,1,1,0.8999999999999999,0,1,0.190136950224284,0,0.20789731048021395,0.21099226023493423,21,LOW
user_1166,16,0,0,1,1,266.99453332987366,86.40062662861791,26.264846277884487,0,1,1,1,0,1,2,0.95,0,1,0.1509357020843734,0,0.04950631867309361,0.30548041714105467,15,LOW
user_1167,15,0,0,0,1,190.2319359251828,33.237465376496395,15.27618888273938,0,1,1,0,0,1,1,0.65,0,1,0.2776734227293848,0,0.2018966446523599,0.0,12,LOW
user_1168,15,3,0,0,1,301.2838610304239,5.548147930571493,9.04846237822152,0,1,1,0,0,1,1,0.65,0,1,0.2776734227293848,0,0.2018966446523599,0.0,12,LOW
user_1169,16,5,2,0,1,300.71433502498627,23.976911060511146,23.662279866678464,0,1,1,0,2,1,1,0.95,0,1,0.1483955927109178,0,0.007188301157192252,0.31160293273497597,13,LOW
user_1170,16,2,0,0,1,218.7406595850541,8.19897695248884,9.171873343033582,0,1,1,0,0,1,1,0.65,0,1,0.2776734227293848,0,0.2018966446523599,0.0,12,LOW
user_1171,14,1,2,0,1,372.5777191314518,26.749323155856,7.364537744285383,0,1,1,0,2,1,1,0.95,0,1,0.1483955927109178,0,0.007188301157192252,0.31160293273497597,13,LOW
user_1172,14,3,0,0,1,306.39751854823703,19.437958001406614,4.404577830665326,0,1,1,0,0,1,1,0.65,0,1,0.2776734227293848,0,0.2018966446523599,0.0,12,LOW
user_1173,13,5,1,1,1,282.41573910817016,13.766837376830544,21.444139113219943,0,1,1,1,1,1,1,1.0,0,1,0.1244119810262747,0,0.2600647053805528,0.3694114814818421,30,LOW
user_1174,11,4,0,0,1,279.03665376636815,27.944941418600187,1.309372413439633,0,1,1,0,0,1,1,0.65,0,1,0.2776734227293848,0,0.2018966446523599,0.0,12,LOW
user_1175,13,6,2,0,1,299.03561455237343,13.43446261450612,6.41509102630239,0,1,1,0,2,1,1,0.95,0,1,0.1483955927109178,0,0.007188301157192252,0.31160293273497597,13,LOW
user_1176,8,0,0,0,1,180.2614555653504,300.4305939746069,7.709213490445781,0,2,1,0,0,1,3,1.1,0,1,0.0342845539061483,0,0.6068219504766365,0.5866488113974004,60,MEDIUM
user_1177,13,0,0,0,1,251.67645590766145,32.696180825923186,8.091173506824902,0,1,1,0,0,1,1,0.65,0,1,0.2776734227293848,0,0.2018966446523599,0.0,12,LOW
user_1178,11,3,0,0,1,262.9914231226397,19.44797184313109,10.552362702428484,0,1,1,0,0,1,1,0.65,0,1,0.2776734227293848,0,0.2018966446523599,0.0,12,LOW
user_1179,10,4,0,1,1,215.9918362018464,52.40160999266805,7.04806131265724,0,1,1,1,0,1,2,0.95,0,1,0.1509357020843734,0,0.04950631867309361,0.30548041714105467,15,LOW
user_1180,14,1,0,0,1,267.8877161666379,44.13209967987884,2.9681451002596555,0,1,1,0,0,1,1,0.65,0,1,0.2776734227293848,0,0.2018966446523599,0.0,12,LOW
user_1181,18,1,2,0,1,313.9016580260404,18.973596701183965,19.4452188611489,0,1,1,0,2,1,1,0.95,0,1,0.1483955927109178,0,0.007188301157192252,0.31160293273497597,13,LOW
user_1182,16,4,0,1,1,214.6938547340456,592.1567007447445,10.715575738990388,0,1,1,1,0,1,3,1.05,0,1,0.0596166766321488,0,0.07429146882479426,0.5255898987230732,25,LOW
user_1183,10,0,0,0,1,236.73454197772168,279.4059697011649,19.532517285930023,0,1,1,0,0,1,3,0.8500000000000001,0,1,0.1140437691094343,0,0.29646344472155617,0.3944023499087308,34,MEDIUM
user_1184,11,2,0,0,1,190.7648822487633,10.972586875221287,3.230239588156053,0,1,1,0,0,1,1,0.65,0,1,0.2776734227293848,0,0.2018966446523599,0.0,12,LOW
user_1185,16,2,0,0,1,132.78065941135247,19.41935868700236,10.135091922710236,0,1,1,0,0,1,1,0.65,0,1,0.2776734227293848,0,0.2018966446523599,0.0,12,LOW
user_1186,11,3,0,0,1,286.73593083123063,26.04142167098733,12.523711530324556,0,1,1,0,0,1,1,0.65,0,1,0.2776734227293848,0,0.2018966446523599,0.0,12,LOW
user_1187,13,4,0,1,1,238.45597230964515,25.879571853234022,4.835431326339345,0,1,1,1,0,1,1,0.85,0,1,0.2332993702223167,0,0.24213381063915532,0.10695635049384,19,LOW
user_1188,15,1,0,0,1,242.85476502916725,27.984974328871708,16.72612661035795,0,1,1,0,0,1,1,0.65,0,1,0.2776734227293848,0,0.2018966446523599,0.0,12,LOW
user_1189,11,3,0,0,1,180.7935829095884,28.42878360857737,0.0251192709119358,0,1,1,0,0,1,1,0.65,0,1,0.2776734227293848,0,0.2018966446523599,0.0,12,LOW
user_1190,14,3,0,0,1,228.86978825782856,2.893168682994765,9.036700838850386,0,1,1,0,0,1,1,0.65,0,1,0.2776734227293848,0,0.2018966446523599,0.0,12,LOW
user_1191,9,3,0,1,1,305.7956273509274,5.32093142904324,9.508005815051767,0,1,1,1,0,1,1,0.85,0,1,0.2332993702223167,0,0.24213381063915532,0.10695635049384,19,LOW
user_1192,12,3,0,1,1,240.0492802067676,24.892887945071568,7.632329913131343,0,1,1,1,0,1,1,0.85,0,1,0.2332993702223167,0,0.24213381063915532,0.10695635049384,19,LOW
user_1193,14,1,0,0,1,241.7510254833248,13.113497092126703,9.943833276593503,0,1,1,0,0,1,1,0.65,0,1,0.2776734227293848,0,0.2018966446523599,0.0,12,LOW
user_1194,9,0,0,0,1,252.45169667180537,35.97673411274987,1.8299401126871764,0,1,1,0,0,1,1,0.65,0,1,0.2776734227293848,0,0.2018966446523599,0.0,12,LOW
user_1195,5,0,0,2,1,165.81707229561263,3.335693014618704,11.54489172097183,1,3,1,2,0,1,1,1.5500000000000005,0,1,0.0178213557717713,0,0.9935488642050614,0.6263306409898065,85,HIGH
user_1196,13,1,0,0,1,277.4952278461414,5.315076030278868,4.091553529488071,0,1,1,0,0,1,1,0.65,0,1,0.2776734227293848,0,0.2018966446523599,0.0,12,LOW
user_1197,15,2,0,1,1,164.68811310505015,20.437429426579,6.015780672373476,0,1,1,1,0,1,1,0.85,0,1,0.2332993702223167,0,0.24213381063915532,0.10695635049384,19,LOW
user_1198,14,4,0,1,1,183.6230651232584,17.366108481968926,4.051292105224784,0,1,1,1,0,1,1,0.85,0,1,0.2332993702223167,0,0.24213381063915532,0.10695635049384,19,LOW
user_1199,0,3,0,1,1,177.04711385957012,16.562567248809273,6.423327874763429,1,3,1,1,0,1,1,1.35,0,1,0.0315454029659408,0,0.6610978799349574,0.593251083929748,63,MEDIUM
user_1200,14,4,0,0,1,229.48650200216727,13.120715386679748,9.717221198250568,0,1,1,0,0,1,1,0.65,0,1,0.2776734227293848,0,0.2018966446523599,0.0,12,LOW
user_1201,12,1,0,1,1,218.85283778772856,0.890194421344652,18.222813852493218,0,1,1,1,0,1,1,0.85,0,1,0.2332993702223167,0,0.24213381063915532,0.10695635049384,19,LOW
user_1202,14,2,0,1,1,239.9264977015048,0.943536003286734,6.605542628767656,0,1,1,1,0,1,1,0.85,0,1,0.2332993702223167,0,0.24213381063915532,0.10695635049384,19,LOW
user_1203,15,2,0,0,0,185.6846304134134,2.49349196682556,3.9041467757997816,0,1,1,0,0,1,1,0.65,1,1,0.2776734227293848,0,0.15500519134380158,0.0,9,LOW
user_1204,14,1,0,0,1,300.3297192183827,21.49731414737897,6.693171426614198,0,1,1,0,0,1,1,0.65,0,1,0.2776734227293848,0,0.2018966446523599,0.0,12,LOW
user_1205,4,0,0,0,1,7.812907041754951,566.8852608506022,11.673312607527272,1,3,1,0,0,3,3,1.55,0,-1,-0.099064237907961,1,0.998073717948718,0.9080641275425323,96,HIGH
user_1206,11,3,1,0,1,229.5711892264968,7.535172013998522,4.257199342212869,0,1,1,0,1,1,1,0.7999999999999999,0,1,0.2129135634933541,0,0.13356667006213288,0.15609298252120107,14,LOW
user_1207,11,6,0,2,1,211.29799700472373,18.60505290217935,5.3491696147748975,0,1,1,2,0,1,1,1.05,0,1,0.1541262400811022,0,0.4301355521591885,0.2977901503981718,38,MEDIUM
user_1208,9,0,0,0,1,205.23855039928804,30.82878489757473,8.274555995827015,0,1,1,0,0,1,1,0.65,0,1,0.2776734227293848,0,0.2018966446523599,0.0,12,LOW
user_1209,19,0,0,0,1,221.39130029935924,48.33634316141517,3.48153163143468,0,2,1,0,0,1,1,0.8999999999999999,0,1,0.190136950224284,0,0.20789731048021395,0.21099226023493423,21,LOW
user_1210,10,4,0,0,1,155.98528627492942,3.717511883789257,2.3456434544363254,0,1,1,0,0,1,1,0.65,0,1,0.2776734227293848,0,0.2018966446523599,0.0,12,LOW
user_1211,11,1,0,0,1,182.4235612672896,12.1837379143776,1.512791378269662,0,1,1,0,0,1,1,0.65,0,1,0.2776734227293848,0,0.2018966446523599,0.0,12,LOW
user_1212,11,4,0,1,1,291.607223519098,4.321268886482749,4.34806357945734,0,1,1,1,0,1,1,0.85,0,1,0.2332993702223167,0,0.24213381063915532,0.10695635049384,19,LOW
user_1213,16,3,1,0,1,258.10874916455214,2.811234856979432,0.4955050491516953,0,1,1,0,1,1,1,0.7999999999999999,0,1,0.2129135634933541,0,0.13356667006213288,0.15609298252120107,14,LOW
user_1214,13,5,0,0,1,338.0564691585919,26.11507551326424,8.75826865576961,0,1,1,0,0,1,1,0.65,0,1,0.2776734227293848,0,0.2018966446523599,0.0,12,LOW
user_1215,17,2,0,0,1,222.04829098984072,85.69095409721406,1.9347476239997032,0,1,1,0,0,1,2,0.75,0,1,0.2193048404666994,0,0.33007420523328185,0.14068786125229182,25,LOW
user_1216,11,3,0,0,1,218.30920637358795,28.342955776270006,4.738426566184169,0,1,1,0,0,1,1,0.65,0,1,0.2776734227293848,0,0.2018966446523599,0.0,12,LOW
user_1217,16,2,0,0,1,215.5260645273811,75.35373755717706,3.1364667472257324,0,1,1,0,0,1,2,0.75,0,1,0.2193048404666994,0,0.33007420523328185,0.14068786125229182,25,LOW
user_1218,11,3,0,1,1,220.8501310069099,14.246495309164194,9.953067922393387,0,1,1,1,0,1,1,0.85,0,1,0.2332993702223167,0,0.24213381063915532,0.10695635049384,19,LOW
user_1219,20,2,0,0,1,200.4027592112041,57.03766749273882,18.994270539033067,0,2,1,0,0,1,2,1.0,0,1,0.1157188029811144,0,0.21090605726134576,0.39036495643785196,28,LOW
user_1220,10,1,0,0,0,256.259292881232,5.737977822916061,10.03214048164001,0,1,1,0,0,1,1,0.65,1,1,0.2776734227293848,0,0.15500519134380158,0.0,9,LOW
user_1221,14,2,0,0,1,241.74624402890467,3.136370035694238,7.819891673811893,0,1,1,0,0,1,1,0.65,0,1,0.2776734227293848,0,0.2018966446523599,0.0,12,LOW
user_1222,15,2,1,0,1,209.4051298897037,30.31021135731994,11.058899245005062,0,1,1,0,1,1,1,0.7999999999999999,0,1,0.2129135634933541,0,0.13356667006213288,0.15609298252120107,14,LOW
user_1223,15,4,0,2,1,315.06893478113415,11.606835193729587,0.3044955573767838,0,1,1,2,0,1,1,1.05,0,1,0.1541262400811022,0,0.4301355521591885,0.2977901503981718,38,MEDIUM
user_1224,13,4,0,0,1,353.79497534917846,9.556691638205846,1.3107117682403109,0,1,1,0,0,1,1,0.65,0,1,0.2776734227293848,0,0.2018966446523599,0.0,12,LOW
user_1225,13,3,0,0,1,309.99463233440406,27.813767818419137,0.9973993627235788,0,1,1,0,0,1,1,0.65,0,1,0.2776734227293848,0,0.2018966446523599,0.0,12,LOW
user_1226,14,0,0,0,1,273.4874407850037,10.142279907960248,1.0335937011783882,0,1,1,0,0,1,1,0.65,0,1,0.2776734227293848,0,0.2018966446523599,0.0,12,LOW
user_1227,13,4,1,0,1,285.70618357582646,21.24842688248904,3.017589757032937,0,1,1,0,1,1,1,0.7999999999999999,0,1,0.2129135634933541,0,0.13356667006213288,0.15609298252120107,14,LOW
user_1228,16,2,0,0,1,351.3849310695801,8.897420678086231,7.593986567852493,0,1,1,0,0,1,1,0.65,0,1,0.2776734227293848,0,0.2018966446523599,0.0,12,LOW
user_1229,20,4,0,0,1,285.61915894556546,38.28388059450107,1.2180790055806296,0,2,1,0,0,1,1,0.8999999999999999,0,1,0.190136950224284,0,0.20789731048021395,0.21099226023493423,21,LOW
user_1230,23,5,0,0,0,204.8888488440429,0.01,27.351579360410103,0,3,1,0,0,1,1,1.15,1,1,0.0815285198183811,0,0.056363636363636366,0.47277500697029895,22,LOW
user_1231,9,0,0,1,0,263.5363515990329,19.14263202482046,19.25909128284448,0,1,1,1,0,1,1,0.85,1,1,0.2332993702223167,0,0.5768895551079612,0.10695635049384,39,MEDIUM
user_1232,13,4,0,0,1,277.57465596379905,0.5862218036427528,35.62929109307521,0,1,1,0,0,1,1,0.65,0,1,0.2776734227293848,0,0.2018966446523599,0.0,12,LOW
user_1233,21,0,0,0,1,180.3169635578448,39.22309313504988,0.4342960501714451,0,2,1,0,0,1,1,0.8999999999999999,0,1,0.190136950224284,0,0.20789731048021395,0.21099226023493423,21,LOW
user_1234,11,2,2,1,1,222.9041508814093,24.211832566531097,19.06513614460696,0,1,1,1,2,1,1,1.15,0,1,0.0590725335016217,0,0.024931712964170426,0.5269014661842195,23,LOW
user_1235,18,3,0,2,1,306.02350944332795,5.3371665813712506,16.28284781364448,0,1,1,2,0,1,1,1.05,0,1,0.1541262400811022,0,0.4301355521591885,0.2977901503981718,38,MEDIUM
user_1236,19,0,0,0,1,130.59043589702483,6.063682817100935,23.238686352487782,0,2,1,0,0,1,1,0.8999999999999999,0,1,0.190136950224284,0,0.20789731048021395,0.21099226023493423,21,LOW
user_1237,12,4,0,0,1,164.97428729756436,7.611989719672535,7.506580115358192,0,1,1,0,0,1,1,0.65,0,1,0.2776734227293848,0,0.2018966446523599,0.0,12,LOW
user_1238,15,0,0,0,1,229.41557678230035,21.481821316206343,15.5064589010008,0,1,1,0,0,1,1,0.65,0,1,0.2776734227293848,0,0.2018966446523599,0.0,12,LOW
user_1239,18,0,0,0,1,261.22077573034227,19.86932990340837,0.5264882253522102,0,1,1,0,0,1,1,0.65,0,1,0.2776734227293848,0,0.2018966446523599,0.0,12,LOW
user_1240,12,3,0,0,1,158.5420533030656,8.000439194537998,0.7891095362314576,0,1,1,0,0,1,1,0.65,0,1,0.2776734227293848,0,0.2018966446523599,0.0,12,LOW
user_1241,13,3,0,0,1,232.3926449000436,29.60934415762365,1.261668529118929,0,1,1,0,0,1,1,0.65,0,1,0.2776734227293848,0,0.2018966446523599,0.0,12,LOW
user_1242,12,5,0,0,1,309.226112345314,54.96490026812029,24.62623141226649,0,1,1,0,0,1,2,0.75,0,1,0.2193048404666994,0,0.33007420523328185,0.14068786125229182,25,LOW
user_1243,10,3,0,0,1,244.119087424457,495.0351410055436,0.6312016682545339,0,1,1,0,0,1,3,0.8500000000000001,0,1,0.1140437691094343,0,0.29646344472155617,0.3944023499087308,34,MEDIUM
user_1244,7,3,0,0,1,296.3453366178678,0.01,1.0552667023752391,0,2,1,0,0,1,1,0.8999999999999999,0,1,0.190136950224284,0,0.20789731048021395,0.21099226023493423,21,LOW
user_1245,10,2,1,0,1,204.47315271989984,22.50552108335501,26.65140185880397,0,1,1,0,1,1,1,0.7999999999999999,0,1,0.2129135634933541,0,0.13356667006213288,0.15609298252120107,14,LOW
user_1246,14,0,0,0,1,191.4049885926491,22.073526858627936,1.136084160801596,0,1,1,0,0,1,1,0.65,0,1,0.2776734227293848,0,0.2018966446523599,0.0,12,LOW
user_1247,4,0,0,2,1,290.93242981710284,0.493217098983915,20.383479582540577,1,3,1,2,0,1,1,1.5500000000000005,0,1,0.0178213557717713,0,0.9935488642050614,0.6263306409898065,85,HIGH
user_1248,14,2,0,0,1,262.1559320793714,5.910978235168442,15.5718132545773,0,1,1,0,0,1,1,0.65,0,1,0.2776734227293848,0,0.2018966446523599,0.0,12,LOW
user_1249,17,3,0,0,1,168.86423953353244,0.01,0.4111577572405472,0,1,1,0,0,1,1,0.65,0,1,0.2776734227293848,0,0.2018966446523599,0.0,12,LOW
user_1250,14,2,0,0,1,191.94954503023263,21.03915384986495,0.2208958521948076,0,1,1,0,0,1,1,0.65,0,1,0.2776734227293848,0,0.2018966446523599,0.0,12,LOW
user_1251,16,4,0,0,1,333.8748744634449,25.91840920445133,7.644034333778461,0,1,1,0,0,1,1,0.65,0,1,0.2776734227293848,0,0.2018966446523599,0.0,12,LOW
user_1252,8,2,1,0,1,184.52668683184103,4.351162148459682,58.6938985088797,0,2,2,0,1,1,1,1.2500000000000002,0,1,0.0013909970276879,0,0.002903225806451613,0.6659333166366115,27,LOW
user_1253,15,0,0,0,1,296.05972480355985,10.124547597081015,21.10562082015361,0,1,1,0,0,1,1,0.65,0,1,0.2776734227293848,0,0.2018966446523599,0.0,12,LOW
user_1254,17,1,1,0,1,211.30879816597803,10.00461722889034,3.7110054202856047,0,1,1,0,1,1,1,0.7999999999999999,0,1,0.2129135634933541,0,0.13356667006213288,0.15609298252120107,14,LOW
user_1255,10,4,0,0,1,239.8094485939721,42.84252181979068,4.882641163279612,0,1,1,0,0,1,1,0.65,0,1,0.2776734227293848,0,0.2018966446523599,0.0,12,LOW
user_1256,19,4,0,0,1,257.6755572566024,5.412249777032875,4.908694073470887,0,2,1,0,0,1,1,0.8999999999999999,0,1,0.190136950224284,0,0.20789731048021395,0.21099226023493423,21,LOW
user_1257,15,4,0,0,1,113.94112737002408,19.86920748576793,13.24931436499642,1,1,1,0,0,2,1,0.75,0,1,0.0934671910539906,0,0.40261253039389167,0.44399880482146026,42,MEDIUM
user_1258,11,0,0,0,1,152.23695987436207,38.18901980437149,4.172332103907081,0,1,1,0,0,1,1,0.65,0,1,0.2776734227293848,0,0.2018966446523599,0.0,12,LOW
user_1259,13,6,0,0,0,245.17998112722967,44.23696742047134,1.5993058964165665,0,1,1,0,0,1,1,0.65,1,1,0.2776734227293848,0,0.15500519134380158,0.0,9,LOW
user_1260,15,1,0,0,1,196.5415461729672,27.45776542574433,13.747904202531055,0,1,1,0,0,1,1,0.65,0,1,0.2776734227293848,0,0.2018966446523599,0.0,12,LOW
user_1261,14,0,0,0,1,299.79487771647734,8.900013294496587,6.125180939080558,0,1,1,0,0,1,1,0.65,0,1,0.2776734227293848,0,0.2018966446523599,0.0,12,LOW
user_1262,15,6,0,1,1,143.63274714791254,561.4740121201739,0.7988633722703787,0,1,1,1,0,1,3,1.05,0,1,0.0596166766321488,0,0.07429146882479426,0.5255898987230732,25,LOW
user_1263,11,1,0,0,1,273.9153033754792,33.88598542744267,15.60896676826054,0,1,1,0,0,1,1,0.65,0,1,0.2776734227293848,0,0.2018966446523599,0.0,12,LOW
user_1264,14,3,0,0,1,157.4267267757404,30.474549838611548,8.80227073782384,0,1,1,0,0,1,1,0.65,0,1,0.2776734227293848,0,0.2018966446523599,0.0,12,LOW
user_1265,9,0,0,0,1,218.8737003513343,1.7427406775065255,6.721087001249156,0,1,1,0,0,1,1,0.65,0,1,0.2776734227293848,0,0.2018966446523599,0.0,12,LOW
user_1266,13,3,0,0,1,176.13733414572215,1.1057177032622667,11.1884509995083,0,1,1,0,0,1,1,0.65,0,1,0.2776734227293848,0,0.2018966446523599,0.0,12,LOW
user_1267,11,5,0,0,1,354.14579282827185,29.71604793924171,7.039405859977792,0,1,1,0,0,1,1,0.65,0,1,0.2776734227293848,0,0.2018966446523599,0.0,12,LOW
user_1268,11,1,0,0,1,159.63047022179785,72.41745373972655,10.453184185345926,0,1,1,0,0,1,2,0.75,0,1,0.2193048404666994,0,0.33007420523328185,0.14068786125229182,25,LOW
user_1269,17,3,0,0,1,232.6764182778586,37.149986699014406,20.21086187219408,0,1,1,0,0,1,1,0.65,0,1,0.2776734227293848,0,0.2018966446523599,0.0,12,LOW
user_1270,17,1,0,0,1,136.38983111879088,44.5168633432474,9.506605865774256,0,1,1,0,0,1,1,0.65,0,1,0.2776734227293848,0,0.2018966446523599,0.0,12,LOW
user_1271,15,3,1,0,1,335.9742073242354,19.68547294005448,10.776353448406118,0,1,1,0,1,1,1,0.7999999999999999,0,1,0.2129135634933541,0,0.13356667006213288,0.15609298252120107,14,LOW
user_1272,21,1,1,0,1,264.0769449706323,506.29636120432326,9.515451018702024,0,2,1,0,1,1,3,1.25,0,-1,-0.0056765030545318,1,0.27444340039324117,0.6829683624167716,44,MEDIUM
user_1273,13,1,1,0,1,248.2183853759201,28.309674407215063,7.575359052019378,0,1,1,0,1,1,1,0.7999999999999999,0,1,0.2129135634933541,0,0.13356667006213288,0.15609298252120107,14,LOW
user_1274,17,1,0,0,1,328.45877635750355,31.117341929941823,1.88708805074046,0,1,1,0,0,1,1,0.65,0,1,0.2776734227293848,0,0.2018966446523599,0.0,12,LOW
user_1275,14,0,0,0,1,248.8453464853568,28.125803876548105,4.089877707433521,0,1,1,0,0,1,1,0.65,0,1,0.2776734227293848,0,0.2018966446523599,0.0,12,LOW
user_1276,20,5,0,0,1,253.17428136846465,73.29972204838468,11.81262536936551,0,2,1,0,0,1,2,1.0,0,1,0.1157188029811144,0,0.21090605726134576,0.39036495643785196,28,LOW
user_1277,15,2,0,0,0,247.90351728390908,11.43919324510327,5.542135928310486,0,1,1,0,0,1,1,0.65,1,1,0.2776734227293848,0,0.15500519134380158,0.0,9,LOW
user_1278,6,1,1,0,1,273.81805952658715,0.01,5.210931749784395,0,2,1,0,1,1,1,1.05,0,1,0.1004614283124124,0,0.02209191694512681,0.4271403470204811,18,LOW
user_1279,13,2,0,0,1,210.45351696472423,59.7702081243331,14.240763317428671,0,1,1,0,0,1,2,0.75,0,1,0.2193048404666994,0,0.33007420523328185,0.14068786125229182,25,LOW
user_1280,14,1,0,0,1,227.14276155820005,4.373693821427229,0.0558442453705542,0,1,1,0,0,1,1,0.65,0,1,0.2776734227293848,0,0.2018966446523599,0.0,12,LOW
user_1281,13,4,0,0,1,288.62007770744674,29.87684127017893,11.36296960502574,1,1,1,0,0,1,1,0.65,0,1,0.2776734227293848,0,0.2018966446523599,0.0,12,LOW
user_1282,16,6,0,2,1,256.64237709347293,51.6294812893044,6.718290561118999,0,1,1,2,0,1,2,1.15,0,1,0.0682545724467911,0,0.5708054293276346,0.5047696724853863,54,MEDIUM
user_1283,16,2,0,0,1,233.1453651538725,9.28171567624126,4.728277432986295,0,1,1,0,0,1,1,0.65,0,1,0.2776734227293848,0,0.2018966446523599,0.0,12,LOW
user_1284,11,4,0,0,1,155.96865653815726,44.36006057984274,4.163288225030955,0,1,1,0,0,1,1,0.65,0,1,0.2776734227293848,0,0.2018966446523599,0.0,12,LOW
user_1285,10,3,1,0,1,329.8830170721957,10.088853115199056,1.8980004548965093,0,1,1,0,1,1,1,0.7999999999999999,0,1,0.2129135634933541,0,0.13356667006213288,0.15609298252120107,14,LOW
user_1286,8,0,1,1,1,200.31275340295377,39.52829933787236,4.068441827174772,0,2,1,1,1,1,1,1.25,0,1,0.0530025780073042,0,0.049471929438013235,0.5415320949109698,25,LOW
user_1287,15,3,0,2,1,299.23423430515544,1.8096941631966992,4.966243937879312,0,1,1,2,0,1,1,1.05,0,1,0.1541262400811022,0,0.4301355521591885,0.2977901503981718,38,MEDIUM
user_1288,10,2,0,0,1,250.5452191012851,26.62288635228085,5.752733391151276,0,1,1,0,0,1,1,0.65,0,1,0.2776734227293848,0,0.2018966446523599,0.0,12,LOW
user_1289,7,3,0,0,1,162.3929686362078,28.263263530327823,11.15658672249446,0,2,1,0,0,1,1,0.8999999999999999,0,1,0.190136950224284,0,0.20789731048021395,0.21099226023493423,21,LOW
user_1290,14,4,0,0,1,315.1365286518369,154.615348698717,6.043509330087375,0,1,1,0,0,1,2,0.75,0,1,0.2193048404666994,0,0.33007420523328185,0.14068786125229182,25,LOW
user_1291,21,2,1,0,1,255.2724387839724,29.046060761700403,15.91029905322406,0,2,1,0,1,1,1,1.05,0,1,0.1004614283124124,0,0.02209191694512681,0.4271403470204811,18,LOW
user_1292,13,5,0,0,1,320.12072140422254,64.15845096081786,10.209237271790316,0,1,1,0,0,1,2,0.75,0,1,0.2193048404666994,0,0.33007420523328185,0.14068786125229182,25,LOW
user_1293,16,4,0,1,1,229.05547795584488,33.09283370707542,2.102237222709504,0,1,1,1,0,1,1,0.85,0,1,0.2332993702223167,0,0.24213381063915532,0.10695635049384,19,LOW
user_1294,14,2,0,0,1,282.24307379802326,81.29532684987402,3.245856052507223,0,1,1,0,0,1,2,0.75,0,1,0.2193048404666994,0,0.33007420523328185,0.14068786125229182,25,LOW
user_1295,13,3,0,0,1,8.409333360226642,1840.6760589454448,0.8256584007482268,1,1,1,0,0,3,4,1.15,0,-1,-0.0665595353490385,1,1.0,0.8297168916429857,93,HIGH
user_1296,16,1,0,0,1,209.98704818437457,18.784811004398456,29.136317754762644,0,1,1,0,0,1,1,0.65,0,1,0.2776734227293848,0,0.2018966446523599,0.0,12,LOW
user_1297,2,6,0,2,1,163.6204000661237,7.654254808369969,21.763973095393386,1,3,1,2,0,1,1,1.5500000000000005,0,1,0.0178213557717713,0,0.9935488642050614,0.6263306409898065,85,HIGH
user_1298,14,3,0,0,1,217.5129689976965,106.0160724653133,0.8860853407635969,0,1,1,0,0,1,2,0.75,0,1,0.2193048404666994,0,0.33007420523328185,0.14068786125229182,25,LOW
user_1299,16,0,0,0,1,268.3087043703687,5.215141768563706,8.534943895917273,0,1,1,0,0,1,1,0.65,0,1,0.2776734227293848,0,0.2018966446523599,0.0,12,LOW
user_1300,11,1,2,0,0,203.72519474075125,11.103345628039376,8839.820779114189,1,1,4,0,2,1,1,1.5500000000000005,1,-1,-0.0398435368800551,1,0.9980601933947105,0.7653223742482461,90,HIGH
user_1301,16,3,0,0,1,291.8305256183269,8.834764468985082,13.749303367199442,0,1,1,0,0,1,1,0.65,0,1,0.2776734227293848,0,0.2018966446523599,0.0,12,LOW
user_1302,13,0,0,0,1,188.6032413869993,12.214852682917504,6.769042028165942,0,1,1,0,0,1,1,0.65,0,1,0.2776734227293848,0,0.2018966446523599,0.0,12,LOW
user_1303,11,0,0,1,1,293.1141968189987,62.440030302577,2.758892010523341,0,1,1,1,0,1,2,0.95,0,1,0.1509357020843734,0,0.04950631867309361,0.30548041714105467,15,LOW
user_1304,15,2,0,0,1,318.5854299524421,342.31300823837984,3.2716756476870126,0,1,1,0,0,1,3,0.8500000000000001,0,1,0.1140437691094343,0,0.29646344472155617,0.3944023499087308,34,MEDIUM
user_1305,11,1,0,0,1,300.8115681054591,62.21583544924637,13.32707925742209,0,1,1,0,0,1,2,0.75,0,1,0.2193048404666994,0,0.33007420523328185,0.14068786125229182,25,LOW
user_1306,14,2,0,0,1,219.3486568902136,13.762511672589255,15.167460357769048,0,1,1,0,0,1,1,0.65,0,1,0.2776734227293848,0,0.2018966446523599,0.0,12,LOW
user_1307,13,1,2,0,0,112.47278412335145,48.23570279261144,7.5224628082310785,0,1,1,0,2,2,1,1.05,1,1,0.0312330919309149,0,0.08543939393939393,0.5940038582795778,29,LOW
user_1308,17,0,0,2,1,274.9300198042409,481.5310585380775,1.289120229505864,0,1,1,2,0,1,3,1.25,0,1,6.435378355384991e-05,0,0.14420627252247073,0.6691309718378642,35,MEDIUM
user_1309,15,3,0,1,0,232.48591711708173,9.32565621540947,27.16108184018588,0,1,1,1,0,1,1,0.85,1,1,0.2332993702223167,0,0.5768895551079612,0.10695635049384,39,MEDIUM
user_1310,5,2,0,2,1,181.2964235923588,14.91638788224446,18.62800587727631,1,3,1,2,0,1,1,1.5500000000000005,0,1,0.0178213557717713,0,0.9935488642050614,0.6263306409898065,85,HIGH
user_1311,16,1,0,0,1,206.6232561077753,13.80773581713402,1.5144957330090576,0,1,1,0,0,1,1,0.65,0,1,0.2776734227293848,0,0.2018966446523599,0.0,12,LOW
user_1312,18,1,0,0,1,326.06551898668806,7.524724180248349,0.5840015538310385,0,1,1,0,0,1,1,0.65,0,1,0.2776734227293848,0,0.2018966446523599,0.0,12,LOW
user_1313,15,3,1,2,1,171.75958796339074,8.549540184001414,7.675856009204733,0,1,1,2,1,1,1,1.2000000000000002,0,1,0.0547880072036045,0,0.4121174521254879,0.5372286116789389,46,MEDIUM
user_1314,14,0,0,0,1,268.0985505372728,5.158817785212305,3.342743186348924,0,1,1,0,0,1,1,0.65,0,1,0.2776734227293848,0,0.2018966446523599,0.0,12,LOW
user_1315,10,0,0,0,1,253.07749053824423,10.236849216853503,3.3302776879783726,0,1,1,0,0,1,1,0.65,0,1,0.2776734227293848,0,0.2018966446523599,0.0,12,LOW
user_1316,10,0,0,0,1,218.5567401202061,24.481149559438443,0.9126213622503536,0,1,1,0,0,1,1,0.65,0,1,0.2776734227293848,0,0.2018966446523599,0.0,12,LOW
user_1317,13,4,0,1,1,278.67196123878284,12.216745846224455,30.65850819904957,0,1,1,1,0,1,1,0.85,0,1,0.2332993702223167,0,0.24213381063915532,0.10695635049384,19,LOW
user_1318,12,4,0,0,1,337.9347155339319,31.147942230310232,17.72936496106039,0,1,1,0,0,1,1,0.65,0,1,0.2776734227293848,0,0.2018966446523599,0.0,12,LOW
user_1319,13,4,0,0,1,222.2417097668281,108.52820187799014,1.20851654916661,0,1,1,0,0,1,2,0.75,0,1,0.2193048404666994,0,0.33007420523328185,0.14068786125229182,25,LOW
user_1320,14,3,0,0,1,225.40914311537392,11.834275493039708,20.923141809385942,0,1,1,0,0,1,1,0.65,0,1,0.2776734227293848,0,0.2018966446523599,0.0,12,LOW
user_1321,15,3,0,1,1,277.323894299412,15.527138887120117,11.4871488999041,0,1,1,1,0,1,1,0.85,0,1,0.2332993702223167,0,0.24213381063915532,0.10695635049384,19,LOW
user_1322,20,2,2,0,0,295.09456928610007,59.32691055408114,12612.0359974254,1,2,4,0,2,1,2,1.9,1,-1,-0.0907177129131003,1,0.9937930112839369,0.8879462027121662,95,HIGH
user_1323,15,3,0,1,1,232.33756757108188,12.448363704322777,20.498870455845086,0,1,1,1,0,1,1,0.85,0,1,0.2332993702223167,0,0.24213381063915532,0.10695635049384,19,LOW
user_1324,14,0,0,0,1,221.67757583438112,0.01,9.113583853737913,0,1,1,0,0,1,1,0.65,0,1,0.2776734227293848,0,0.2018966446523599,0.0,12,LOW
user_1325,8,3,0,0,1,106.94120875681438,6.128492557425892,18.88291367633669,0,2,1,0,0,2,1,1.0,0,1,0.0618751271830673,0,0.061783675212844294,0.5201462753655137,25,LOW
user_1326,15,4,0,2,1,193.3194652580068,121.06075763953982,6.334979509657657,0,1,1,2,0,1,2,1.15,0,1,0.0682545724467911,0,0.5708054293276346,0.5047696724853863,54,MEDIUM
user_1327,13,2,0,2,1,171.64129967594698,370.9868818553029,6.94450109326759,0,1,1,2,0,1,3,1.25,0,1,6.435378355384991e-05,0,0.14420627252247073,0.6691309718378642,35,MEDIUM
user_1328,10,1,0,0,1,281.07749977871345,42.68308943506109,3.4391389840472613,0,1,1,0,0,1,1,0.65,0,1,0.2776734227293848,0,0.2018966446523599,0.0,12,LOW
user_1329,3,1,0,2,1,225.36582308394944,24.43137053685966,4.905209851533323,1,3,1,2,0,1,1,1.5500000000000005,0,1,0.0178213557717713,0,0.9935488642050614,0.6263306409898065,85,HIGH
user_1330,18,3,0,0,1,223.0187036676643,79.00301643282823,8.387559413086707,0,1,1,0,0,1,2,0.75,0,1,0.2193048404666994,0,0.33007420523328185,0.14068786125229182,25,LOW
user_1331,8,3,0,0,1,239.4566241826212,0.01,29.3858141868316,0,2,1,0,0,1,1,0.8999999999999999,0,1,0.190136950224284,0,0.20789731048021395,0.21099226023493423,21,LOW
user_1332,13,4,0,0,1,187.789411792476,4.096442596799562,9.165851751386558,0,1,1,0,0,1,1,0.65,0,1,0.2776734227293848,0,0.2018966446523599,0.0,12,LOW
user_1333,18,1,0,0,1,333.19483120132526,1.087116913239778,1.5943919648928593,0,1,1,0,0,1,1,0.65,0,1,0.2776734227293848,0,0.2018966446523599,0.0,12,LOW
user_1334,14,4,0,0,1,317.89163470179665,468.4720952950123,0.0702077353093554,0,1,1,0,0,1,3,0.8500000000000001,0,1,0.1140437691094343,0,0.29646344472155617,0.3944023499087308,34,MEDIUM
user_1335,12,3,0,0,1,337.08640698286126,18.457770849871103,19.0372746970501,0,1,1,0,0,1,1,0.65,0,1,0.2776734227293848,0,0.2018966446523599,0.0,12,LOW
user_1336,12,4,0,0,1,281.0050338743335,18.119590172978,4.530685185501425,0,1,1,0,0,1,1,0.65,0,1,0.2776734227293848,0,0.2018966446523599,0.0,12,LOW
user_1337,13,2,0,0,1,238.23131309868376,3.5998560969534985,3.7828671880253815,0,1,1,0,0,1,1,0.65,0,1,0.2776734227293848,0,0.2018966446523599,0.0,12,LOW
user_1338,12,2,0,0,1,336.8837581804131,3.333069135563281,16.131002252342064,0,1,1,0,0,1,1,0.65,0,1,0.2776734227293848,0,0.2018966446523599,0.0,12,LOW
user_1339,14,3,0,0,1,199.1419898452212,1.199856863544676,29.07067747082909,0,1,1,0,0,1,1,0.65,0,1,0.2776734227293848,0,0.2018966446523599,0.0,12,LOW
user_1340,14,4,0,0,1,187.72746125801925,47.57173302649973,13.78505129510743,0,1,1,0,0,1,1,0.65,0,1,0.2776734227293848,0,0.2018966446523599,0.0,12,LOW
user_1341,14,6,0,0,1,203.90930911380843,73.79008010868378,1.9097567134722309,0,1,1,0,0,1,2,0.75,0,1,0.2193048404666994,0,0.33007420523328185,0.14068786125229182,25,LOW
user_1342,15,0,0,0,1,271.3722760148579,3.0735491959477166,4.965583760216076,0,1,1,0,0,1,1,0.65,0,1,0.2776734227293848,0,0.2018966446523599,0.0,12,LOW
user_1343,17,0,0,0,1,194.27368839673963,5.9920632502517295,14.246134589789452,0,1,1,0,0,1,1,0.65,0,1,0.2776734227293848,0,0.2018966446523599,0.0,12,LOW
user_1344,16,5,0,0,1,230.67762070692007,2.3540003676565977,23.743584121015587,0,1,1,0,0,1,1,0.65,0,1,0.2776734227293848,0,0.2018966446523599,0.0,12,LOW
user_1345,9,2,0,0,1,143.88868236691343,52.49154931882683,65.713287217329,0,1,2,0,0,1,2,0.95,0,1,0.0629723747173235,0,0.055669134498905565,0.5175015407690124,24,LOW
user_1346,6,3,0,0,1,268.8658599256947,79.67760667864337,7.165404972342273,0,2,1,0,0,1,2,1.0,0,1,0.1157188029811144,0,0.21090605726134576,0.39036495643785196,28,LOW
user_1347,16,2,0,0,1,148.97379796901345,7.588396276603529,17.289245014874115,0,1,1,0,0,1,1,0.65,0,1,0.2776734227293848,0,0.2018966446523599,0.0,12,LOW
user_1348,9,0,0,0,1,184.0703367080783,9.045196296268577,0.4775392616578363,0,1,1,0,0,1,1,0.65,0,1,0.2776734227293848,0,0.2018966446523599,0.0,12,LOW
user_1349,13,4,1,2,1,313.03002809379865,11.26168022519128,3.366268982376593,1,1,1,2,1,1,1,1.2000000000000002,0,1,0.0547880072036045,0,0.4121174521254879,0.5372286116789389,46,MEDIUM
user_1350,10,4,0,0,1,310.81909901916663,17.452171989268123,4.644405771100064,0,1,1,0,0,1,1,0.65,0,1,0.2776734227293848,0,0.2018966446523599,0.0,12,LOW
user_1351,8,1,0,1,1,262.45878537278986,28.678864157386723,37.10055912184877,0,2,1,1,0,1,1,1.1,0,1,0.1083396961540713,0,0.5687783155237143,0.4081510789922207,50,MEDIUM
user_1352,15,1,0,0,1,256.5398149041138,17.54917821776941,0.0339941970025717,0,1,1,0,0,1,1,0.65,0,1,0.2776734227293848,0,0.2018966446523599,0.0,12,LOW
user_1353,16,4,0,0,1,208.14242117074448,75.39918151248635,3.681992916785318,0,1,1,0,0,1,2,0.75,0,1,0.2193048404666994,0,0.33007420523328185,0.14068786125229182,25,LOW
user_1354,12,0,0,0,1,193.62578017546792,2.631053581088999,26.651668710204767,0,1,1,0,0,1,1,0.65,0,1,0.2776734227293848,0,0.2018966446523599,0.0,12,LOW
user_1355,6,4,0,0,1,218.2654981345572,40.062241721476056,3.6626108025371353,0,2,1,0,0,1,1,0.8999999999999999,0,1,0.190136950224284,0,0.20789731048021395,0.21099226023493423,21,LOW
user_1356,12,1,0,1,1,149.18074953226093,10.179780830638348,2.549784027780297,0,1,1,1,0,1,1,0.85,0,1,0.2332993702223167,0,0.24213381063915532,0.10695635049384,19,LOW
user_1357,15,3,0,0,1,255.1469132972198,11.852206523642916,13.096611938618006,0,1,1,0,0,1,1,0.65,0,1,0.2776734227293848,0,0.2018966446523599,0.0,12,LOW
user_1358,9,5,0,0,1,242.92986748850456,30.84615198534976,13.67821609873333,0,1,1,0,0,1,1,0.65,0,1,0.2776734227293848,0,0.2018966446523599,0.0,12,LOW
user_1359,14,3,0,0,1,183.994723997384,66.2600241072317,6.38995950992692,0,1,1,0,0,1,2,0.75,0,1,0.2193048404666994,0,0.33007420523328185,0.14068786125229182,25,LOW
user_1360,13,2,0,0,1,334.1209151304815,31.48720643944264,29.35907404215242,0,1,1,0,0,1,1,0.65,0,1,0.2776734227293848,0,0.2018966446523599,0.0,12,LOW
user_1361,15,3,0,0,1,276.4148226172229,37.387174735379055,2.265331389083707,0,1,1,0,0,1,1,0.65,0,1,0.2776734227293848,0,0.2018966446523599,0.0,12,LOW
user_1362,15,1,1,0,1,281.5105082405314,200.2453130514521,24.466383205421494,0,1,1,0,1,1,3,1.0,0,1,0.0520534259176199,0,0.4862092838962424,0.543819869811855,51,MEDIUM
user_1363,11,1,0,1,1,210.75960443765007,9.677566094892372,14.085730034361015,0,1,1,1,0,1,1,0.85,0,1,0.2332993702223167,0,0.24213381063915532,0.10695635049384,19,LOW
user_1364,2,6,0,2,1,239.92019531842053,35.36018983530446,4.591955924329315,1,3,1,2,0,1,1,1.5500000000000005,0,1,0.0178213557717713,0,0.9935488642050614,0.6263306409898065,85,HIGH
user_1365,13,4,0,0,1,277.6423602112453,38.37226773013877,16.445917291943076,0,1,1,0,0,1,1,0.65,0,1,0.2776734227293848,0,0.2018966446523599,0.0,12,LOW
user_1366,13,3,0,0,1,249.1669420260141,19.05709016503644,1.4294952018343814,0,1,1,0,0,1,1,0.65,0,1,0.2776734227293848,0,0.2018966446523599,0.0,12,LOW
user_1367,11,1,0,0,1,336.1140470861923,19.237547026950715,1.4039200799703309,0,1,1,0,0,1,1,0.65,0,1,0.2776734227293848,0,0.2018966446523599,0.0,12,LOW
user_1368,17,0,0,0,1,227.7727458349949,227.08524762309816,26.58363342617689,0,1,1,0,0,1,3,0.8500000000000001,0,1,0.1140437691094343,0,0.29646344472155617,0.3944023499087308,34,MEDIUM
user_1369,11,0,1,2,1,209.72636806583336,42.46094465995178,0.9957783192102714,0,1,1,2,1,1,1,1.2000000000000002,0,1,0.0547880072036045,0,0.4121174521254879,0.5372286116789389,46,MEDIUM
user_1370,13,3,0,0,1,278.0551725882856,10.281877915342754,0.0408795114746335,0,1,1,0,0,1,1,0.65,0,1,0.2776734227293848,0,0.2018966446523599,0.0,12,LOW
user_1371,19,4,0,0,1,164.1211636628093,40.43199166633774,4.927082254500824,0,2,1,0,0,1,1,0.8999999999999999,0,1,0.190136950224284,0,0.20789731048021395,0.21099226023493423,21,LOW
user_1372,9,2,0,1,1,295.4578159384868,42.078323222180266,1.0964855665894409,0,1,1,1,0,1,1,0.85,0,1,0.2332993702223167,0,0.24213381063915532,0.10695635049384,19,LOW
user_1373,9,4,0,0,1,161.95729196448104,6.668428619538938,19.88040762683508,0,1,1,0,0,1,1,0.65,0,1,0.2776734227293848,0,0.2018966446523599,0.0,12,LOW
user_1374,18,0,0,0,1,278.315079963513,31.55335879164209,25.599774128463856,0,1,1,0,0,1,1,0.65,0,1,0.2776734227293848,0,0.2018966446523599,0.0,12,LOW
user_1375,13,2,0,0,1,201.10358674964024,5.161276295581494,6.586034728663117,0,1,1,0,0,1,1,0.65,0,1,0.2776734227293848,0,0.2018966446523599,0.0,12,LOW
user_1376,11,1,0,1,1,268.5950488190036,2.4416744790587663,5.542056320245644,0,1,1,1,0,1,1,0.85,0,1,0.2332993702223167,0,0.24213381063915532,0.10695635049384,19,LOW
user_1377,17,2,0,0,1,294.44057676366106,21.364785549442736,7.744424390600523,0,1,1,0,0,1,1,0.65,0,1,0.2776734227293848,0,0.2018966446523599,0.0,12,LOW
user_1378,2,0,0,0,1,249.20527173023515,258.60911780485765,2.5643489030018456,0,3,1,0,0,1,3,1.35,0,-1,-0.032686997864732,1,0.1735604640457581,0.7480727147738536,40,MEDIUM
user_1379,19,6,0,0,1,168.02274290155918,0.9025740714602783,3.537732456833864,0,2,1,0,0,1,1,0.8999999999999999,0,1,0.190136950224284,0,0.20789731048021395,0.21099226023493423,21,LOW
user_1380,16,1,0,0,1,186.19348532957088,43.7896779556803,1.0644685048812543,0,1,1,0,0,1,1,0.65,0,1,0.2776734227293848,0,0.2018966446523599,0.0,12,LOW
user_1381,12,5,0,0,1,5.31430157650218,1847.7861446650204,5.914033612713155,1,1,1,0,0,3,4,1.15,0,-1,-0.0665595353490385,1,1.0,0.8297168916429857,93,HIGH
user_1382,20,2,0,0,1,126.29958638413356,49.31323652786163,9.459554677506414,0,2,1,0,0,1,1,0.8999999999999999,0,1,0.190136950224284,0,0.20789731048021395,0.21099226023493423,21,LOW
user_1383,12,6,0,0,1,307.6486715239157,46.36379751906048,26.62461361302208,0,1,1,0,0,1,1,0.65,0,1,0.2776734227293848,0,0.2018966446523599,0.0,12,LOW
user_1384,16,3,0,1,1,246.60645514537973,354.3020224678694,13.43515258193033,0,1,1,1,0,1,3,1.05,0,1,0.0596166766321488,0,0.07429146882479426,0.5255898987230732,25,LOW
user_1385,14,5,0,0,1,171.86891728866033,36.61980167714288,12.839678842979744,0,1,1,0,0,1,1,0.65,0,1,0.2776734227293848,0,0.2018966446523599,0.0,12,LOW
user_1386,17,0,1,0,1,327.34049144750145,46.28651944166496,3.681678235015781,0,1,1,0,1,1,1,0.7999999999999999,0,1,0.2129135634933541,0,0.13356667006213288,0.15609298252120107,14,LOW
user_1387,18,4,1,1,1,197.9203139917102,4.840383520104606,21.91878570320821,0,1,1,1,1,1,1,1.0,0,1,0.1244119810262747,0,0.2600647053805528,0.3694114814818421,30,LOW
user_1388,14,5,0,0,1,255.03434934449228,9.054866197695889,29.366278029114664,0,1,1,0,0,1,1,0.65,0,1,0.2776734227293848,0,0.2018966446523599,0.0,12,LOW
user_1389,11,0,1,1,1,190.4837672882279,6.942837135131335,26.92121782724616,0,1,1,1,1,1,1,1.0,0,1,0.1244119810262747,0,0.2600647053805528,0.3694114814818421,30,LOW
user_1390,15,0,0,0,1,118.90439080025833,33.911429137733485,0.3957592381848099,0,1,1,0,0,2,1,0.75,0,1,0.0934671910539906,0,0.40261253039389167,0.44399880482146026,42,MEDIUM
user_1391,11,2,0,0,1,158.13356646892436,4.170354090192128,9.27226905177998,0,1,1,0,0,1,1,0.65,0,1,0.2776734227293848,0,0.2018966446523599,0.0,12,LOW
user_1392,20,5,0,0,1,213.09057414801413,5.029286337612446,10.306502443317784,0,2,1,0,0,1,1,0.8999999999999999,0,1,0.190136950224284,0,0.20789731048021395,0.21099226023493423,21,LOW
user_1393,14,3,0,0,1,8.584177954324378,1216.552242177027,3.496499062804116,1,1,1,0,0,3,4,1.15,0,-1,-0.0665595353490385,1,1.0,0.8297168916429857,93,HIGH
user_1394,12,2,0,0,1,260.7919888091547,30.59437218814784,48.81211365040674,0,1,1,0,0,1,1,0.65,0,1,0.2776734227293848,0,0.2018966446523599,0.0,12,LOW
user_1395,14,0,0,0,1,248.41230757027472,52.062149867003136,3.441641863073868,0,1,1,0,0,1,2,0.75,0,1,0.2193048404666994,0,0.33007420523328185,0.14068786125229182,25,LOW
user_1396,9,0,0,0,1,119.39834263530707,3.751836773053816,2.4412673937895137,0,1,1,0,0,2,1,0.75,0,1,0.0934671910539906,0,0.40261253039389167,0.44399880482146026,42,MEDIUM
user_1397,11,4,0,0,1,316.20516886080566,12.728193506379032,6.619308216465286,0,1,1,0,0,1,1,0.65,0,1,0.2776734227293848,0,0.2018966446523599,0.0,12,LOW
user_1398,17,0,0,0,1,253.42078178973333,8.322257438456749,3.903017251461093,0,1,1,0,0,1,1,0.65,0,1,0.2776734227293848,0,0.2018966446523599,0.0,12,LOW
user_1399,12,3,0,0,0,232.8349398064704,0.2432062911756635,25.774096437113705,0,1,1,0,0,1,1,0.65,1,1,0.2776734227293848,0,0.15500519134380158,0.0,9,LOW
user_1400,10,5,0,0,1,307.9453865993337,8.370144264040356,5.799555248460193,0,1,1,0,0,1,1,0.65,0,1,0.2776734227293848,0,0.2018966446523599,0.0,12,LOW
user_1401,15,1,0,0,1,314.8498034140964,11.934096313042197,5.278862567103939,0,1,1,0,0,1,1,0.65,0,1,0.2776734227293848,0,0.2018966446523599,0.0,12,LOW
user_1402,17,3,1,0,0,309.2754148565515,2.418820521942859,9.831309134236596,0,1,1,0,1,1,1,0.7999999999999999,1,1,0.2129135634933541,0,0.04680970107273437,0.15609298252120107,9,LOW
user_1403,16,0,0,0,1,225.1748101978028,20.895869537629743,0.8459394270475253,0,1,1,0,0,1,1,0.65,0,1,0.2776734227293848,0,0.2018966446523599,0.0,12,LOW
user_1404,16,3,0,0,1,179.79140635294826,12.079153404319108,14.135954547886048,0,1,1,0,0,1,1,0.65,0,1,0.2776734227293848,0,0.2018966446523599,0.0,12,LOW
user_1405,11,0,0,0,1,299.3353750285244,1.1893911846258558,14.627384460979266,0,1,1,0,0,1,1,0.65,0,1,0.2776734227293848,0,0.2018966446523599,0.0,12,LOW
user_1406,9,4,0,0,1,158.09673341577496,30.43311061835151,6.425031829024702,0,1,1,0,0,1,1,0.65,0,1,0.2776734227293848,0,0.2018966446523599,0.0,12,LOW
user_1407,18,1,0,1,1,356.83540431985693,32.66673971994644,31.16724124465504,0,1,1,1,0,1,1,0.85,0,1,0.2332993702223167,0,0.24213381063915532,0.10695635049384,19,LOW
user_1408,13,2,1,0,1,241.67997271167377,44.96528872541097,8.65928258706193,0,1,1,0,1,1,1,0.7999999999999999,0,1,0.2129135634933541,0,0.13356667006213288,0.15609298252120107,14,LOW
user_1409,13,3,0,0,1,176.34694465802494,16.615965953194557,11.882190628636693,0,1,1,0,0,1,1,0.65,0,1,0.2776734227293848,0,0.2018966446523599,0.0,12,LOW
user_1410,17,0,0,2,1,166.0878867506034,86.57054170035559,25.81571158923349,0,1,1,2,0,1,2,1.15,0,1,0.0682545724467911,0,0.5708054293276346,0.5047696724853863,54,MEDIUM
user_1411,15,4,0,0,1,163.34371055663644,61.35385319205061,10.976487832629328,0,1,1,0,0,1,2,0.75,0,1,0.2193048404666994,0,0.33007420523328185,0.14068786125229182,25,LOW
user_1412,15,1,0,0,1,248.4217744032506,20.037895686121423,5.653275827418803,0,1,1,0,0,1,1,0.65,0,1,0.2776734227293848,0,0.2018966446523599,0.0,12,LOW
user_1413,20,3,0,0,1,239.6164607964128,14.717513957511416,0.2508314386175953,0,2,1,0,0,1,1,0.8999999999999999,0,1,0.190136950224284,0,0.20789731048021395,0.21099226023493423,21,LOW
user_1414,12,0,0,0,1,165.84466958944842,0.0759760278484926,13.030542437153532,0,1,1,0,0,1,1,0.65,0,1,0.2776734227293848,0,0.2018966446523599,0.0,12,LOW
user_1415,16,3,0,0,1,218.61265280664588,31.032741743279512,33.4858628658526,0,1,1,0,0,1,1,0.65,0,1,0.2776734227293848,0,0.2018966446523599,0.0,12,LOW
user_1416,14,0,0,0,1,157.92387683451946,20.807616624273063,6.35322000181762,0,1,1,0,0,1,1,0.65,0,1,0.2776734227293848,0,0.2018966446523599,0.0,12,LOW
user_1417,14,2,0,0,1,275.35810835665035,69.33238248960151,4.151649565838828,0,1,1,0,0,1,2,0.75,0,1,0.2193048404666994,0,0.33007420523328185,0.14068786125229182,25,LOW
user_1418,18,1,0,0,1,236.7244040332372,22.54935049829384,7.3242750243045,0,1,1,0,0,1,1,0.65,0,1,0.2776734227293848,0,0.2018966446523599,0.0,12,LOW
user_1419,15,4,0,0,1,217.2958496449532,123.53738945934076,13.035618797380987,0,1,1,0,0,1,2,0.75,0,1,0.2193048404666994,0,0.33007420523328185,0.14068786125229182,25,LOW
user_1420,15,1,0,0,1,162.71335619594836,48.07278897114096,0.0069071296934037,0,1,1,0,0,1,1,0.65,0,1,0.2776734227293848,0,0.2018966446523599,0.0,12,LOW
user_1421,17,4,1,0,1,221.99066398663408,76.76028334981834,21.82242870246528,0,1,1,0,1,1,2,0.8999999999999999,0,1,0.1194195039721256,0,0.26547768987979625,0.3814450257597952,31,MEDIUM
user_1422,12,4,0,0,0,215.1163271192204,9.924880897197236,21.747448866767503,0,1,1,0,0,1,1,0.65,1,1,0.2776734227293848,0,0.15500519134380158,0.0,9,LOW
user_1423,21,1,0,0,1,259.0636020725758,61.66758138540817,7.793543725029767,0,2,1,0,0,1,2,1.0,0,1,0.1157188029811144,0,0.21090605726134576,0.39036495643785196,28,LOW
user_1424,10,3,0,0,1,250.02107868701765,39.84798792476171,1.3054017498064656,0,1,1,0,0,1,1,0.65,0,1,0.2776734227293848,0,0.2018966446523599,0.0,12,LOW
user_1425,8,0,0,1,1,287.52360612476053,38.56751825729617,11.14149756221259,0,2,1,1,0,1,1,1.1,0,1,0.1083396961540713,0,0.5687783155237143,0.4081510789922207,50,MEDIUM
user_1426,20,2,0,0,1,210.92540738969623,5.938952951405319,1.4832097905895882,0,2,1,0,0,1,1,0.8999999999999999,0,1,0.190136950224284,0,0.20789731048021395,0.21099226023493423,21,LOW
user_1427,10,3,0,0,1,128.37530986821034,36.17709441468582,7.083565619028648,0,1,1,0,0,1,1,0.65,0,1,0.2776734227293848,0,0.2018966446523599,0.0,12,LOW
user_1428,13,3,0,0,1,299.4655725958824,21.80525279363583,0.9830763687278724,0,1,1,0,0,1,1,0.65,0,1,0.2776734227293848,0,0.2018966446523599,0.0,12,LOW
user_1429,13,3,0,0,1,183.8380492171092,2.900010337155152,8.893210510834589,0,1,1,0,0,1,1,0.65,0,1,0.2776734227293848,0,0.2018966446523599,0.0,12,LOW
user_1430,14,1,0,0,0,173.58497681908466,17.418018832806393,3.828272760384785,0,1,1,0,0,1,1,0.65,1,1,0.2776734227293848,0,0.15500519134380158,0.0,9,LOW
user_1431,16,2,1,0,0,237.41300729317487,66.89126973086674,17.778057649795528,0,1,1,0,1,1,2,0.8999999999999999,1,1,0.1194195039721256,0,0.09094601503146112,0.3814450257597952,21,LOW
user_1432,16,0,0,0,1,258.136230777271,17.65365990855357,16.091685797494783,0,1,1,0,0,1,1,0.65,0,1,0.2776734227293848,0,0.2018966446523599,0.0,12,LOW
user_1433,12,3,0,1,1,208.14981565711903,38.861789308114375,64.85023746854816,0,1,2,1,0,1,1,1.05,0,1,0.0574023346576487,0,0.03386407145826229,0.5309272056165586,23,LOW
user_1434,13,2,0,0,1,207.6784391119124,0.7334028319946782,2.9773668401053737,0,1,1,0,0,1,1,0.65,0,1,0.2776734227293848,0,0.2018966446523599,0.0,12,LOW
user_1435,14,3,0,1,1,216.5384209340667,32.556314237093616,0.6379329785032124,0,1,1,1,0,1,1,0.85,0,1,0.2332993702223167,0,0.24213381063915532,0.10695635049384,19,LOW
user_1436,13,1,0,0,1,324.9924210595886,73.35999691554949,5.851959010986861,0,1,1,0,0,1,2,0.75,0,1,0.2193048404666994,0,0.33007420523328185,0.14068786125229182,25,LOW
user_1437,18,1,0,0,1,239.8393147465121,17.305079900985902,0.8708774532369401,0,1,1,0,0,1,1,0.65,0,1,0.2776734227293848,0,0.2018966446523599,0.0,12,LOW
user_1438,15,1,0,2,1,181.9222296322922,10.301290529480523,1.966229946585727,0,1,1,2,0,1,1,1.05,0,1,0.1541262400811022,0,0.4301355521591885,0.2977901503981718,38,MEDIUM
user_1439,16,0,0,0,1,182.532998585822,26.00744101760192,9.09563762159189,0,1,1,0,0,1,1,0.65,0,1,0.2776734227293848,0,0.2018966446523599,0.0,12,LOW
user_1440,15,1,0,1,1,224.94694922505784,62.00132572011857,8.968088700968973,0,1,1,1,0,1,2,0.95,0,1,0.1509357020843734,0,0.04950631867309361,0.30548041714105467,15,LOW
user_1441,17,4,1,0,1,254.27147604168044,4.862980686775671,0.442941380752673,0,1,1,0,1,1,1,0.7999999999999999,0,1,0.2129135634933541,0,0.13356667006213288,0.15609298252120107,14,LOW
user_1442,14,4,0,0,1,269.03880971797145,12.925041826518076,5.8501905083445696,0,1,1,0,0,1,1,0.65,0,1,0.2776734227293848,0,0.2018966446523599,0.0,12,LOW
user_1443,14,2,0,0,1,247.44951623083293,0.01,7.554879965383733,0,1,1,0,0,1,1,0.65,0,1,0.2776734227293848,0,0.2018966446523599,0.0,12,LOW
user_1444,15,2,0,0,1,189.48759894497468,17.1619483486883,3.1200787734497046,0,1,1,0,0,1,1,0.65,0,1,0.2776734227293848,0,0.2018966446523599,0.0,12,LOW
user_1445,12,0,1,0,1,214.56352202635304,19.43616575543997,20.56062430382964,0,1,1,0,1,1,1,0.7999999999999999,0,1,0.2129135634933541,0,0.13356667006213288,0.15609298252120107,14,LOW
user_1446,12,4,0,0,1,284.03447291187746,72.15115479128129,1.7566215707542625,0,1,1,0,0,1,2,0.75,0,1,0.2193048404666994,0,0.33007420523328185,0.14068786125229182,25,LOW
user_1447,15,0,0,0,1,171.23448237281428,13.297620673587756,2.928980587626737,0,1,1,0,0,1,1,0.65,0,1,0.2776734227293848,0,0.2018966446523599,0.0,12,LOW
user_1448,17,5,0,0,1,212.05479641535223,20.92293390804821,1.7078169589280052,0,1,1,0,0,1,1,0.65,0,1,0.2776734227293848,0,0.2018966446523599,0.0,12,LOW
user_1449,14,2,0,0,1,275.8477714728812,54.12772534648833,1.239167717173962,0,1,1,0,0,1,2,0.75,0,1,0.2193048404666994,0,0.33007420523328185,0.14068786125229182,25,LOW
user_1450,14,1,0,0,1,292.5168855981106,9.69326987573904,21.11792715182416,0,1,1,0,0,1,1,0.65,0,1,0.2776734227293848,0,0.2018966446523599,0.0,12,LOW
user_1451,19,5,2,0,1,228.42507773451703,28.03401723847153,3.25535096881532,0,2,1,0,2,1,1,1.2000000000000002,0,1,0.0458866002061858,0,0.0031251686909581646,0.5586839882540799,23,LOW
user_1452,14,0,0,0,1,215.32759136575103,35.384002552079124,12.820209061828136,0,1,1,0,0,1,1,0.65,0,1,0.2776734227293848,0,0.2018966446523599,0.0,12,LOW
user_1453,21,3,0,0,1,160.6729235133756,10.031657188408444,5.585854484366994,0,2,1,0,0,1,1,0.8999999999999999,0,1,0.190136950224284,0,0.20789731048021395,0.21099226023493423,21,LOW
user_1454,15,3,0,1,1,271.5383953636257,4.488371646578918,10.10253891336143,0,1,1,1,0,1,1,0.85,0,1,0.2332993702223167,0,0.24213381063915532,0.10695635049384,19,LOW
user_1455,8,1,0,0,1,319.12678110880734,17.474581530051914,26.33539328236797,0,2,1,0,0,1,1,0.8999999999999999,0,1,0.190136950224284,0,0.20789731048021395,0.21099226023493423,21,LOW
user_1456,16,2,0,0,1,393.90924351598153,11.032556275121566,18.618034668039865,0,1,1,0,0,1,1,0.65,0,1,0.2776734227293848,0,0.2018966446523599,0.0,12,LOW
user_1457,15,3,2,0,1,263.1867710110828,7.746911624420609,0.7148138572191389,0,1,1,0,2,1,1,0.95,0,1,0.1483955927109178,0,0.007188301157192252,0.31160293273497597,13,LOW
user_1458,0,4,0,1,1,236.9472209013612,110.30083247796134,18.65637695733352,0,3,1,1,0,1,2,1.45,0,-1,-0.0026340983693405,1,0.05069452606217311,0.6756351466415933,30,LOW
user_1459,16,0,2,0,1,184.8113632109456,17.436562891060998,6.011579914743796,0,1,1,0,2,1,1,0.95,0,1,0.1483955927109178,0,0.007188301157192252,0.31160293273497597,13,LOW
user_1460,13,5,0,0,1,127.26858517541103,48.531620306568286,4.3100713642777855,0,1,1,0,0,1,1,0.65,0,1,0.2776734227293848,0,0.2018966446523599,0.0,12,LOW
user_1461,5,0,0,2,0,250.61755498439,5.432684453285413,11.159250701172091,1,3,1,2,0,1,1,1.5500000000000005,1,1,0.0178213557717713,0,1.0,0.6263306409898065,85,HIGH
user_1462,13,1,0,0,1,381.02034720925815,70.10415816072624,29.99898401812171,0,1,1,0,0,1,2,0.75,0,1,0.2193048404666994,0,0.33007420523328185,0.14068786125229182,25,LOW
user_1463,11,1,0,0,1,316.2487337794148,39.54939122407387,0.9886553996054336,0,1,1,0,0,1,1,0.65,0,1,0.2776734227293848,0,0.2018966446523599,0.0,12,LOW
user_1464,12,0,0,2,0,13.424044280249523,1784.11789719559,14.613499893896618,1,1,1,2,0,3,4,1.5500000000000005,1,-1,-0.1151287134810407,1,0.9919437799043063,0.9467849020226266,97,HIGH
user_1465,15,0,0,1,1,254.73616902347493,12.347773639581556,2.275382322415015,0,1,1,1,0,1,1,0.85,0,1,0.2332993702223167,0,0.24213381063915532,0.10695635049384,19,LOW
user_1466,2,6,0,2,1,261.5713896168193,16.620650591200334,4.782553779950487,1,3,1,2,0,1,1,1.5500000000000005,0,1,0.0178213557717713,0,0.9935488642050614,0.6263306409898065,85,HIGH
user_1467,15,1,0,0,1,94.57516090332136,22.495326307942136,20.700697247731995,0,1,1,0,0,2,1,0.75,0,1,0.0934671910539906,0,0.40261253039389167,0.44399880482146026,42,MEDIUM
user_1468,10,0,0,2,1,285.75063484583984,38.98829692048131,7.892158527740704,0,1,1,2,0,1,1,1.05,0,1,0.1541262400811022,0,0.4301355521591885,0.2977901503981718,38,MEDIUM
user_1469,15,0,0,0,1,205.23956582545105,47.27128385682919,0.6983963841120809,0,1,1,0,0,1,1,0.65,0,1,0.2776734227293848,0,0.2018966446523599,0.0,12,LOW
user_1470,17,3,0,0,1,197.8963592042468,2.03147997743027,7.093752464986476,0,1,1,0,0,1,1,0.65,0,1,0.2776734227293848,0,0.2018966446523599,0.0,12,LOW
user_1471,12,4,0,0,1,220.60458281708355,58.6014292227166,15.589439702401704,0,1,1,0,0,1,2,0.75,0,1,0.2193048404666994,0,0.33007420523328185,0.14068786125229182,25,LOW
user_1472,13,1,0,0,1,218.57973063293912,69.31337909355597,7.5264368793870675,0,1,1,0,0,1,2,0.75,0,1,0.2193048404666994,0,0.33007420523328185,0.14068786125229182,25,LOW
user_1473,14,0,0,0,1,196.94186448170024,22.466637100686377,1.825886792428422,0,1,1,0,0,1,1,0.65,0,1,0.2776734227293848,0,0.2018966446523599,0.0,12,LOW
user_1474,11,1,0,1,1,240.8323243305585,5.167936692703907,5.888611770871821,0,1,1,1,0,1,1,0.85,0,1,0.2332993702223167,0,0.24213381063915532,0.10695635049384,19,LOW
user_1475,4,0,0,2,1,206.5033442275168,42.65076235083538,25.81576611800624,1,3,1,2,0,1,1,1.5500000000000005,0,1,0.0178213557717713,0,0.9935488642050614,0.6263306409898065,85,HIGH
user_1476,13,0,0,0,1,246.01937734536875,19.88434942785583,10.735411821374017,0,1,1,0,0,1,1,0.65,0,1,0.2776734227293848,0,0.2018966446523599,0.0,12,LOW
user_1477,15,2,0,0,1,150.76933112699805,42.483580508731855,13.0891306204002,0,1,1,0,0,1,1,0.65,0,1,0.2776734227293848,0,0.2018966446523599,0.0,12,LOW
user_1478,11,1,0,0,1,227.15653376207896,434.9215844215129,15.414826138038473,0,1,1,0,0,1,3,0.8500000000000001,0,1,0.1140437691094343,0,0.29646344472155617,0.3944023499087308,34,MEDIUM
user_1479,12,2,0,0,1,174.2222646188249,2.268074110933884,0.950729745523835,0,1,1,0,0,1,1,0.65,0,1,0.2776734227293848,0,0.2018966446523599,0.0,12,LOW
user_1480,22,1,0,0,1,201.513040890128,4.725364891869052,8.711657507417991,0,2,1,0,0,1,1,0.8999999999999999,0,1,0.190136950224284,0,0.20789731048021395,0.21099226023493423,21,LOW
user_1481,12,5,2,0,1,248.60393058201183,16.49978880672034,4.714690114905354,0,1,1,0,2,1,1,0.95,0,1,0.1483955927109178,0,0.007188301157192252,0.31160293273497597,13,LOW
user_1482,19,5,0,1,1,143.76014311470254,73.02465227013279,1.4984565072785083,0,2,1,1,0,1,2,1.2,0,1,0.0656383015143167,0,0.07883070542961215,0.5110757629826652,25,LOW
user_1483,12,3,0,0,1,190.65555736367176,8.797206599993345,2.265362478862276,0,1,1,0,0,1,1,0.65,0,1,0.2776734227293848,0,0.2018966446523599,0.0,12,LOW
user_1484,14,1,0,1,1,274.13786309018,5.766798786918236,15.194165744970178,0,1,1,1,0,1,1,0.85,0,1,0.2332993702223167,0,0.24213381063915532,0.10695635049384,19,LOW
user_1485,16,2,0,0,1,155.20932948805194,56.846747720501725,1.761277047081999,0,1,1,0,0,1,2,0.75,0,1,0.2193048404666994,0,0.33007420523328185,0.14068786125229182,25,LOW
user_1486,9,2,0,0,1,346.67202841672844,4.025224366048928,3.7457506695321294,0,1,1,0,0,1,1,0.65,0,1,0.2776734227293848,0,0.2018966446523599,0.0,12,LOW
user_1487,8,4,0,0,1,312.2644773678388,29.000449753301723,3.352956026948071,0,2,1,0,0,1,1,0.8999999999999999,0,1,0.190136950224284,0,0.20789731048021395,0.21099226023493423,21,LOW
user_1488,9,2,1,0,1,210.32837493286328,8.917581245691037,0.4985261047597809,0,1,1,0,1,1,1,0.7999999999999999,0,1,0.2129135634933541,0,0.13356667006213288,0.15609298252120107,14,LOW
user_1489,17,4,2,0,0,192.7674187328962,20.974317675119,13483.575426296691,1,1,4,0,2,1,1,1.5500000000000005,1,-1,-0.0398435368800551,1,0.9980601933947105,0.7653223742482461,90,HIGH
user_1490,12,5,0,0,1,252.11639420012887,23.94210823547703,14.521343887717004,0,1,1,0,0,1,1,0.65,0,1,0.2776734227293848,0,0.2018966446523599,0.0,12,LOW
user_1491,21,1,0,0,1,153.15226457837042,13.50504275155716,0.2240168733233607,0,2,1,0,0,1,1,0.8999999999999999,0,1,0.190136950224284,0,0.20789731048021395,0.21099226023493423,21,LOW
user_1492,12,3,0,0,1,119.87143651005402,92.18699109473869,1.1940473168474302,0,1,1,0,0,2,2,0.8500000000000001,0,1,0.0879604175892453,0,0.09335914768687309,0.4572719759543348,24,LOW
user_1493,14,0,0,0,1,212.439892556846,3.534284503081958,12.736326110131904,0,1,1,0,0,1,1,0.65,0,1,0.2776734227293848,0,0.2018966446523599,0.0,12,LOW
user_1494,18,1,0,0,1,231.9570740098685,12.414813617567544,9.003706088927656,0,1,1,0,0,1,1,0.65,0,1,0.2776734227293848,0,0.2018966446523599,0.0,12,LOW
user_1495,20,2,0,0,1,245.66563346121185,14.070317867364077,12.561352975808438,0,2,1,0,0,1,1,0.8999999999999999,0,1,0.190136950224284,0,0.20789731048021395,0.21099226023493423,21,LOW
user_1496,20,1,0,0,1,203.11556303292693,24.927146902210094,2.614997795825291,0,2,1,0,0,1,1,0.8999999999999999,0,1,0.190136950224284,0,0.20789731048021395,0.21099226023493423,21,LOW
user_1497,17,4,0,0,1,316.4368037684968,13.074975418812752,16.28461637969795,0,1,1,0,0,1,1,0.65,0,1,0.2776734227293848,0,0.2018966446523599,0.0,12,LOW
user_1498,17,0,0,0,1,150.29162049096698,2.55181515159401,6.536785368176017,0,1,1,0,0,1,1,0.65,0,1,0.2776734227293848,0,0.2018966446523599,0.0,12,LOW
user_1499,15,2,0,0,1,171.70427190251405,73.64024073864978,9.423831325442162,0,1,1,0,0,1,2,0.75,0,1,0.2193048404666994,0,0.33007420523328185,0.14068786125229182,25,LOW
user_1500,16,3,1,0,0,269.19815736868867,13.44974297720136,0.966798763314054,0,1,1,0,1,1,1,0.7999999999999999,1,1,0.2129135634933541,0,0.04680970107273437,0.15609298252120107,9,LOW
user_1501,3,3,0,0,1,170.30115686177152,123.48319466607173,2.294528926135936,0,3,1,0,0,1,2,1.25,0,1,0.0406781887288436,0,0.004507732605558692,0.5712380069206875,23,LOW
user_1502,11,2,0,0,1,167.980772868161,14.797372893332788,14.843830765670427,0,1,1,0,0,1,1,0.65,0,1,0.2776734227293848,0,0.2018966446523599,0.0,12,LOW
user_1503,13,4,0,0,1,247.40128753242985,6.102658651470831,2.534847776001831,0,1,1,0,0,1,1,0.65,0,1,0.2776734227293848,0,0.2018966446523599,0.0,12,LOW
user_1504,13,3,1,1,1,176.7886427810381,2.6401715574292286,0.9709458117552988,0,1,1,1,1,1,1,1.0,0,1,0.1244119810262747,0,0.2600647053805528,0.3694114814818421,30,LOW
user_1505,12,2,0,0,1,232.0149343247588,4.021198721122448,9.093232667610495,0,1,1,0,0,1,1,0.65,0,1,0.2776734227293848,0,0.2018966446523599,0.0,12,LOW
user_1506,19,0,0,2,1,14.410288865053683,1583.5046954975978,7.939326580426021,1,2,1,2,0,3,4,1.8000000000000005,0,-1,-0.137206594232523,1,0.9964418859649123,1.0,100,HIGH
user_1507,16,2,0,0,1,188.30017779763563,5.505989243079576,9.3622288646603,0,1,1,0,0,1,1,0.65,0,1,0.2776734227293848,0,0.2018966446523599,0.0,12,LOW
user_1508,14,4,0,2,1,113.8616765193036,487.170354434091,9.631347190283453,0,1,1,2,0,2,3,1.35,0,-1,-0.0515482341998889,1,0.13674458874458875,0.7935346207804972,40,MEDIUM
user_1509,18,3,0,0,1,248.37378916928023,24.44745674982802,6.935419502002345,0,1,1,0,0,1,1,0.65,0,1,0.2776734227293848,0,0.2018966446523599,0.0,12,LOW
user_1510,10,4,1,0,1,165.16860047322427,24.78127346717816,6.807719121837152,0,1,1,0,1,1,1,0.7999999999999999,0,1,0.2129135634933541,0,0.13356667006213288,0.15609298252120107,14,LOW
user_1511,13,2,1,0,1,229.9054677881688,0.01,25.79202805709269,0,1,1,0,1,1,1,0.7999999999999999,0,1,0.2129135634933541,0,0.13356667006213288,0.15609298252120107,14,LOW
user_1512,11,0,0,0,1,209.2737060990861,63.4442926998085,7.6331586778967155,0,1,1,0,0,1,2,0.75,0,1,0.2193048404666994,0,0.33007420523328185,0.14068786125229182,25,LOW
user_1513,8,0,0,1,1,227.609516478007,43.26856330223187,9.605044154606247,0,2,1,1,0,1,1,1.1,0,1,0.1083396961540713,0,0.5687783155237143,0.4081510789922207,50,MEDIUM
user_1514,13,1,0,0,1,231.01947755920435,83.06291732976881,3.1056782072138045,0,1,1,0,0,1,2,0.75,0,1,0.2193048404666994,0,0.33007420523328185,0.14068786125229182,25,LOW
user_1515,13,3,0,2,0,251.6176950550958,11.156644162424069,20.48665622578549,0,1,1,2,0,1,1,1.05,1,1,0.1541262400811022,0,0.09794779748495573,0.2977901503981718,18,LOW
user_1516,18,4,1,0,1,196.33444191051345,27.325643813216903,0.2466990782376892,0,1,1,0,1,1,1,0.7999999999999999,0,1,0.2129135634933541,0,0.13356667006213288,0.15609298252120107,14,LOW
user_1517,15,1,0,0,1,314.5617887564021,4.598694437041071,8.146975187676812,0,1,1,0,0,1,1,0.65,0,1,0.2776734227293848,0,0.2018966446523599,0.0,12,LOW
user_1518,10,2,0,0,1,129.15599634866538,42.461240476060944,4.842653176991643,0,1,1,0,0,1,1,0.65,0,1,0.2776734227293848,0,0.2018966446523599,0.0,12,LOW
user_1519,19,2,0,2,1,226.40453288836625,4.399573894579268,9.260991665852613,0,2,1,2,0,1,1,1.3000000000000005,0,1,0.0461621116072437,0,0.06294630480760484,0.5580199133654522,26,LOW
user_1520,17,2,0,0,1,290.17385858465207,9.862598821902615,4.465559665368627,0,1,1,0,0,1,1,0.65,0,1,0.2776734227293848,0,0.2018966446523599,0.0,12,LOW
user_1521,15,1,0,0,1,268.60635318015625,16.8745716753052,12.647421239439256,0,1,1,0,0,1,1,0.65,0,1,0.2776734227293848,0,0.2018966446523599,0.0,12,LOW
user_1522,13,0,0,0,1,181.50986540828416,22.56781266892545,0.2054097163819018,0,1,1,0,0,1,1,0.65,0,1,0.2776734227293848,0,0.2018966446523599,0.0,12,LOW
user_1523,11,1,0,0,1,191.50527042071857,20.50367159930931,5.20689846921257,0,1,1,0,0,1,1,0.65,0,1,0.2776734227293848,0,0.2018966446523599,0.0,12,LOW
user_1524,12,0,0,1,1,179.59244644040376,2.6923033416927065,17.794175435432876,0,1,1,1,0,1,1,0.85,0,1,0.2332993702223167,0,0.24213381063915532,0.10695635049384,19,LOW
user_1525,23,1,2,0,1,275.9536578398633,131.55432007116002,2.8794973197531,0,3,1,0,2,1,2,1.55,0,-1,-0.0495976714019062,1,0.2521122996518801,0.7888331101792724,47,MEDIUM
user_1526,19,0,0,0,1,195.60457628906948,64.06930409860044,0.5419315637899748,1,2,1,0,0,1,2,1.0,0,1,0.1157188029811144,0,0.21090605726134576,0.39036495643785196,28,LOW
user_1527,18,3,0,0,1,255.30738528740704,51.4652072692808,6.862193823959981,0,1,1,0,0,1,2,0.75,0,1,0.2193048404666994,0,0.33007420523328185,0.14068786125229182,25,LOW
user_1528,12,1,0,0,1,255.8580848445573,22.33777449910461,37.5217972467665,0,1,1,0,0,1,1,0.65,0,1,0.2776734227293848,0,0.2018966446523599,0.0,12,LOW
user_1529,10,6,0,0,1,382.1036080941223,21.23476812399113,0.6630922020441808,0,1,1,0,0,1,1,0.65,0,1,0.2776734227293848,0,0.2018966446523599,0.0,12,LOW
user_1530,14,1,0,0,1,258.79507558810224,2.9604454392073456,0.7263143957213198,0,1,1,0,0,1,1,0.65,0,1,0.2776734227293848,0,0.2018966446523599,0.0,12,LOW
user_1531,8,1,0,0,1,191.3313591149722,5.586697982592443,9.04156067985349,0,2,1,0,0,1,1,0.8999999999999999,0,1,0.190136950224284,0,0.20789731048021395,0.21099226023493423,21,LOW
user_1532,14,1,0,0,1,152.39098427601607,7.280198445538693,2.877723603651174,1,1,1,0,0,1,1,0.65,0,1,0.2776734227293848,0,0.2018966446523599,0.0,12,LOW
user_1533,13,0,0,0,1,223.44883712173527,16.74532523260457,5.280247403226699,0,1,1,0,0,1,1,0.65,0,1,0.2776734227293848,0,0.2018966446523599,0.0,12,LOW
user_1534,12,4,0,0,1,232.8548494543609,458.6701181754303,17.749445536384783,0,1,1,0,0,1,3,0.8500000000000001,0,1,0.1140437691094343,0,0.29646344472155617,0.3944023499087308,34,MEDIUM
user_1535,9,0,1,2,1,107.35802835656663,15.438257337832484,2.21705441118708,0,1,1,2,1,2,1,1.3,0,-1,-0.0369978878188018,1,0.10845558177113034,0.7584634055225614,37,MEDIUM
user_1536,15,5,2,2,0,197.1687503824192,3.368618692122035,12905.77293450719,1,1,4,2,2,1,1,1.9500000000000004,1,-1,-0.0871671985207315,1,1.0,0.8793882721124506,95,HIGH
user_1537,12,4,0,0,1,257.8411525696532,14.466411276633934,7.021586890452397,0,1,1,0,0,1,1,0.65,0,1,0.2776734227293848,0,0.2018966446523599,0.0,12,LOW
user_1538,10,2,2,0,1,208.05865978402952,4.437328422399613,23.53433143509696,0,1,1,0,2,1,1,0.95,0,1,0.1483955927109178,0,0.007188301157192252,0.31160293273497597,13,LOW
user_1539,5,3,0,0,1,298.1174271423502,34.772358288792496,36.10512005897381,0,3,1,0,0,1,1,1.15,0,1,0.0815285198183811,0,0.0013513513513513514,0.47277500697029895,19,LOW
user_1540,13,3,0,0,1,146.4986133167688,4.553065226771504,6.635122368548975,0,1,1,0,0,1,1,0.65,0,1,0.2776734227293848,0,0.2018966446523599,0.0,12,LOW
user_1541,20,2,0,0,1,280.612969209193,67.32351550362432,8.786266602248723,0,2,1,0,0,1,2,1.0,0,1,0.1157188029811144,0,0.21090605726134576,0.39036495643785196,28,LOW
user_1542,18,3,0,0,1,294.8333844915572,29.556391991925224,13.698012856775208,0,1,1,0,0,1,1,0.65,0,1,0.2776734227293848,0,0.2018966446523599,0.0,12,LOW
user_1543,12,0,2,0,0,297.3897885504922,6.475683034722557,11285.949274430048,1,1,4,0,2,1,1,1.5500000000000005,1,-1,-0.0398435368800551,1,0.9980601933947105,0.7653223742482461,90,HIGH
user_1544,12,0,0,0,1,146.0486169207373,1.9768947973601063,2.571403883784256,0,1,1,0,0,1,1,0.65,0,1,0.2776734227293848,0,0.2018966446523599,0.0,12,LOW
user_1545,15,2,0,1,1,258.8731677514431,20.712690468852617,33.434523591292155,0,1,1,1,0,1,1,0.85,0,1,0.2332993702223167,0,0.24213381063915532,0.10695635049384,19,LOW
user_1546,11,3,0,0,1,199.8747528887091,1.393174122886513,5.667178828469561,0,1,1,0,0,1,1,0.65,0,1,0.2776734227293848,0,0.2018966446523599,0.0,12,LOW
user_1547,14,4,0,0,1,155.63145348102591,22.154263526172688,0.0159209322386212,0,1,1,0,0,1,1,0.65,0,1,0.2776734227293848,0,0.2018966446523599,0.0,12,LOW
user_1548,9,0,0,0,1,215.1679365015775,118.30875089644228,18.18421555889166,0,1,1,0,0,1,2,0.75,0,1,0.2193048404666994,0,0.33007420523328185,0.14068786125229182,25,LOW
user_1549,17,4,0,0,1,185.70132048595144,9.986429485436425,9.154514873660798,1,1,1,0,0,1,1,0.65,0,1,0.2776734227293848,0,0.2018966446523599,0.0,12,LOW
user_1550,13,1,0,0,1,295.2450280898322,16.752833163031607,1.845944130403072,0,1,1,0,0,1,1,0.65,0,1,0.2776734227293848,0,0.2018966446523599,0.0,12,LOW
user_1551,13,2,0,0,1,270.78380058081416,66.04316560408675,0.3060323144027805,0,1,1,0,0,1,2,0.75,0,1,0.2193048404666994,0,0.33007420523328185,0.14068786125229182,25,LOW
user_1552,11,1,2,0,1,170.85333191346794,15.924316517358656,3.4458042275833174,0,1,1,0,2,1,1,0.95,0,1,0.1483955927109178,0,0.007188301157192252,0.31160293273497597,13,LOW
user_1553,11,2,0,0,1,196.54672117014425,141.76397392190825,26.295222697586272,0,1,1,0,0,1,2,0.75,0,1,0.2193048404666994,0,0.33007420523328185,0.14068786125229182,25,LOW
user_1554,13,0,0,0,1,217.1581544630025,4.269779535809581,27.10420558715637,0,1,1,0,0,1,1,0.65,0,1,0.2776734227293848,0,0.2018966446523599,0.0,12,LOW
user_1555,15,2,0,0,1,235.65569116092607,30.85512245925428,3.725190679262991,0,1,1,0,0,1,1,0.65,0,1,0.2776734227293848,0,0.2018966446523599,0.0,12,LOW
user_1556,16,4,0,1,1,300.3826964882268,26.433299050154268,18.074681641756825,0,1,1,1,0,1,1,0.85,0,1,0.2332993702223167,0,0.24213381063915532,0.10695635049384,19,LOW
user_1557,11,2,2,0,1,281.446939588838,51.45273026684677,5.831191565492357,0,1,1,0,2,1,2,1.05,0,1,0.0515919801040551,0,0.01030309988802873,0.5449321090007749,22,LOW
user_1558,18,2,0,0,1,243.0835181384904,2.4249784620496,10.623133854335585,0,1,1,0,0,1,1,0.65,0,1,0.2776734227293848,0,0.2018966446523599,0.0,12,LOW
user_1559,13,4,0,0,1,224.36106900630463,8.219776019662365,4.071323109253883,0,1,1,0,0,1,1,0.65,0,1,0.2776734227293848,0,0.2018966446523599,0.0,12,LOW
user_1560,10,3,0,0,1,133.59875792355166,102.346625998963,7.256137545934917,0,1,1,0,0,1,2,0.75,0,1,0.2193048404666994,0,0.33007420523328185,0.14068786125229182,25,LOW
user_1561,11,2,1,1,1,317.5198575675633,67.61208509430506,3.478276916212657,0,1,1,1,1,1,2,1.1,0,1,0.0660906907717865,0,0.06773171811602267,0.5099853531316857,24,LOW
user_1562,6,1,1,0,0,213.17420412806047,13.905833325512114,0.6306159883800417,0,2,1,0,1,1,1,1.05,1,1,0.1004614283124124,0,0.006494695898161245,0.4271403470204811,17,LOW
user_1563,16,4,0,0,1,333.2904144255754,60.21693733676403,1.5010011168941304,0,1,1,0,0,1,2,0.75,0,1,0.2193048404666994,0,0.33007420523328185,0.14068786125229182,25,LOW
user_1564,16,3,1,0,1,251.76655752791007,8.717917174468521,3.434407526911965,0,1,1,0,1,1,1,0.7999999999999999,0,1,0.2129135634933541,0,0.13356667006213288,0.15609298252120107,14,LOW
user_1565,13,1,0,0,1,361.5170525172867,3.377404016225464,37.40332086505847,0,1,1,0,0,1,1,0.65,0,1,0.2776734227293848,0,0.2018966446523599,0.0,12,LOW
user_1566,14,1,0,1,1,276.37929200197897,8.793509651078043,33.71798308195747,0,1,1,1,0,1,1,0.85,0,1,0.2332993702223167,0,0.24213381063915532,0.10695635049384,19,LOW
user_1567,15,4,0,0,1,154.07882212674727,22.731286601910647,17.58305404069813,0,1,1,0,0,1,1,0.65,0,1,0.2776734227293848,0,0.2018966446523599,0.0,12,LOW
user_1568,3,0,1,0,1,203.13507118432727,0.01,2.646246837161476,0,3,1,0,1,1,1,1.3,0,1,0.0162490086966805,0,0.009403192227619709,0.6301205248376833,26,LOW
user_1569,12,6,0,1,1,229.8519023596821,12.169212164598324,5.826835608898577,0,1,1,1,0,1,1,0.85,0,1,0.2332993702223167,0,0.24213381063915532,0.10695635049384,19,LOW
user_1570,16,0,0,0,1,187.5730267735005,61.57138711856403,5.794307820139779,0,1,1,0,0,1,2,0.75,0,1,0.2193048404666994,0,0.33007420523328185,0.14068786125229182,25,LOW
user_1571,10,4,0,0,1,217.3763509690773,7.000522679238998,4.893466976985344,0,1,1,0,0,1,1,0.65,0,1,0.2776734227293848,0,0.2018966446523599,0.0,12,LOW
user_1572,14,2,0,0,1,157.98365048507344,29.56675701384887,0.4591861137062019,0,1,1,0,0,1,1,0.65,0,1,0.2776734227293848,0,0.2018966446523599,0.0,12,LOW
user_1573,9,2,1,0,1,240.34327686594733,33.26802428139036,7.647019900614374,0,1,1,0,1,1,1,0.7999999999999999,0,1,0.2129135634933541,0,0.13356667006213288,0.15609298252120107,14,LOW
user_1574,15,4,0,0,1,254.2447169406564,8.00385475398645,0.755989207383173,0,1,1,0,0,1,1,0.65,0,1,0.2776734227293848,0,0.2018966446523599,0.0,12,LOW
user_1575,13,2,2,0,1,179.7534355676329,0.68350599304731,16.190776291584484,0,1,1,0,2,1,1,0.95,0,1,0.1483955927109178,0,0.007188301157192252,0.31160293273497597,13,LOW
user_1576,9,2,2,0,1,356.4152576089147,11.362602924170194,11.754084862087824,0,1,1,0,2,1,1,0.95,0,1,0.1483955927109178,0,0.007188301157192252,0.31160293273497597,13,LOW
user_1577,17,0,0,1,1,243.81079567682752,1.156233736153691,4.350025858413388,0,1,1,1,0,1,1,0.85,0,1,0.2332993702223167,0,0.24213381063915532,0.10695635049384,19,LOW
user_1578,11,0,0,0,1,190.9955480326253,57.75378498637506,10.416736485786217,0,1,1,0,0,1,2,0.75,0,1,0.2193048404666994,0,0.33007420523328185,0.14068786125229182,25,LOW
user_1579,21,1,0,0,1,142.22764200208695,57.83776919781542,2.653167272261994,0,2,1,0,0,1,2,1.0,0,1,0.1157188029811144,0,0.21090605726134576,0.39036495643785196,28,LOW
user_1580,14,3,0,0,1,243.5965733638301,33.236503168188364,3.0822506208955502,0,1,1,0,0,1,1,0.65,0,1,0.2776734227293848,0,0.2018966446523599,0.0,12,LOW
user_1581,3,0,0,2,1,224.3706880311988,32.42821963917649,3.7707230128593583,1,3,1,2,0,1,1,1.5500000000000005,0,1,0.0178213557717713,0,0.9935488642050614,0.6263306409898065,85,HIGH
user_1582,10,0,0,0,1,286.98245443718656,6.890302526482595,15.946064441116173,0,1,1,0,0,1,1,0.65,0,1,0.2776734227293848,0,0.2018966446523599,0.0,12,LOW
user_1583,14,2,0,1,1,231.3977841016819,1.920016916948171,2.3659783925437186,0,1,1,1,0,1,1,0.85,0,1,0.2332993702223167,0,0.24213381063915532,0.10695635049384,19,LOW
user_1584,15,3,1,0,1,168.3768730638764,40.50042129794775,8.273215855549926,0,1,1,0,1,1,1,0.7999999999999999,0,1,0.2129135634933541,0,0.13356667006213288,0.15609298252120107,14,LOW
user_1585,16,3,0,1,1,340.24309777065486,20.47694156744185,2.2372761487298427,0,1,1,1,0,1,1,0.85,0,1,0.2332993702223167,0,0.24213381063915532,0.10695635049384,19,LOW
user_1586,14,0,0,0,1,266.13749277043115,28.61333236976088,3.355250804026949,0,1,1,0,0,1,1,0.65,0,1,0.2776734227293848,0,0.2018966446523599,0.0,12,LOW
user_1587,13,0,1,0,1,224.75347730409848,0.01,2.685087843067601,0,1,1,0,1,1,1,0.7999999999999999,0,1,0.2129135634933541,0,0.13356667006213288,0.15609298252120107,14,LOW
user_1588,11,5,0,0,1,249.8783118869843,13.16685838295744,10.356506475462057,0,1,1,0,0,1,1,0.65,0,1,0.2776734227293848,0,0.2018966446523599,0.0,12,LOW
user_1589,14,1,0,0,1,268.4425173936995,3.903091162199702,7.480869985053018,0,1,1,0,0,1,1,0.65,0,1,0.2776734227293848,0,0.2018966446523599,0.0,12,LOW
user_1590,10,4,0,0,1,154.2686031663939,39.6231206261177,12.776162799332802,0,1,1,0,0,1,1,0.65,0,1,0.2776734227293848,0,0.2018966446523599,0.0,12,LOW
user_1591,5,4,0,0,1,249.4616531977686,15.117679078715229,2.4838884568791326,0,3,1,0,0,1,1,1.15,0,1,0.0815285198183811,0,0.0013513513513513514,0.47277500697029895,19,LOW
user_1592,15,4,0,0,1,212.9925916023665,304.5630118606317,0.091906405742128,0,1,1,0,0,1,3,0.8500000000000001,0,1,0.1140437691094343,0,0.29646344472155617,0.3944023499087308,34,MEDIUM
user_1593,16,0,0,1,1,270.4379991377851,14.392956156863,11.410279496827858,0,1,1,1,0,1,1,0.85,0,1,0.2332993702223167,0,0.24213381063915532,0.10695635049384,19,LOW
user_1594,6,4,0,0,1,195.58908452362328,6.11608847737707,1.2200262893865552,0,2,1,0,0,1,1,0.8999999999999999,0,1,0.190136950224284,0,0.20789731048021395,0.21099226023493423,21,LOW
user_1595,0,4,0,0,1,203.71788869417503,99.26539800730409,2.8276779985894773,0,3,1,0,0,1,2,1.25,0,1,0.0406781887288436,0,0.004507732605558692,0.5712380069206875,23,LOW
user_1596,15,3,0,0,1,339.77226591384346,34.05680606899343,3.6483119081748328,0,1,1,0,0,1,1,0.65,0,1,0.2776734227293848,0,0.2018966446523599,0.0,12,LOW
user_1597,20,1,0,0,1,313.85472545292816,21.38513141348552,13.735838521383116,0,2,1,0,0,1,1,0.8999999999999999,0,1,0.190136950224284,0,0.20789731048021395,0.21099226023493423,21,LOW
user_1598,14,1,0,1,1,42.2663292019615,12.9631675466991,9.832102470828922,0,1,1,1,0,2,1,0.95,0,1,0.0868800058507494,0,0.049146048626075106,0.4598761306359884,21,LOW
user_1599,11,0,0,0,1,309.4057189478587,16.937592321051966,2.036662667963371,0,1,1,0,0,1,1,0.65,0,1,0.2776734227293848,0,0.2018966446523599,0.0,12,LOW
user_1600,13,2,0,0,1,235.5808784245345,19.94262297915666,9.1102415123781,0,1,1,0,0,1,1,0.65,0,1,0.2776734227293848,0,0.2018966446523599,0.0,12,LOW
user_1601,18,3,0,0,1,197.50907622605928,6.841732515923786,12.31508437767486,0,1,1,0,0,1,1,0.65,0,1,0.2776734227293848,0,0.2018966446523599,0.0,12,LOW
user_1602,12,1,0,2,1,179.56951585754098,11.877035674590736,4.924900897560722,0,1,1,2,0,1,1,1.05,0,1,0.1541262400811022,0,0.4301355521591885,0.2977901503981718,38,MEDIUM
user_1603,11,2,0,1,1,183.0529423032007,8.647312990993068,2.82300464685068,0,1,1,1,0,1,1,0.85,0,1,0.2332993702223167,0,0.24213381063915532,0.10695635049384,19,LOW
user_1604,12,2,0,0,1,199.2038433144951,12.292894911054384,11.36260490360019,0,1,1,0,0,1,1,0.65,0,1,0.2776734227293848,0,0.2018966446523599,0.0,12,LOW
user_1605,16,3,0,0,1,172.37204497908937,0.01,9.438962833170065,0,1,1,0,0,1,1,0.65,0,1,0.2776734227293848,0,0.2018966446523599,0.0,12,LOW
user_1606,14,5,0,0,1,158.72402033564146,4.759575250851785,0.8111478715548783,0,1,1,0,0,1,1,0.65,0,1,0.2776734227293848,0,0.2018966446523599,0.0,12,LOW
user_1607,18,0,0,0,1,177.57719094936536,12.501884656786515,10.986512101268026,0,1,1,0,0,1,1,0.65,0,1,0.2776734227293848,0,0.2018966446523599,0.0,12,LOW
user_1608,14,2,0,0,1,259.4036313039412,12.173432684797726,6.704427535115944,0,1,1,0,0,1,1,0.65,0,1,0.2776734227293848,0,0.2018966446523599,0.0,12,LOW
user_1609,13,0,0,0,1,243.00540891424785,8.421941559357396,13.998618120616058,0,1,1,0,0,1,1,0.65,0,1,0.2776734227293848,0,0.2018966446523599,0.0,12,LOW
user_1610,13,3,0,0,1,273.3513870931114,162.496075896355,2.11607278088961,0,1,1,0,0,1,2,0.75,0,1,0.2193048404666994,0,0.33007420523328185,0.14068786125229182,25,LOW
user_1611,9,4,0,0,1,236.0178096473968,1.91197167786356,2.986977466889327,0,1,1,0,0,1,1,0.65,0,1,0.2776734227293848,0,0.2018966446523599,0.0,12,LOW
user_1612,16,5,1,0,1,161.59924016131248,25.747066045544614,7.837564529781674,0,1,1,0,1,1,1,0.7999999999999999,0,1,0.2129135634933541,0,0.13356667006213288,0.15609298252120107,14,LOW
user_1613,13,1,0,0,1,269.6664554096164,4.79229117853422,6.572657440752575,0,1,1,0,0,1,1,0.65,0,1,0.2776734227293848,0,0.2018966446523599,0.0,12,LOW
user_1614,13,6,0,0,1,9.0139052015931,766.8836311481584,4.883555948248112,1,1,1,0,0,3,3,1.05,0,-1,-0.0182440342796388,1,1.0,0.7132603280726179,89,HIGH
user_1615,23,0,0,0,1,278.79685811933604,61.39239751128026,13.705521797381138,0,3,1,0,0,1,2,1.25,0,1,0.0406781887288436,0,0.004507732605558692,0.5712380069206875,23,LOW
user_1616,14,3,0,0,1,170.04479982258235,12.832299175999248,8.318382928234216,0,1,1,0,0,1,1,0.65,0,1,0.2776734227293848,0,0.2018966446523599,0.0,12,LOW
user_1617,11,0,0,0,1,198.75140241578848,43.35780776157392,12.38812222882401,0,1,1,0,0,1,1,0.65,0,1,0.2776734227293848,0,0.2018966446523599,0.0,12,LOW
user_1618,12,4,0,1,1,218.3165015659251,7.18903363849121,1.6635564773144398,0,1,1,1,0,1,1,0.85,0,1,0.2332993702223167,0,0.24213381063915532,0.10695635049384,19,LOW
user_1619,17,2,0,0,1,280.4642880634169,3.772563814819319,13.055932676902742,0,1,1,0,0,1,1,0.65,0,1,0.2776734227293848,0,0.2018966446523599,0.0,12,LOW
user_1620,14,3,2,0,1,250.5598351276437,9.49048510248303,6.190199807773318,0,1,1,0,2,1,1,0.95,0,1,0.1483955927109178,0,0.007188301157192252,0.31160293273497597,13,LOW
user_1621,9,4,1,1,1,241.20007932905543,10.45137626795332,0.3435124141018356,0,1,1,1,1,1,1,1.0,0,1,0.1244119810262747,0,0.2600647053805528,0.3694114814818421,30,LOW
user_1622,16,0,0,0,1,353.1401271033183,12.660780034374824,2.672150306291308,0,1,1,0,0,1,1,0.65,0,1,0.2776734227293848,0,0.2018966446523599,0.0,12,LOW
user_1623,2,0,2,2,1,129.78101032649127,0.01,0.2609389546287722,0,3,1,2,2,1,1,1.8500000000000003,0,-1,-0.0696275775772599,1,0.959253424354354,0.8371119024962153,91,HIGH
user_1624,19,4,0,0,1,177.69734143796694,13.239359410725774,6.104149028543178,0,2,1,0,0,1,1,0.8999999999999999,0,1,0.190136950224284,0,0.20789731048021395,0.21099226023493423,21,LOW
user_1625,17,1,0,0,1,175.12869131766053,30.94973542803356,3.943467871781034,0,1,1,0,0,1,1,0.65,0,1,0.2776734227293848,0,0.2018966446523599,0.0,12,LOW
user_1626,12,0,0,0,1,133.76086140466353,577.2229568125222,43.77999547345966,0,1,1,0,0,1,3,0.8500000000000001,0,1,0.1140437691094343,0,0.29646344472155617,0.3944023499087308,34,MEDIUM
user_1627,17,2,0,0,1,196.8288292268384,351.9622688444928,20.287797355111667,0,1,1,0,0,1,3,0.8500000000000001,0,1,0.1140437691094343,0,0.29646344472155617,0.3944023499087308,34,MEDIUM
user_1628,14,3,0,0,0,281.26614982780234,16.81795948777081,17.468101593802988,0,1,1,0,0,1,1,0.65,1,1,0.2776734227293848,0,0.15500519134380158,0.0,9,LOW
user_1629,1,0,0,0,1,204.5011560890549,157.93033012916047,6.953827757040926,0,3,1,0,0,1,2,1.25,0,1,0.0406781887288436,0,0.004507732605558692,0.5712380069206875,23,LOW
user_1630,15,1,0,1,1,220.01982168082145,1.5486136059886806,16.45518557389759,0,1,1,1,0,1,1,0.85,0,1,0.2332993702223167,0,0.24213381063915532,0.10695635049384,19,LOW
user_1631,11,0,0,0,1,136.6467103271831,3.591026704779,3.1043175861248,0,1,1,0,0,1,1,0.65,0,1,0.2776734227293848,0,0.2018966446523599,0.0,12,LOW
user_1632,12,2,0,0,1,192.20846549037915,17.829711537220536,8.224577058119868,0,1,1,0,0,1,1,0.65,0,1,0.2776734227293848,0,0.2018966446523599,0.0,12,LOW
user_1633,17,4,0,0,1,212.29807706474497,6.688842358054768,4.990915074438031,0,1,1,0,0,1,1,0.65,0,1,0.2776734227293848,0,0.2018966446523599,0.0,12,LOW
user_1634,12,6,0,0,1,278.54402535282685,52.51117430620357,1.8794764743051129,0,1,1,0,0,1,2,0.75,0,1,0.2193048404666994,0,0.33007420523328185,0.14068786125229182,25,LOW
user_1635,12,3,1,0,1,139.50501612490672,4.757607954274889,0.7538478995087863,0,1,1,0,1,1,1,0.7999999999999999,0,1,0.2129135634933541,0,0.13356667006213288,0.15609298252120107,14,LOW
user_1636,11,0,0,0,1,212.6994752567317,0.5081962421700356,8.169395981230474,0,1,1,0,0,1,1,0.65,0,1,0.2776734227293848,0,0.2018966446523599,0.0,12,LOW
user_1637,15,5,0,0,1,305.20908180413346,14.835431799098078,1.0274076673216206,0,1,1,0,0,1,1,0.65,0,1,0.2776734227293848,0,0.2018966446523599,0.0,12,LOW
user_1638,20,2,2,0,1,213.2950028626041,107.01042772463852,12.658591892602828,0,2,1,0,2,1,2,1.3,0,1,0.0032886205014175,0,0.02385858585858586,0.6613594075637534,28,LOW
user_1639,9,0,0,0,1,113.06631515287928,28.04750692164828,25.44255189901613,0,1,1,0,0,2,1,0.75,0,1,0.0934671910539906,0,0.40261253039389167,0.44399880482146026,42,MEDIUM
user_1640,14,5,0,0,1,316.75054664089146,10.925044610083406,1.7686380908486323,0,1,1,0,0,1,1,0.65,0,1,0.2776734227293848,0,0.2018966446523599,0.0,12,LOW
user_1641,18,4,0,0,1,284.0938165523,403.71922308666143,6.366507451876112,0,1,1,0,0,1,3,0.8500000000000001,0,1,0.1140437691094343,0,0.29646344472155617,0.3944023499087308,34,MEDIUM
user_1642,13,4,0,0,1,292.16383050472746,16.587206658109725,13.423716162483617,0,1,1,0,0,1,1,0.65,0,1,0.2776734227293848,0,0.2018966446523599,0.0,12,LOW
user_1643,15,3,0,0,1,135.37298119527637,5.781472362182513,3.380490045128407,0,1,1,0,0,1,1,0.65,0,1,0.2776734227293848,0,0.2018966446523599,0.0,12,LOW
user_1644,10,1,0,0,1,330.74734355083285,26.085643160395115,25.353310960442137,0,1,1,0,0,1,1,0.65,0,1,0.2776734227293848,0,0.2018966446523599,0.0,12,LOW
user_1645,15,1,0,0,1,193.6034348933281,21.86723565127436,21.93421846719272,0,1,1,0,0,1,1,0.65,0,1,0.2776734227293848,0,0.2018966446523599,0.0,12,LOW
user_1646,13,3,0,0,1,209.4336633467861,7.704391823538382,1.09540747029548,0,1,1,0,0,1,1,0.65,0,1,0.2776734227293848,0,0.2018966446523599,0.0,12,LOW
user_1647,16,1,1,0,1,197.8333700404798,1.7842513209098556,0.2778214610793485,0,1,1,0,1,1,1,0.7999999999999999,0,1,0.2129135634933541,0,0.13356667006213288,0.15609298252120107,14,LOW
user_1648,17,2,0,0,1,296.81623091731245,488.359369182219,37.489897348510034,0,1,1,0,0,1,3,0.8500000000000001,0,1,0.1140437691094343,0,0.29646344472155617,0.3944023499087308,34,MEDIUM
user_1649,21,4,1,0,1,229.21209884968223,22.014892118491577,31.34420362452253,0,2,1,0,1,1,1,1.05,0,1,0.1004614283124124,0,0.02209191694512681,0.4271403470204811,18,LOW
user_1650,15,4,1,0,1,268.90446195525755,46.14899032216916,5.486756578035709,0,1,1,0,1,1,1,0.7999999999999999,0,1,0.2129135634933541,0,0.13356667006213288,0.15609298252120107,14,LOW
user_1651,14,2,0,1,1,244.5540613730621,7.5208720038767485,0.5188644300854707,0,1,1,1,0,1,1,0.85,0,1,0.2332993702223167,0,0.24213381063915532,0.10695635049384,19,LOW
user_1652,1,4,2,0,0,234.2974797784248,0.01,7561.851152858189,1,3,4,0,2,1,1,2.0500000000000003,1,-1,-0.0954538463736069,1,0.9703000799379347,0.8993618729466317,94,HIGH
user_1653,11,4,0,0,1,183.19295617522823,0.01,3.473048484173332,0,1,1,0,0,1,1,0.65,0,1,0.2776734227293848,0,0.2018966446523599,0.0,12,LOW
user_1654,15,3,1,0,1,348.7284352384659,8.626068242074298,27.602331579729483,0,1,1,0,1,1,1,0.7999999999999999,0,1,0.2129135634933541,0,0.13356667006213288,0.15609298252120107,14,LOW
user_1655,13,1,0,1,1,152.19638228968626,26.71705091547024,15.830975121153465,0,1,1,1,0,1,1,0.85,0,1,0.2332993702223167,0,0.24213381063915532,0.10695635049384,19,LOW
user_1656,14,1,0,0,0,264.7352384420811,43.657414449539466,10.486621807320455,0,1,1,0,0,1,1,0.65,1,1,0.2776734227293848,0,0.15500519134380158,0.0,9,LOW
user_1657,14,1,0,0,1,262.59939552643675,39.68365654781084,3.34779057377488,0,1,1,0,0,1,1,0.65,0,1,0.2776734227293848,0,0.2018966446523599,0.0,12,LOW
user_1658,10,0,0,0,1,309.26137716914553,40.09305154646853,12.082103682702234,0,1,1,0,0,1,1,0.65,0,1,0.2776734227293848,0,0.2018966446523599,0.0,12,LOW
user_1659,17,1,1,0,1,323.2854019427567,28.310881796617497,3.413195392963773,0,1,1,0,1,1,1,0.7999999999999999,0,1,0.2129135634933541,0,0.13356667006213288,0.15609298252120107,14,LOW
user_1660,17,1,0,0,1,231.75668403499347,10.718654464648552,0.3835730951145289,0,1,1,0,0,1,1,0.65,0,1,0.2776734227293848,0,0.2018966446523599,0.0,12,LOW
user_1661,13,2,1,0,1,271.8236583554852,52.26699896837571,7.101602610076615,0,1,1,0,1,1,2,0.8999999999999999,0,1,0.1194195039721256,0,0.26547768987979625,0.3814450257597952,31,MEDIUM
user_1662,7,5,0,0,1,345.8924226271505,17.7944447412535,6.707685500670632,0,2,1,0,0,1,1,0.8999999999999999,0,1,0.190136950224284,0,0.20789731048021395,0.21099226023493423,21,LOW
user_1663,12,0,0,1,1,236.08939398466487,26.120638743876007,14.397203408069329,0,1,1,1,0,1,1,0.85,0,1,0.2332993702223167,0,0.24213381063915532,0.10695635049384,19,LOW
user_1664,17,4,2,0,1,176.0139914960894,150.96146715944198,20.0748472194361,0,1,1,0,2,1,2,1.05,0,1,0.0515919801040551,0,0.01030309988802873,0.5449321090007749,22,LOW
user_1665,13,3,0,0,1,216.93191323803472,15.069866308435191,4.376812529919218,0,1,1,0,0,1,1,0.65,0,1,0.2776734227293848,0,0.2018966446523599,0.0,12,LOW
user_1666,11,0,1,0,1,161.721240083132,47.09320429418452,5.968792962349778,0,1,1,0,1,1,1,0.7999999999999999,0,1,0.2129135634933541,0,0.13356667006213288,0.15609298252120107,14,LOW
user_1667,12,5,0,0,1,262.30900865968334,8.728457364749657,6.356340667398039,0,1,1,0,0,1,1,0.65,0,1,0.2776734227293848,0,0.2018966446523599,0.0,12,LOW
user_1668,16,3,0,1,1,303.8673724884381,0.932922944513604,3.9189374365067904,0,1,1,1,0,1,1,0.85,0,1,0.2332993702223167,0,0.24213381063915532,0.10695635049384,19,LOW
user_1669,15,2,0,0,1,232.7375104759477,52.96134677101616,13.601858679477797,0,1,1,0,0,1,2,0.75,0,1,0.2193048404666994,0,0.33007420523328185,0.14068786125229182,25,LOW
user_1670,13,4,2,0,1,142.74239703278158,43.5776547251248,7.383562534310212,0,1,1,0,2,1,1,0.95,0,1,0.1483955927109178,0,0.007188301157192252,0.31160293273497597,13,LOW
user_1671,12,1,2,1,1,301.2990501034607,11.414768620471456,24.528938636156266,0,1,1,1,2,1,1,1.15,0,1,0.0590725335016217,0,0.024931712964170426,0.5269014661842195,23,LOW
user_1672,12,3,0,0,1,133.42206230605328,5.128021585678044,10.507104386345516,0,1,1,0,0,1,1,0.65,0,1,0.2776734227293848,0,0.2018966446523599,0.0,12,LOW
user_1673,19,0,0,0,1,147.2427133246175,43.65780942447856,2.381259273003468,0,2,1,0,0,1,1,0.8999999999999999,0,1,0.190136950224284,0,0.20789731048021395,0.21099226023493423,21,LOW
user_1674,18,4,0,0,1,229.29969675031688,2.050891781134803,1.8009441720794968,0,1,1,0,0,1,1,0.65,0,1,0.2776734227293848,0,0.2018966446523599,0.0,12,LOW
user_1675,13,2,0,2,1,255.10711474053,13.780548431681376,4.658273029156696,0,1,1,2,0,1,1,1.05,0,1,0.1541262400811022,0,0.4301355521591885,0.2977901503981718,38,MEDIUM
user_1676,17,3,0,1,1,265.33484992550126,2.2443521495903216,4.260656602548925,0,1,1,1,0,1,1,0.85,0,1,0.2332993702223167,0,0.24213381063915532,0.10695635049384,19,LOW
user_1677,18,1,0,0,1,236.0316268772116,22.776963184120724,5.227832063202,0,1,1,0,0,1,1,0.65,0,1,0.2776734227293848,0,0.2018966446523599,0.0,12,LOW
user_1678,16,3,2,0,1,345.60262590809145,0.6896346508182842,2.028399102136176,0,1,1,0,2,1,1,0.95,0,1,0.1483955927109178,0,0.007188301157192252,0.31160293273497597,13,LOW
user_1679,12,4,0,1,1,243.9101004649921,24.804898620143582,38.26885759740085,0,1,1,1,0,1,1,0.85,0,1,0.2332993702223167,0,0.24213381063915532,0.10695635049384,19,LOW
user_1680,15,2,0,0,1,302.0800861051762,27.960599256770823,1.5748429851159238,0,1,1,0,0,1,1,0.65,0,1,0.2776734227293848,0,0.2018966446523599,0.0,12,LOW
user_1681,13,3,0,1,1,287.21727384568186,16.69402751063241,10.574188329141665,0,1,1,1,0,1,1,0.85,0,1,0.2332993702223167,0,0.24213381063915532,0.10695635049384,19,LOW
user_1682,11,2,0,0,1,162.42757606772824,4.809519417100608,0.1315538898433787,0,1,1,0,0,1,1,0.65,0,1,0.2776734227293848,0,0.2018966446523599,0.0,12,LOW
user_1683,14,4,2,0,1,229.81617076286872,2.672763425434994,5.2249517947665485,0,1,1,0,2,1,1,0.95,0,1,0.1483955927109178,0,0.007188301157192252,0.31160293273497597,13,LOW
user_1684,10,2,0,0,1,367.3992307968612,9.39616551171768,3.698809015783234,0,1,1,0,0,1,1,0.65,0,1,0.2776734227293848,0,0.2018966446523599,0.0,12,LOW
user_1685,17,4,1,0,1,209.73894876358457,15.646873093378474,4.81306689211415,0,1,1,0,1,1,1,0.7999999999999999,0,1,0.2129135634933541,0,0.13356667006213288,0.15609298252120107,14,LOW
user_1686,12,4,2,0,1,199.5227685385985,25.69510881433874,6.893092444141252,0,1,1,0,2,1,1,0.95,0,1,0.1483955927109178,0,0.007188301157192252,0.31160293273497597,13,LOW
user_1687,14,2,0,2,1,250.2345348886213,0.0312727394939505,9.17228675416502,0,1,1,2,0,1,1,1.05,0,1,0.1541262400811022,0,0.4301355521591885,0.2977901503981718,38,MEDIUM
user_1688,14,1,0,0,1,211.88880424439688,31.03874472892571,8.758960561478924,0,1,1,0,0,1,1,0.65,0,1,0.2776734227293848,0,0.2018966446523599,0.0,12,LOW
user_1689,10,2,0,1,1,192.3777252298657,163.39090516097258,9.96182974112864,0,1,1,1,0,1,2,0.95,0,1,0.1509357020843734,0,0.04950631867309361,0.30548041714105467,15,LOW
user_1690,15,4,0,0,1,211.0029963421448,14.69886826777214,18.61416234603876,0,1,1,0,0,1,1,0.65,0,1,0.2776734227293848,0,0.2018966446523599,0.0,12,LOW
user_1691,12,1,0,0,1,325.9205802821175,10.517252270482263,21.778675400180223,0,1,1,0,0,1,1,0.65,0,1,0.2776734227293848,0,0.2018966446523599,0.0,12,LOW
user_1692,16,2,0,1,0,231.80287851134565,46.17787740956137,13.36553413129813,0,1,1,1,0,1,1,0.85,1,1,0.2332993702223167,0,0.5768895551079612,0.10695635049384,39,MEDIUM
user_1693,9,4,0,0,1,160.31549803471728,38.38001002397007,0.8223253342752286,0,1,1,0,0,1,1,0.65,0,1,0.2776734227293848,0,0.2018966446523599,0.0,12,LOW
user_1694,21,1,0,0,1,149.29520771471016,65.24953451135995,32.51719096459524,0,2,1,0,0,1,2,1.0,0,1,0.1157188029811144,0,0.21090605726134576,0.39036495643785196,28,LOW
user_1695,19,3,0,0,1,372.40829592326816,11.627623400057663,29.45002778665392,0,2,1,0,0,1,1,0.8999999999999999,0,1,0.190136950224284,0,0.20789731048021395,0.21099226023493423,21,LOW
user_1696,10,1,0,0,1,226.59993783395387,59.3339364005132,12.437668362188957,0,1,1,0,0,1,2,0.75,0,1,0.2193048404666994,0,0.33007420523328185,0.14068786125229182,25,LOW
user_1697,11,0,0,0,1,8.30502350269601,1619.073371310465,7.286480892881468,1,1,1,0,0,3,4,1.15,0,-1,-0.0665595353490385,1,1.0,0.8297168916429857,93,HIGH
user_1698,15,4,0,1,1,193.71736641962343,363.7072762979303,2.8850689030170864,0,1,1,1,0,1,3,1.05,0,1,0.0596166766321488,0,0.07429146882479426,0.5255898987230732,25,LOW
user_1699,14,0,0,2,1,259.25915815628497,15.654701602056653,14.12027186489423,0,1,1,2,0,1,1,1.05,0,1,0.1541262400811022,0,0.4301355521591885,0.2977901503981718,38,MEDIUM
user_1700,15,1,0,0,1,327.5597790960919,309.00529528962784,21.025888143967432,0,1,1,0,0,1,3,0.8500000000000001,0,1,0.1140437691094343,0,0.29646344472155617,0.3944023499087308,34,MEDIUM
user_1701,0,4,0,0,1,200.8642089753747,116.74520410773036,10.941849066736534,0,3,1,0,0,1,2,1.25,0,1,0.0406781887288436,0,0.004507732605558692,0.5712380069206875,23,LOW
user_1702,15,1,0,0,1,267.515206796915,4.664500444690727,9.917490114490445,0,1,1,0,0,1,1,0.65,0,1,0.2776734227293848,0,0.2018966446523599,0.0,12,LOW
user_1703,17,6,0,0,1,155.6552234465767,50.3323900270076,2.144374404325096,0,1,1,0,0,1,2,0.75,0,1,0.2193048404666994,0,0.33007420523328185,0.14068786125229182,25,LOW
user_1704,15,6,0,0,1,361.3719671020075,20.060886022927185,4.428500829754353,1,1,1,0,0,1,1,0.65,0,1,0.2776734227293848,0,0.2018966446523599,0.0,12,LOW
user_1705,23,1,0,1,1,256.1121558146745,54.88730362761317,12.842296700470753,0,3,1,1,0,1,2,1.45,0,-1,-0.0026340983693405,1,0.05069452606217311,0.6756351466415933,30,LOW
user_1706,16,0,2,0,1,215.2323693388625,0.0658778220955768,0.1704315178150167,0,1,1,0,2,1,1,0.95,0,1,0.1483955927109178,0,0.007188301157192252,0.31160293273497597,13,LOW
user_1707,19,3,0,0,1,222.1275526028301,24.855503710888584,10.251693097424209,0,2,1,0,0,1,1,0.8999999999999999,0,1,0.190136950224284,0,0.20789731048021395,0.21099226023493423,21,LOW
user_1708,13,2,0,1,1,209.3977095291399,13.295182137585163,14.553028084863511,0,1,1,1,0,1,1,0.85,0,1,0.2332993702223167,0,0.24213381063915532,0.10695635049384,19,LOW
user_1709,11,0,0,0,1,212.4656901525904,17.58494152968637,4.0752395548682445,0,1,1,0,0,1,1,0.65,0,1,0.2776734227293848,0,0.2018966446523599,0.0,12,LOW
user_1710,17,3,0,1,1,93.1502914590204,34.04536240387314,0.7922479222511256,0,1,1,1,0,2,1,0.95,0,1,0.0868800058507494,0,0.049146048626075106,0.4598761306359884,21,LOW
user_1711,13,0,0,0,1,234.12205607419463,6.441814014511041,17.099180171616098,0,1,1,0,0,1,1,0.65,0,1,0.2776734227293848,0,0.2018966446523599,0.0,12,LOW
user_1712,7,4,2,0,0,231.60727916365727,5.732166893553704,10757.060854581468,1,2,4,0,2,1,1,1.8000000000000005,1,-1,-0.0706838426998131,1,0.99875,0.8396578557341853,94,HIGH
user_1713,16,0,0,1,1,269.3196922356286,30.351236571828988,4.6330786553918655,0,1,1,1,0,1,1,0.85,0,1,0.2332993702223167,0,0.24213381063915532,0.10695635049384,19,LOW
user_1714,3,0,1,0,1,208.6113752135084,120.02350340703804,12.28450299037399,0,3,1,0,1,1,2,1.4,0,-1,-0.0218861284163053,1,0.011227614977614979,0.7220389965737833,30,LOW
user_1715,13,0,0,1,1,193.73782115153864,6.652551721074993,16.981925588613194,0,1,1,1,0,1,1,0.85,0,1,0.2332993702223167,0,0.24213381063915532,0.10695635049384,19,LOW
user_1716,14,6,2,1,1,239.53350333282148,16.54211569632768,19.83272955782489,0,1,1,1,2,1,1,1.15,0,1,0.0590725335016217,0,0.024931712964170426,0.5269014661842195,23,LOW
user_1717,14,3,0,0,1,143.25791291457097,15.384217663345016,7.559106201910092,0,1,1,0,0,1,1,0.65,0,1,0.2776734227293848,0,0.2018966446523599,0.0,12,LOW
user_1718,16,4,0,0,1,248.6053912520751,29.396332845542865,6.460187705411061,0,1,1,0,0,1,1,0.65,0,1,0.2776734227293848,0,0.2018966446523599,0.0,12,LOW
user_1719,12,2,0,0,1,128.29084442869674,0.0666162662397478,18.859642884874976,0,1,1,0,0,1,1,0.65,0,1,0.2776734227293848,0,0.2018966446523599,0.0,12,LOW
user_1720,15,1,0,1,1,307.2491189298478,22.0931846035462,8.279985183231185,0,1,1,1,0,1,1,0.85,0,1,0.2332993702223167,0,0.24213381063915532,0.10695635049384,19,LOW
user_1721,13,1,0,0,1,281.0561973396465,23.264695656853306,8.642931655305025,0,1,1,0,0,1,1,0.65,0,1,0.2776734227293848,0,0.2018966446523599,0.0,12,LOW
user_1722,8,2,0,0,1,184.4288474145592,54.508354424221935,5.691141488714261,0,2,1,0,0,1,2,1.0,0,1,0.1157188029811144,0,0.21090605726134576,0.39036495643785196,28,LOW
user_1723,15,3,0,0,1,279.6682808002822,55.007587667435,4.6651208685388825,0,1,1,0,0,1,2,0.75,0,1,0.2193048404666994,0,0.33007420523328185,0.14068786125229182,25,LOW
user_1724,11,3,0,0,1,246.69085345523288,14.503936902854822,6.549671188693647,0,1,1,0,0,1,1,0.65,0,1,0.2776734227293848,0,0.2018966446523599,0.0,12,LOW
user_1725,17,1,0,1,1,179.4593861349084,10.483531870211126,4.538901415173468,0,1,1,1,0,1,1,0.85,0,1,0.2332993702223167,0,0.24213381063915532,0.10695635049384,19,LOW
user_1726,12,5,0,1,1,118.62743056625465,2.6985510541665203,4.209033416940851,0,1,1,1,0,2,1,0.95,0,1,0.0868800058507494,0,0.049146048626075106,0.4598761306359884,21,LOW
user_1727,16,0,2,2,1,258.9861410055871,10.268318125330104,50.61561604445511,0,1,2,2,2,1,1,1.5500000000000005,0,-1,-0.0388000854003949,1,0.4087160491874049,0.7628073061876024,55,MEDIUM
user_1728,1,6,0,0,1,192.343089171898,0.01,4.097947084232999,0,3,1,0,0,1,1,1.15,0,1,0.0815285198183811,0,0.0013513513513513514,0.47277500697029895,19,LOW
user_1729,19,0,0,0,1,305.6981741817648,40.59098258066674,2.962301669087525,0,2,1,0,0,1,1,0.8999999999999999,0,1,0.190136950224284,0,0.20789731048021395,0.21099226023493423,21,LOW
user_1730,13,2,0,0,1,240.84202403291107,41.127423617702746,4.368382741195073,0,1,1,0,0,1,1,0.65,0,1,0.2776734227293848,0,0.2018966446523599,0.0,12,LOW
user_1731,12,1,0,0,1,198.02503821016097,13.499395529680625,8.935056463257876,1,1,1,0,0,1,1,0.65,0,1,0.2776734227293848,0,0.2018966446523599,0.0,12,LOW
user_1732,13,2,1,0,1,347.8703239854283,7.515509779622493,24.190120230879767,0,1,1,0,1,1,1,0.7999999999999999,0,1,0.2129135634933541,0,0.13356667006213288,0.15609298252120107,14,LOW
user_1733,13,3,0,1,1,274.5867895561803,3.139649612953564,15.505288799775842,0,1,1,1,0,1,1,0.85,0,1,0.2332993702223167,0,0.24213381063915532,0.10695635049384,19,LOW
user_1734,16,2,0,1,1,20.69480909375364,47.63504898583683,18.466876084613165,0,1,1,1,0,3,1,1.05,0,1,0.0213138368659705,0,0.3427515406127991,0.617912590104218,45,MEDIUM
user_1735,9,2,1,1,1,210.816493872548,52.49014264868846,19.590564591485784,0,1,1,1,1,1,2,1.1,0,1,0.0660906907717865,0,0.06773171811602267,0.5099853531316857,24,LOW
user_1736,10,4,0,1,1,156.95466047925458,7.741022462920231,25.32355509139593,0,1,1,1,0,1,1,0.85,0,1,0.2332993702223167,0,0.24213381063915532,0.10695635049384,19,LOW
user_1737,10,3,0,1,1,192.0121237367815,24.30569535644404,2.679725644046324,0,1,1,1,0,1,1,0.85,0,1,0.2332993702223167,0,0.24213381063915532,0.10695635049384,19,LOW
user_1738,16,4,2,0,1,231.31605606488785,7.482184348284947,6.131648397006371,0,1,1,0,2,1,1,0.95,0,1,0.1483955927109178,0,0.007188301157192252,0.31160293273497597,13,LOW
user_1739,19,1,0,1,1,261.2429105152528,6.3763913210262535,4.864544719059764,0,2,1,1,0,1,1,1.1,0,1,0.1083396961540713,0,0.5687783155237143,0.4081510789922207,50,MEDIUM
user_1740,10,3,0,0,1,255.6819445268144,0.01,4.810678034876173,0,1,1,0,0,1,1,0.65,0,1,0.2776734227293848,0,0.2018966446523599,0.0,12,LOW
user_1741,13,3,0,0,1,304.6723845938881,21.519001117413143,10.56368222673263,1,1,1,0,0,1,1,0.65,0,1,0.2776734227293848,0,0.2018966446523599,0.0,12,LOW
user_1742,14,2,0,0,1,278.19590265052,4.061253978490908,5.138352486765795,0,1,1,0,0,1,1,0.65,0,1,0.2776734227293848,0,0.2018966446523599,0.0,12,LOW
user_1743,17,2,1,0,1,274.4848157475303,0.3112085746184048,9.579732682137193,0,1,1,0,1,1,1,0.7999999999999999,0,1,0.2129135634933541,0,0.13356667006213288,0.15609298252120107,14,LOW
user_1744,11,1,0,0,1,252.08953938799647,2.769131942567377,4.817189685945315,0,1,1,0,0,1,1,0.65,0,1,0.2776734227293848,0,0.2018966446523599,0.0,12,LOW
user_1745,14,0,0,0,1,317.20793116355406,9.413531310833276,3.727000669663992,0,1,1,0,0,1,1,0.65,0,1,0.2776734227293848,0,0.2018966446523599,0.0,12,LOW
user_1746,16,1,0,0,1,221.02340740854493,27.65325116664154,4.355282782165142,0,1,1,0,0,1,1,0.65,0,1,0.2776734227293848,0,0.2018966446523599,0.0,12,LOW
user_1747,15,0,0,1,1,222.58180387588857,5.660693876937232,16.284018771762284,0,1,1,1,0,1,1,0.85,0,1,0.2332993702223167,0,0.24213381063915532,0.10695635049384,19,LOW
user_1748,14,3,0,1,1,125.6655988216482,54.6401845451477,9.189217806215977,0,1,1,1,0,1,2,0.95,0,1,0.1509357020843734,0,0.04950631867309361,0.30548041714105467,15,LOW
user_1749,17,3,0,0,1,303.36984262860216,0.01,36.49571553092955,0,1,1,0,0,1,1,0.65,0,1,0.2776734227293848,0,0.2018966446523599,0.0,12,LOW
user_1750,5,6,0,0,1,235.3844546532507,10.057738158324938,17.87705057751835,0,3,1,0,0,1,1,1.15,0,1,0.0815285198183811,0,0.0013513513513513514,0.47277500697029895,19,LOW
user_1751,21,4,2,0,1,416.01634237027633,0.01,6.651052725589129,0,2,1,0,2,1,1,1.2000000000000002,0,1,0.0458866002061858,0,0.0031251686909581646,0.5586839882540799,23,LOW
user_1752,12,0,0,0,1,215.66803849425253,7.3192192638733955,2.775685009218772,0,1,1,0,0,1,1,0.65,0,1,0.2776734227293848,0,0.2018966446523599,0.0,12,LOW
user_1753,8,4,0,0,1,245.31468776500407,1.9256741756646312,11.20579137255363,0,2,1,0,0,1,1,0.8999999999999999,0,1,0.190136950224284,0,0.20789731048021395,0.21099226023493423,21,LOW
user_1754,15,4,0,2,1,272.7902972165048,8.730802721170825,12.969877204082906,0,1,1,2,0,1,1,1.05,0,1,0.1541262400811022,0,0.4301355521591885,0.2977901503981718,38,MEDIUM
user_1755,18,2,0,0,0,173.88600162067723,49.084603781327104,6.239494923276991,0,1,1,0,0,1,1,0.65,1,1,0.2776734227293848,0,0.15500519134380158,0.0,9,LOW
user_1756,13,3,0,0,1,261.5128628327537,29.15284318449864,2.612636425080088,0,1,1,0,0,1,1,0.65,0,1,0.2776734227293848,0,0.2018966446523599,0.0,12,LOW
user_1757,16,6,0,0,1,242.0796859234312,52.03973694421864,8.147236172652843,0,1,1,0,0,1,2,0.75,0,1,0.2193048404666994,0,0.33007420523328185,0.14068786125229182,25,LOW
user_1758,18,2,1,0,1,221.77870861938973,365.8302950685402,2.928008207317101,0,1,1,0,1,1,3,1.0,0,1,0.0520534259176199,0,0.4862092838962424,0.543819869811855,51,MEDIUM
user_1759,17,5,2,0,0,310.3562375245804,15.20253894025068,28.13382677660429,0,1,1,0,2,1,1,0.95,1,1,0.1483955927109178,0,0.0018309859154929577,0.31160293273497597,13,LOW
user_1760,18,0,0,0,1,185.77507692536065,6.509938365582451,9.9124126512744,0,1,1,0,0,1,1,0.65,0,1,0.2776734227293848,0,0.2018966446523599,0.0,12,LOW
user_1761,16,1,0,2,1,256.4941267849333,31.93291304687752,3.4521367827573486,0,1,1,2,0,1,1,1.05,0,1,0.1541262400811022,0,0.4301355521591885,0.2977901503981718,38,MEDIUM
user_1762,14,2,0,0,1,327.2798574831028,87.86292444500964,2.430028078403129,0,1,1,0,0,1,2,0.75,0,1,0.2193048404666994,0,0.33007420523328185,0.14068786125229182,25,LOW
user_1763,9,3,0,0,1,197.6026946426221,42.23361185579082,12.61331061845494,0,1,1,0,0,1,1,0.65,0,1,0.2776734227293848,0,0.2018966446523599,0.0,12,LOW
user_1764,13,4,0,0,1,222.1868410384621,0.897886872433397,12.3029378281071,0,1,1,0,0,1,1,0.65,0,1,0.2776734227293848,0,0.2018966446523599,0.0,12,LOW
user_1765,11,6,0,0,1,380.7182738083097,9.519057315254637,9.091468887651889,0,1,1,0,0,1,1,0.65,0,1,0.2776734227293848,0,0.2018966446523599,0.0,12,LOW
user_1766,20,2,0,0,1,268.46346390936344,0.7249010446239476,9.52698071741986,0,2,1,0,0,1,1,0.8999999999999999,0,1,0.190136950224284,0,0.20789731048021395,0.21099226023493423,21,LOW
user_1767,13,0,0,0,1,209.6281514014429,1.0248983383302868,9.260103214848296,0,1,1,0,0,1,1,0.65,0,1,0.2776734227293848,0,0.2018966446523599,0.0,12,LOW
user_1768,14,4,0,0,1,288.15748560470865,2.0713726093176774,4.464487513343007,0,1,1,0,0,1,1,0.65,0,1,0.2776734227293848,0,0.2018966446523599,0.0,12,LOW
user_1769,15,3,0,0,1,205.91438690453845,8.085388698291295,27.7122021918696,0,1,1,0,0,1,1,0.65,0,1,0.2776734227293848,0,0.2018966446523599,0.0,12,LOW
user_1770,14,1,0,0,1,146.10504455039575,9.06742484766931,6.52539860465398,0,1,1,0,0,1,1,0.65,0,1,0.2776734227293848,0,0.2018966446523599,0.0,12,LOW
user_1771,19,2,1,0,1,322.3418367159102,12.789544124004587,0.2053735529120269,0,2,1,0,1,1,1,1.05,0,1,0.1004614283124124,0,0.02209191694512681,0.4271403470204811,18,LOW
user_1772,12,4,2,0,1,173.81644415213913,12.97695181305054,4.282650768015217,0,1,1,0,2,1,1,0.95,0,1,0.1483955927109178,0,0.007188301157192252,0.31160293273497597,13,LOW
user_1773,14,4,0,0,1,387.1027574998375,36.89552375711677,1.3958692313665864,0,1,1,0,0,1,1,0.65,0,1,0.2776734227293848,0,0.2018966446523599,0.0,12,LOW
user_1774,11,2,0,0,1,210.64005747226767,3.811397523800379,4.515883027050433,0,1,1,0,0,1,1,0.65,0,1,0.2776734227293848,0,0.2018966446523599,0.0,12,LOW
user_1775,10,1,0,0,1,367.9958808937113,472.518429595732,9.37163268160009,0,1,1,0,0,1,3,0.8500000000000001,0,1,0.1140437691094343,0,0.29646344472155617,0.3944023499087308,34,MEDIUM
user_1776,12,6,0,0,1,157.87973588879652,24.62689319155601,0.2292526166046715,0,1,1,0,0,1,1,0.65,0,1,0.2776734227293848,0,0.2018966446523599,0.0,12,LOW
user_1777,13,3,0,0,1,301.52961517597515,21.200745416275044,20.41764567385148,0,1,1,0,0,1,1,0.65,0,1,0.2776734227293848,0,0.2018966446523599,0.0,12,LOW
user_1778,12,2,0,0,1,269.983576379079,4.181037035674396,9.424014655978462,0,1,1,0,0,1,1,0.65,0,1,0.2776734227293848,0,0.2018966446523599,0.0,12,LOW
user_1779,11,1,0,0,1,290.2647735333091,47.80828177861829,3.5008509939383603,0,1,1,0,0,1,1,0.65,0,1,0.2776734227293848,0,0.2018966446523599,0.0,12,LOW
user_1780,9,4,2,0,0,298.08136240057564,9.976867288405623,13600.88870415082,1,1,4,0,2,1,1,1.5500000000000005,1,-1,-0.0398435368800551,1,0.9980601933947105,0.7653223742482461,90,HIGH
user_1781,13,1,0,1,1,210.13529146312968,11.430831902251242,6.267382407143382,0,1,1,1,0,1,1,0.85,0,1,0.2332993702223167,0,0.24213381063915532,0.10695635049384,19,LOW
user_1782,9,0,2,0,1,161.4693694798201,13.63801832608725,2.851410449341594,0,1,1,0,2,1,1,0.95,0,1,0.1483955927109178,0,0.007188301157192252,0.31160293273497597,13,LOW
user_1783,16,2,0,1,1,236.94493617964693,9.741093370468535,0.0435138130361059,0,1,1,1,0,1,1,0.85,0,1,0.2332993702223167,0,0.24213381063915532,0.10695635049384,19,LOW
user_1784,14,1,0,1,1,253.38181545510804,20.380331072692503,0.2691646790834778,0,1,1,1,0,1,1,0.85,0,1,0.2332993702223167,0,0.24213381063915532,0.10695635049384,19,LOW
user_1785,9,3,0,2,1,211.6893227306697,12.302048202840009,4.427631191147744,0,1,1,2,0,1,1,1.05,0,1,0.1541262400811022,0,0.4301355521591885,0.2977901503981718,38,MEDIUM
user_1786,13,0,0,0,1,256.6532382095917,7.508537513424529,1.3264227555896746,0,1,1,0,0,1,1,0.65,0,1,0.2776734227293848,0,0.2018966446523599,0.0,12,LOW
user_1787,11,3,0,0,1,259.77753187048444,58.70914751962921,0.2261753357007231,1,1,1,0,0,1,2,0.75,0,1,0.2193048404666994,0,0.33007420523328185,0.14068786125229182,25,LOW
user_1788,14,1,0,0,0,185.39841320736804,9.216907544245563,19.609069309967083,0,1,1,0,0,1,1,0.65,1,1,0.2776734227293848,0,0.15500519134380158,0.0,9,LOW
user_1789,18,0,0,0,1,263.698276901428,29.97371330106965,3.2039441929515524,0,1,1,0,0,1,1,0.65,0,1,0.2776734227293848,0,0.2018966446523599,0.0,12,LOW
user_1790,8,0,0,0,1,223.96727857832127,10.663137117137852,6.994119174431422,0,2,1,0,0,1,1,0.8999999999999999,0,1,0.190136950224284,0,0.20789731048021395,0.21099226023493423,21,LOW
user_1791,14,5,0,2,1,198.0011459877977,342.71253544237584,1.977305692176601,0,1,1,2,0,1,3,1.25,0,1,6.435378355384991e-05,0,0.14420627252247073,0.6691309718378642,35,MEDIUM
user_1792,13,4,0,0,1,287.2425082934396,6.727839257454137,0.4785182540293308,0,1,1,0,0,1,1,0.65,0,1,0.2776734227293848,0,0.2018966446523599,0.0,12,LOW
user_1793,16,1,0,0,1,193.3805272983873,34.89141318250808,13.659675554981234,0,1,1,0,0,1,1,0.65,0,1,0.2776734227293848,0,0.2018966446523599,0.0,12,LOW
user_1794,14,4,0,0,1,212.5999446057164,33.40935911735587,1.334820848650655,0,1,1,0,0,1,1,0.65,0,1,0.2776734227293848,0,0.2018966446523599,0.0,12,LOW
user_1795,11,3,0,0,1,244.3230510111993,0.5622745602747896,0.2605336295510501,0,1,1,0,0,1,1,0.65,0,1,0.2776734227293848,0,0.2018966446523599,0.0,12,LOW
user_1796,13,6,0,0,1,322.4586972392543,1.5520462719818593,8.848655371441629,0,1,1,0,0,1,1,0.65,0,1,0.2776734227293848,0,0.2018966446523599,0.0,12,LOW
user_1797,11,2,0,0,1,251.5670446634579,63.897111989491314,0.1355908271805486,0,1,1,0,0,1,2,0.75,0,1,0.2193048404666994,0,0.33007420523328185,0.14068786125229182,25,LOW
user_1798,3,3,0,0,1,271.69729994848007,100.59646994137417,5.73208150393709,0,3,1,0,0,1,2,1.25,0,1,0.0406781887288436,0,0.004507732605558692,0.5712380069206875,23,LOW
user_1799,14,0,2,0,1,222.14144784021025,17.6349070243268,3.408522829031378,0,1,1,0,2,1,1,0.95,0,1,0.1483955927109178,0,0.007188301157192252,0.31160293273497597,13,LOW
user_1800,19,2,1,1,1,235.29062253741955,16.9987359569029,3.848069423860695,0,2,1,1,1,1,1,1.25,0,1,0.0530025780073042,0,0.049471929438013235,0.5415320949109698,25,LOW
user_1801,13,6,0,1,1,9.203935629957982,1538.7217013448164,0.0390666419904174,1,1,1,1,0,3,4,1.35,0,-1,-0.0937579539195447,1,0.9991397849462365,0.895274203295823,96,HIGH
user_1802,11,2,1,0,1,257.59837416102147,378.245711943229,33.33896190978915,0,1,1,0,1,1,3,1.0,0,1,0.0520534259176199,0,0.4862092838962424,0.543819869811855,51,MEDIUM
user_1803,9,1,0,1,1,222.2419456171044,26.511182257859307,7.276622358736857,0,1,1,1,0,1,1,0.85,0,1,0.2332993702223167,0,0.24213381063915532,0.10695635049384,19,LOW
user_1804,8,0,2,0,1,320.39999312857253,16.155778547977555,8.49829372392137,0,2,1,0,2,1,1,1.2000000000000002,0,1,0.0458866002061858,0,0.0031251686909581646,0.5586839882540799,23,LOW
user_1805,9,3,0,0,1,217.6100256898715,33.99920190376073,10.96981074557631,0,1,1,0,0,1,1,0.65,0,1,0.2776734227293848,0,0.2018966446523599,0.0,12,LOW
user_1806,14,3,0,0,1,137.56553188767796,0.7641295881175784,15.971230083482338,0,1,1,0,0,1,1,0.65,0,1,0.2776734227293848,0,0.2018966446523599,0.0,12,LOW
user_1807,15,2,0,0,1,404.5677962622012,22.456699894797048,9.36261619913778,0,1,1,0,0,1,1,0.65,0,1,0.2776734227293848,0,0.2018966446523599,0.0,12,LOW
user_1808,0,6,0,2,1,220.35787854337488,137.52150813076946,14.363173279502472,1,3,1,2,0,1,2,1.65,0,-1,-0.0271042477178731,1,1.0,0.7346164143529743,89,HIGH
user_1809,16,0,0,0,1,318.79018722548085,45.94744073706113,5.955401756841606,0,1,1,0,0,1,1,0.65,0,1,0.2776734227293848,0,0.2018966446523599,0.0,12,LOW
user_1810,12,1,1,0,1,324.2874505175855,28.23990663584058,4.640615431063479,0,1,1,0,1,1,1,0.7999999999999999,0,1,0.2129135634933541,0,0.13356667006213288,0.15609298252120107,14,LOW
user_1811,14,5,0,0,1,296.7128587350229,53.04001874588757,17.323623721760665,0,1,1,0,0,1,2,0.75,0,1,0.2193048404666994,0,0.33007420523328185,0.14068786125229182,25,LOW
user_1812,18,1,0,0,1,228.11836682415583,54.569729145773216,20.04783329081882,0,1,1,0,0,1,2,0.75,0,1,0.2193048404666994,0,0.33007420523328185,0.14068786125229182,25,LOW
user_1813,16,1,0,0,1,257.2010891924606,13.113142775611204,1.4827575247602918,0,1,1,0,0,1,1,0.65,0,1,0.2776734227293848,0,0.2018966446523599,0.0,12,LOW
user_1814,13,2,0,0,1,163.5293874417044,3.6960941581960753,7.823285910101109,0,1,1,0,0,1,1,0.65,0,1,0.2776734227293848,0,0.2018966446523599,0.0,12,LOW
user_1815,11,4,0,1,1,359.4088664290966,24.87548011794574,11.50882156019932,0,1,1,1,0,1,1,0.85,0,1,0.2332993702223167,0,0.24213381063915532,0.10695635049384,19,LOW
user_1816,7,0,0,0,1,188.89164010903983,51.73650769023025,0.8730094978302103,0,2,1,0,0,1,2,1.0,0,1,0.1157188029811144,0,0.21090605726134576,0.39036495643785196,28,LOW
user_1817,11,5,0,0,1,224.76594223554747,1.9477776008333487,26.53516800118108,0,1,1,0,0,1,1,0.65,0,1,0.2776734227293848,0,0.2018966446523599,0.0,12,LOW
user_1818,13,4,0,0,1,245.93918922241505,20.40679554158257,7.34197894395158,0,1,1,0,0,1,1,0.65,0,1,0.2776734227293848,0,0.2018966446523599,0.0,12,LOW
user_1819,11,1,0,0,1,233.5536147097824,3.0541774781673503,10.36926819819749,0,1,1,0,0,1,1,0.65,0,1,0.2776734227293848,0,0.2018966446523599,0.0,12,LOW
user_1820,13,3,0,0,1,200.5876030623964,0.6841769333528849,1.9631024151824925,0,1,1,0,0,1,1,0.65,0,1,0.2776734227293848,0,0.2018966446523599,0.0,12,LOW
user_1821,14,2,0,0,1,323.6603431232813,28.457385325309225,3.071159460853316,0,1,1,0,0,1,1,0.65,0,1,0.2776734227293848,0,0.2018966446523599,0.0,12,LOW
user_1822,13,2,1,0,1,297.0167570092968,28.63077723379356,1.2897176546310838,0,1,1,0,1,1,1,0.7999999999999999,0,1,0.2129135634933541,0,0.13356667006213288,0.15609298252120107,14,LOW
user_1823,12,4,0,0,1,259.3228322595416,22.94842997621389,3.0652342364320466,0,1,1,0,0,1,1,0.65,0,1,0.2776734227293848,0,0.2018966446523599,0.0,12,LOW
user_1824,1,6,0,2,1,216.026816640195,0.01,6.780551706086212,1,3,1,2,0,1,1,1.5500000000000005,0,1,0.0178213557717713,0,0.9935488642050614,0.6263306409898065,85,HIGH
user_1825,10,0,0,0,1,303.85655231066823,141.95801115407633,17.935386477717373,0,1,1,0,0,1,2,0.75,0,1,0.2193048404666994,0,0.33007420523328185,0.14068786125229182,25,LOW
user_1826,10,2,0,1,1,212.13188203334607,2.78055995476368,7.629762909265363,0,1,1,1,0,1,1,0.85,0,1,0.2332993702223167,0,0.24213381063915532,0.10695635049384,19,LOW
user_1827,18,2,0,0,1,334.2235104202689,49.9761301943067,2.803273160754704,0,1,1,0,0,1,1,0.65,0,1,0.2776734227293848,0,0.2018966446523599,0.0,12,LOW
user_1828,13,2,0,0,1,246.67325492900565,17.493054710014064,0.4564723697872883,0,1,1,0,0,1,1,0.65,0,1,0.2776734227293848,0,0.2018966446523599,0.0,12,LOW
user_1829,14,2,0,0,1,313.7868916183629,7.972536086983362,9.727812873585163,0,1,1,0,0,1,1,0.65,0,1,0.2776734227293848,0,0.2018966446523599,0.0,12,LOW
user_1830,16,0,0,2,1,233.170780428985,33.50025268500742,5.450028985647094,0,1,1,2,0,1,1,1.05,0,1,0.1541262400811022,0,0.4301355521591885,0.2977901503981718,38,MEDIUM
user_1831,14,3,0,0,1,244.29199092245668,56.20330400667414,41.57531473488447,0,1,1,0,0,1,2,0.75,0,1,0.2193048404666994,0,0.33007420523328185,0.14068786125229182,25,LOW
user_1832,16,2,0,0,1,313.52526368752,29.24760194307988,15.130368978595667,0,1,1,0,0,1,1,0.65,0,1,0.2776734227293848,0,0.2018966446523599,0.0,12,LOW
user_1833,17,1,0,0,1,371.63550910826666,49.28287454229053,16.521513783745792,0,1,1,0,0,1,1,0.65,0,1,0.2776734227293848,0,0.2018966446523599,0.0,12,LOW
user_1834,12,4,0,0,1,333.6220090502929,8.299462123447704,0.1231048694089628,0,1,1,0,0,1,1,0.65,0,1,0.2776734227293848,0,0.2018966446523599,0.0,12,LOW
user_1835,15,4,0,1,1,292.628077162671,8.519173722112647,15.041563979650428,0,1,1,1,0,1,1,0.85,0,1,0.2332993702223167,0,0.24213381063915532,0.10695635049384,19,LOW
user_1836,10,2,0,0,1,275.3570059774558,49.90029233286048,2.1643275748989548,0,1,1,0,0,1,1,0.65,0,1,0.2776734227293848,0,0.2018966446523599,0.0,12,LOW
user_1837,14,1,0,0,1,209.58307858442245,23.853894271814973,8.813963645664598,0,1,1,0,0,1,1,0.65,0,1,0.2776734227293848,0,0.2018966446523599,0.0,12,LOW
user_1838,13,3,0,1,1,257.71378446632593,6.669640034108918,5.931599051044714,0,1,1,1,0,1,1,0.85,0,1,0.2332993702223167,0,0.24213381063915532,0.10695635049384,19,LOW
user_1839,13,1,0,1,1,185.2170489601961,18.566935774907893,8.47706928725502,0,1,1,1,0,1,1,0.85,0,1,0.2332993702223167,0,0.24213381063915532,0.10695635049384,19,LOW
user_1840,13,1,0,0,1,262.54692802108644,28.94795083507984,1.432280010590616,0,1,1,0,0,1,1,0.65,0,1,0.2776734227293848,0,0.2018966446523599,0.0,12,LOW
user_1841,8,4,0,0,1,266.40303964161444,6.165073374915322,6.104464971946113,0,2,1,0,0,1,1,0.8999999999999999,0,1,0.190136950224284,0,0.20789731048021395,0.21099226023493423,21,LOW
user_1842,12,0,0,0,1,12.920043076744356,1423.9380436216525,0.3764442953105456,1,1,1,0,0,3,4,1.15,0,-1,-0.0665595353490385,1,1.0,0.8297168916429857,93,HIGH
user_1843,13,0,0,0,1,242.3243165515024,199.3670368259162,0.4186352439051565,0,1,1,0,0,1,2,0.75,0,1,0.2193048404666994,0,0.33007420523328185,0.14068786125229182,25,LOW
user_1844,14,0,0,1,1,264.8924939453463,9.049066159452543,10.72179135426807,0,1,1,1,0,1,1,0.85,0,1,0.2332993702223167,0,0.24213381063915532,0.10695635049384,19,LOW
user_1845,10,0,0,0,1,234.97740857165863,28.019285856392152,30.30290043366392,0,1,1,0,0,1,1,0.65,0,1,0.2776734227293848,0,0.2018966446523599,0.0,12,LOW
user_1846,3,0,0,0,1,261.48293033139424,9.17469739749532,15.02347028898172,0,3,1,0,0,1,1,1.15,0,1,0.0815285198183811,0,0.0013513513513513514,0.47277500697029895,19,LOW
user_1847,11,6,0,0,1,159.49666539862116,6.282115274502191,6.3328667285560645,0,1,1,0,0,1,1,0.65,0,1,0.2776734227293848,0,0.2018966446523599,0.0,12,LOW
user_1848,4,1,0,2,1,193.4481416663845,52.81840063630242,0.5749219434215221,1,3,1,2,0,1,2,1.65,0,-1,-0.0271042477178731,1,1.0,0.7346164143529743,89,HIGH
user_1849,15,0,0,0,1,302.096289789836,28.0460837649095,0.460650376319544,0,1,1,0,0,1,1,0.65,0,1,0.2776734227293848,0,0.2018966446523599,0.0,12,LOW
user_1850,12,1,0,0,1,240.0342999387466,17.274673402062206,1.718473169967998,0,1,1,0,0,1,1,0.65,0,1,0.2776734227293848,0,0.2018966446523599,0.0,12,LOW
user_1851,19,5,1,0,0,260.39273887889453,5.921346238866308,37.21836786905704,0,2,1,0,1,1,1,1.05,1,1,0.1004614283124124,0,0.006494695898161245,0.4271403470204811,17,LOW
user_1852,11,2,2,0,1,207.20873035748528,13.60514704377792,5.085965540574568,0,1,1,0,2,1,1,0.95,0,1,0.1483955927109178,0,0.007188301157192252,0.31160293273497597,13,LOW
user_1853,16,2,2,1,1,241.16964139661133,21.35230128477316,18.541070601918364,0,1,1,1,2,1,1,1.15,0,1,0.0590725335016217,0,0.024931712964170426,0.5269014661842195,23,LOW
user_1854,17,4,0,0,1,101.87926919188808,4.219716342056879,12.212628831425157,0,1,1,0,0,2,1,0.75,0,1,0.0934671910539906,0,0.40261253039389167,0.44399880482146026,42,MEDIUM
user_1855,4,2,0,2,1,290.760716305246,16.432152611916795,9.299553165564577,1,3,1,2,0,1,1,1.5500000000000005,0,1,0.0178213557717713,0,0.9935488642050614,0.6263306409898065,85,HIGH
user_1856,18,1,0,0,1,13.688321830003762,1549.5046597030157,29.53173132498689,1,1,1,0,0,3,4,1.15,0,-1,-0.0665595353490385,1,1.0,0.8297168916429857,93,HIGH
user_1857,13,1,0,0,1,176.09894704712156,16.189404400022962,2.618994143317871,0,1,1,0,0,1,1,0.65,0,1,0.2776734227293848,0,0.2018966446523599,0.0,12,LOW
user_1858,12,2,0,0,1,183.58006874942592,121.35089096063456,6.067670506249367,0,1,1,0,0,1,2,0.75,0,1,0.2193048404666994,0,0.33007420523328185,0.14068786125229182,25,LOW
user_1859,14,1,0,0,1,266.45279389424894,2.815142105642937,20.004304971232088,0,1,1,0,0,1,1,0.65,0,1,0.2776734227293848,0,0.2018966446523599,0.0,12,LOW
user_1860,13,3,2,0,1,328.4327574304048,83.18307801160584,8.024293930108279,0,1,1,0,2,1,2,1.05,0,1,0.0515919801040551,0,0.01030309988802873,0.5449321090007749,22,LOW
user_1861,16,1,0,0,1,239.8741609570233,97.022477613808,2.8295345616858576,0,1,1,0,0,1,2,0.75,0,1,0.2193048404666994,0,0.33007420523328185,0.14068786125229182,25,LOW
user_1862,16,3,0,0,1,166.24091875124975,13.885319607211436,2.343516490880434,0,1,1,0,0,1,1,0.65,0,1,0.2776734227293848,0,0.2018966446523599,0.0,12,LOW
user_1863,4,0,0,0,1,227.4829658017276,36.04337385899529,13.978852812148368,0,3,1,0,0,1,1,1.15,0,1,0.0815285198183811,0,0.0013513513513513514,0.47277500697029895,19,LOW
user_1864,17,1,0,1,1,178.20407518129244,26.662687206514967,0.1287137614964889,0,1,1,1,0,1,1,0.85,0,1,0.2332993702223167,0,0.24213381063915532,0.10695635049384,19,LOW
user_1865,9,2,0,0,1,199.8692224278734,3.1083980107773805,24.55643938789371,0,1,1,0,0,1,1,0.65,0,1,0.2776734227293848,0,0.2018966446523599,0.0,12,LOW
user_1866,17,5,0,2,1,221.757534050801,8.798534741715786,0.185897110540823,0,1,1,2,0,1,1,1.05,0,1,0.1541262400811022,0,0.4301355521591885,0.2977901503981718,38,MEDIUM
user_1867,17,2,0,1,1,184.2405247055024,9.409240741427876,9.969289521320244,0,1,1,1,0,1,1,0.85,0,1,0.2332993702223167,0,0.24213381063915532,0.10695635049384,19,LOW
user_1868,10,3,0,0,1,193.3256565495261,22.64455568181413,9.28231645263876,0,1,1,0,0,1,1,0.65,0,1,0.2776734227293848,0,0.2018966446523599,0.0,12,LOW
user_1869,12,1,1,0,1,244.4720400133346,21.68612805928836,8.63724731475698,0,1,1,0,1,1,1,0.7999999999999999,0,1,0.2129135634933541,0,0.13356667006213288,0.15609298252120107,14,LOW
user_1870,10,0,0,0,1,252.9021487282338,64.26445469451993,6.431064669711203,0,1,1,0,0,1,2,0.75,0,1,0.2193048404666994,0,0.33007420523328185,0.14068786125229182,25,LOW
user_1871,13,0,0,0,1,154.561179970742,39.02051717285593,19.13454893955421,0,1,1,0,0,1,1,0.65,0,1,0.2776734227293848,0,0.2018966446523599,0.0,12,LOW
user_1872,13,1,0,0,1,263.7829033505602,48.59614833090731,10.768494376619364,0,1,1,0,0,1,1,0.65,0,1,0.2776734227293848,0,0.2018966446523599,0.0,12,LOW
user_1873,16,0,1,0,1,217.08396821211613,55.46267429742999,15.22628679413073,0,1,1,0,1,1,2,0.8999999999999999,0,1,0.1194195039721256,0,0.26547768987979625,0.3814450257597952,31,MEDIUM
user_1874,4,0,0,0,1,283.2156914131565,101.06231576238696,1.2275741913921123,0,3,1,0,0,1,2,1.25,0,1,0.0406781887288436,0,0.004507732605558692,0.5712380069206875,23,LOW
user_1875,20,4,0,0,1,286.8298512412716,12.869317397190194,0.5118660266609613,0,2,1,0,0,1,1,0.8999999999999999,0,1,0.190136950224284,0,0.20789731048021395,0.21099226023493423,21,LOW
user_1876,12,0,0,0,1,207.32752914269707,559.7879067610991,0.2894335586519601,0,1,1,0,0,1,3,0.8500000000000001,0,1,0.1140437691094343,0,0.29646344472155617,0.3944023499087308,34,MEDIUM
user_1877,13,3,1,0,1,276.848861642264,0.01,1.5923724420868748,0,1,1,0,1,1,1,0.7999999999999999,0,1,0.2129135634933541,0,0.13356667006213288,0.15609298252120107,14,LOW
user_1878,8,2,0,0,1,189.7826376180702,46.05192946273512,10.996364837401163,0,2,1,0,0,1,1,0.8999999999999999,0,1,0.190136950224284,0,0.20789731048021395,0.21099226023493423,21,LOW
user_1879,11,2,0,0,1,319.42572377011743,12.217145245618138,6.812616061549167,0,1,1,0,0,1,1,0.65,0,1,0.2776734227293848,0,0.2018966446523599,0.0,12,LOW
user_1880,16,3,0,0,1,192.05182794861213,47.15263010061959,13.953442124212586,0,1,1,0,0,1,1,0.65,0,1,0.2776734227293848,0,0.2018966446523599,0.0,12,LOW
user_1881,18,1,0,0,1,261.1649765175308,80.82854809799964,2.1285953448459254,0,1,1,0,0,1,2,0.75,0,1,0.2193048404666994,0,0.33007420523328185,0.14068786125229182,25,LOW
user_1882,10,1,0,0,0,228.7434513213432,21.064144218375453,4.572264730296297,0,1,1,0,0,1,1,0.65,1,1,0.2776734227293848,0,0.15500519134380158,0.0,9,LOW
user_1883,12,4,0,0,1,178.98632914574392,15.247374361773089,21.937087022209187,0,1,1,0,0,1,1,0.65,0,1,0.2776734227293848,0,0.2018966446523599,0.0,12,LOW
user_1884,13,4,0,0,1,294.0549457071185,46.26976829061582,27.444218946140243,0,1,1,0,0,1,1,0.65,0,1,0.2776734227293848,0,0.2018966446523599,0.0,12,LOW
user_1885,14,1,2,0,1,203.15209146799253,0.6142226476620044,25.475800951226297,0,1,1,0,2,1,1,0.95,0,1,0.1483955927109178,0,0.007188301157192252,0.31160293273497597,13,LOW
user_1886,11,0,0,1,1,137.9956701013016,3.453194663620155,17.054260651143004,0,1,1,1,0,1,1,0.85,0,1,0.2332993702223167,0,0.24213381063915532,0.10695635049384,19,LOW
user_1887,6,4,1,1,1,67.07919820991819,0.01,11.655083982478525,0,2,1,1,1,2,1,1.35,0,-1,-0.0242087517299277,1,0.03953183078183078,0.7276372978142975,31,MEDIUM
user_1888,12,1,0,0,1,187.49731833432176,32.92187417564529,24.496695610576666,0,1,1,0,0,1,1,0.65,0,1,0.2776734227293848,0,0.2018966446523599,0.0,12,LOW
user_1889,13,3,0,0,1,322.5545051579384,13.452209895519507,12.523986062975732,0,1,1,0,0,1,1,0.65,0,1,0.2776734227293848,0,0.2018966446523599,0.0,12,LOW
user_1890,17,1,0,0,1,315.4643080502196,230.88503759395687,30.7772894469041,0,1,1,0,0,1,3,0.8500000000000001,0,1,0.1140437691094343,0,0.29646344472155617,0.3944023499087308,34,MEDIUM
user_1891,14,0,0,0,0,196.8840958591481,10.825723900179348,0.2510073619929356,1,1,1,0,0,1,1,0.65,1,1,0.2776734227293848,0,0.15500519134380158,0.0,9,LOW
user_1892,12,3,0,0,1,217.53270511791723,25.117487883192464,25.464683056395923,0,1,1,0,0,1,1,0.65,0,1,0.2776734227293848,0,0.2018966446523599,0.0,12,LOW
user_1893,5,2,0,0,1,212.1052154666386,45.24654520733755,8.113465091678101,0,3,1,0,0,1,1,1.15,0,1,0.0815285198183811,0,0.0013513513513513514,0.47277500697029895,19,LOW
user_1894,13,1,0,0,1,159.9940712730259,5.093693447511872,1.1855580496370228,0,1,1,0,0,1,1,0.65,0,1,0.2776734227293848,0,0.2018966446523599,0.0,12,LOW
user_1895,12,2,0,0,1,183.0700877025994,8.381634894408712,2.4195853540559416,0,1,1,0,0,1,1,0.65,0,1,0.2776734227293848,0,0.2018966446523599,0.0,12,LOW
user_1896,13,4,0,0,1,298.8689711640471,61.92552241459013,19.1161982745137,0,1,1,0,0,1,2,0.75,0,1,0.2193048404666994,0,0.33007420523328185,0.14068786125229182,25,LOW
user_1897,4,3,0,2,1,270.233272282764,5.065602251636248,7.054565405255353,1,3,1,2,0,1,1,1.5500000000000005,0,1,0.0178213557717713,0,0.9935488642050614,0.6263306409898065,85,HIGH
user_1898,15,0,0,0,1,256.3853315117933,4.76614130910336,40.63876862196221,0,1,1,0,0,1,1,0.65,0,1,0.2776734227293848,0,0.2018966446523599,0.0,12,LOW
user_1899,13,3,1,0,1,159.89120330034848,16.329681677346063,1.2503174235974273,0,1,1,0,1,1,1,0.7999999999999999,0,1,0.2129135634933541,0,0.13356667006213288,0.15609298252120107,14,LOW
user_1900,16,3,0,0,1,246.04219284203867,2.418207247723525,5.318849289814244,0,1,1,0,0,1,1,0.65,0,1,0.2776734227293848,0,0.2018966446523599,0.0,12,LOW
user_1901,12,4,0,0,1,101.76930183071867,56.25602865216873,4.032791636477175,0,1,1,0,0,2,2,0.8500000000000001,0,1,0.0879604175892453,0,0.09335914768687309,0.4572719759543348,24,LOW
user_1902,17,3,2,0,1,290.568161475632,2.6381559656299425,7.2595023800468494,0,1,1,0,2,1,1,0.95,0,1,0.1483955927109178,0,0.007188301157192252,0.31160293273497597,13,LOW
user_1903,15,0,2,0,1,255.5144940442285,23.964138595725217,10.03587110026536,0,1,1,0,2,1,1,0.95,0,1,0.1483955927109178,0,0.007188301157192252,0.31160293273497597,13,LOW
user_1904,13,3,0,0,1,159.28605287401018,10.379624450853726,10.836137395032946,0,1,1,0,0,1,1,0.65,0,1,0.2776734227293848,0,0.2018966446523599,0.0,12,LOW
user_1905,15,3,0,0,1,336.9855334494024,40.77584656688381,0.0129672029024909,0,1,1,0,0,1,1,0.65,0,1,0.2776734227293848,0,0.2018966446523599,0.0,12,LOW
user_1906,9,0,0,0,1,132.2301204498851,22.27841575243426,0.9316895103146062,0,1,1,0,0,1,1,0.65,0,1,0.2776734227293848,0,0.2018966446523599,0.0,12,LOW
user_1907,10,2,0,0,1,271.81837093497614,12.288083803719909,0.3569332869735526,0,1,1,0,0,1,1,0.65,0,1,0.2776734227293848,0,0.2018966446523599,0.0,12,LOW
user_1908,10,1,0,0,1,273.31030613871974,103.18148586604336,19.99515614227507,0,1,1,0,0,1,2,0.75,0,1,0.2193048404666994,0,0.33007420523328185,0.14068786125229182,25,LOW
user_1909,14,3,0,0,1,165.61977363885114,1.7131545582658183,3.758464821604464,0,1,1,0,0,1,1,0.65,0,1,0.2776734227293848,0,0.2018966446523599,0.0,12,LOW
user_1910,19,1,0,0,1,237.728958551393,531.0799379677898,4.573850859940118,0,2,1,0,0,1,3,1.1,0,1,0.0342845539061483,0,0.6068219504766365,0.5866488113974004,60,MEDIUM
user_1911,20,3,0,0,1,141.79032947082823,114.07267846279734,5.985122267542902,0,2,1,0,0,1,2,1.0,0,1,0.1157188029811144,0,0.21090605726134576,0.39036495643785196,28,LOW
user_1912,15,5,0,0,1,69.2175410203912,29.356518890423267,18.92493352631243,0,1,1,0,0,2,1,0.75,0,1,0.0934671910539906,0,0.40261253039389167,0.44399880482146026,42,MEDIUM
user_1913,19,4,0,0,1,175.9274263841005,0.01,0.1426756026318425,0,2,1,0,0,1,1,0.8999999999999999,0,1,0.190136950224284,0,0.20789731048021395,0.21099226023493423,21,LOW
user_1914,8,5,0,0,1,203.00250346428007,0.81543384405258,1.262644601450442,0,2,1,0,0,1,1,0.8999999999999999,0,1,0.190136950224284,0,0.20789731048021395,0.21099226023493423,21,LOW
user_1915,12,6,0,0,1,278.6553708486475,0.5398664596018368,11.557006223524722,0,1,1,0,0,1,1,0.65,0,1,0.2776734227293848,0,0.2018966446523599,0.0,12,LOW
user_1916,11,0,0,0,1,244.0444851036492,0.9194553735893168,33.21255307877804,0,1,1,0,0,1,1,0.65,0,1,0.2776734227293848,0,0.2018966446523599,0.0,12,LOW
user_1917,15,3,0,2,1,245.6127275631688,75.84057408362386,10.294214164162248,1,1,1,2,0,1,2,1.15,0,1,0.0682545724467911,0,0.5708054293276346,0.5047696724853863,54,MEDIUM
user_1918,13,2,0,1,1,179.1347026029849,97.20736990758644,3.02624447050069,0,1,1,1,0,1,2,0.95,0,1,0.1509357020843734,0,0.04950631867309361,0.30548041714105467,15,LOW
user_1919,12,4,0,0,1,208.1993217575168,10.180751333862812,7.336867749309958,0,1,1,0,0,1,1,0.65,0,1,0.2776734227293848,0,0.2018966446523599,0.0,12,LOW
user_1920,8,1,0,0,1,184.20440340785035,8.59685264407831,36.88098782174959,0,2,1,0,0,1,1,0.8999999999999999,0,1,0.190136950224284,0,0.20789731048021395,0.21099226023493423,21,LOW
user_1921,16,6,0,0,0,5.117559647276002,565.4697554655284,7.509384814801182,1,1,1,0,0,3,3,1.05,1,-1,-0.0182440342796388,1,0.9988425925925927,0.7132603280726179,88,HIGH
user_1922,10,3,0,0,1,204.3780343807645,9.979881338426653,4.676186830572854,0,1,1,0,0,1,1,0.65,0,1,0.2776734227293848,0,0.2018966446523599,0.0,12,LOW
user_1923,14,4,0,0,1,244.47074310578003,11.556836822878717,4.8357620914846535,0,1,1,0,0,1,1,0.65,0,1,0.2776734227293848,0,0.2018966446523599,0.0,12,LOW
user_1924,10,0,0,0,1,205.6416888345478,146.17276577926856,34.12263645266166,0,1,1,0,0,1,2,0.75,0,1,0.2193048404666994,0,0.33007420523328185,0.14068786125229182,25,LOW
user_1925,11,1,0,0,1,220.5898398345016,50.3027143885296,12.691035958670662,0,1,1,0,0,1,2,0.75,0,1,0.2193048404666994,0,0.33007420523328185,0.14068786125229182,25,LOW
user_1926,6,4,0,0,1,281.69488865468344,34.33298450971288,11.621044953741396,0,2,1,0,0,1,1,0.8999999999999999,0,1,0.190136950224284,0,0.20789731048021395,0.21099226023493423,21,LOW
user_1927,10,0,0,1,1,209.9547348785578,0.01,2.64036279704206,0,1,1,1,0,1,1,0.85,0,1,0.2332993702223167,0,0.24213381063915532,0.10695635049384,19,LOW
user_1928,17,4,0,0,1,159.9620021407265,36.30018095138969,8.198099596704742,0,1,1,0,0,1,1,0.65,0,1,0.2776734227293848,0,0.2018966446523599,0.0,12,LOW
user_1929,19,0,2,0,1,273.80721129607434,33.5327838892192,4.412143634444319,0,2,1,0,2,1,1,1.2000000000000002,0,1,0.0458866002061858,0,0.0031251686909581646,0.5586839882540799,23,LOW
user_1930,10,3,0,0,1,255.95097891049707,16.14465062487557,2.747020464616758,0,1,1,0,0,1,1,0.65,0,1,0.2776734227293848,0,0.2018966446523599,0.0,12,LOW
user_1931,15,2,0,0,1,259.71956989033885,10.231234076735523,22.59068677423995,0,1,1,0,0,1,1,0.65,0,1,0.2776734227293848,0,0.2018966446523599,0.0,12,LOW
user_1932,12,3,2,0,1,277.55031945214256,8.30934127347169,4.8313881332445705,0,1,1,0,2,1,1,0.95,0,1,0.1483955927109178,0,0.007188301157192252,0.31160293273497597,13,LOW
user_1933,13,3,1,0,1,267.3984916384767,28.435552998119963,3.3238263790131146,0,1,1,0,1,1,1,0.7999999999999999,0,1,0.2129135634933541,0,0.13356667006213288,0.15609298252120107,14,LOW
user_1934,21,1,0,0,1,241.72372154827823,80.04071323472805,26.841441896311736,0,2,1,0,0,1,2,1.0,0,1,0.1157188029811144,0,0.21090605726134576,0.39036495643785196,28,LOW
user_1935,9,0,0,0,1,383.4871597711256,21.750374042665065,2.1983203600861,0,1,1,0,0,1,1,0.65,0,1,0.2776734227293848,0,0.2018966446523599,0.0,12,LOW
user_1936,14,0,0,0,1,162.90187522188273,60.910485422373526,13.6847324362614,1,1,1,0,0,1,2,0.75,0,1,0.2193048404666994,0,0.33007420523328185,0.14068786125229182,25,LOW
user_1937,1,3,0,0,1,204.8149632906865,14.340905593829408,10.577020740964343,0,3,1,0,0,1,1,1.15,0,1,0.0815285198183811,0,0.0013513513513513514,0.47277500697029895,19,LOW
user_1938,17,2,0,0,1,298.04006188069,39.55416042446625,25.318024069707832,0,1,1,0,0,1,1,0.65,0,1,0.2776734227293848,0,0.2018966446523599,0.0,12,LOW
user_1939,14,4,0,0,1,248.55517752573445,48.03577082711907,17.84071919706632,0,1,1,0,0,1,1,0.65,0,1,0.2776734227293848,0,0.2018966446523599,0.0,12,LOW
user_1940,14,2,0,0,1,285.47538204067433,24.923548393536613,12.217811624941376,0,1,1,0,0,1,1,0.65,0,1,0.2776734227293848,0,0.2018966446523599,0.0,12,LOW
user_1941,12,2,0,0,1,250.18538577221227,67.97562992689065,3.77711323295573,0,1,1,0,0,1,2,0.75,0,1,0.2193048404666994,0,0.33007420523328185,0.14068786125229182,25,LOW
user_1942,14,2,0,0,1,322.44339306959887,22.28464823282582,6.843242399636061,0,1,1,0,0,1,1,0.65,0,1,0.2776734227293848,0,0.2018966446523599,0.0,12,LOW
user_1943,12,0,1,0,1,179.54934866200526,6.878588651218201,28.912958890230644,0,1,1,0,1,1,1,0.7999999999999999,0,1,0.2129135634933541,0,0.13356667006213288,0.15609298252120107,14,LOW
user_1944,15,1,0,2,1,320.5475933644026,6.074641173392532,0.2347604924976547,0,1,1,2,0,1,1,1.05,0,1,0.1541262400811022,0,0.4301355521591885,0.2977901503981718,38,MEDIUM
user_1945,12,6,0,0,1,310.259789592256,20.28905039545701,15.81491204160962,0,1,1,0,0,1,1,0.65,0,1,0.2776734227293848,0,0.2018966446523599,0.0,12,LOW
user_1946,9,4,0,0,1,167.3826531461772,61.28806681045342,2.900987909700868,0,1,1,0,0,1,2,0.75,0,1,0.2193048404666994,0,0.33007420523328185,0.14068786125229182,25,LOW
user_1947,13,1,0,0,1,277.8399245932604,1.8780029522683432,2.0458795527491103,0,1,1,0,0,1,1,0.65,0,1,0.2776734227293848,0,0.2018966446523599,0.0,12,LOW
user_1948,17,3,0,1,1,237.41760406580465,23.183192405806853,2.6425805530691826,0,1,1,1,0,1,1,0.85,0,1,0.2332993702223167,0,0.24213381063915532,0.10695635049384,19,LOW
user_1949,13,4,2,0,1,203.60507885285617,36.72054674027622,0.6161053613567418,0,1,1,0,2,1,1,0.95,0,1,0.1483955927109178,0,0.007188301157192252,0.31160293273497597,13,LOW
user_1950,8,2,1,0,1,126.68284861693682,3.065551329145149,48.25794947888339,0,2,1,0,1,1,1,1.05,0,1,0.1004614283124124,0,0.02209191694512681,0.4271403470204811,18,LOW
user_1951,17,0,0,2,1,179.351179732961,3.1042321616658453,20.39214744223329,0,1,1,2,0,1,1,1.05,0,1,0.1541262400811022,0,0.4301355521591885,0.2977901503981718,38,MEDIUM
user_1952,11,0,0,1,1,282.4867284110753,11.397705810459946,7.361715331417904,0,1,1,1,0,1,1,0.85,0,1,0.2332993702223167,0,0.24213381063915532,0.10695635049384,19,LOW
user_1953,12,2,0,0,1,288.8304761556334,8.001040118843465,12.556281942870609,0,1,1,0,0,1,1,0.65,0,1,0.2776734227293848,0,0.2018966446523599,0.0,12,LOW
user_1954,12,6,0,1,1,227.3573711654297,5.5259616794122906,8.132725238562063,0,1,1,1,0,1,1,0.85,0,1,0.2332993702223167,0,0.24213381063915532,0.10695635049384,19,LOW
user_1955,18,3,0,0,1,289.0191085885971,5.537814976359502,16.690761632694223,0,1,1,0,0,1,1,0.65,0,1,0.2776734227293848,0,0.2018966446523599,0.0,12,LOW
user_1956,7,0,0,0,1,296.7156046736483,3.5007841488748324,18.628164151754643,0,2,1,0,0,1,1,0.8999999999999999,0,1,0.190136950224284,0,0.20789731048021395,0.21099226023493423,21,LOW
user_1957,23,1,0,0,1,249.27839751758088,23.59501795148613,2.649952791523658,0,3,1,0,0,1,1,1.15,0,1,0.0815285198183811,0,0.0013513513513513514,0.47277500697029895,19,LOW
user_1958,17,4,0,1,1,196.6599825689877,29.12886869544962,6.157191570886086,0,1,1,1,0,1,1,0.85,0,1,0.2332993702223167,0,0.24213381063915532,0.10695635049384,19,LOW
user_1959,14,4,0,0,1,266.4632467689387,30.345210972910547,10.07440845785526,0,1,1,0,0,1,1,0.65,0,1,0.2776734227293848,0,0.2018966446523599,0.0,12,LOW
user_1960,13,3,2,0,1,269.2190824595318,19.00109071297509,38.3695405911366,0,1,1,0,2,1,1,0.95,0,1,0.1483955927109178,0,0.007188301157192252,0.31160293273497597,13,LOW
user_1961,14,3,0,2,0,280.4366634210186,76.39038501847055,11.478741082023667,0,1,1,2,0,1,2,1.15,1,1,0.0682545724467911,0,0.29686656682467377,0.5047696724853863,38,MEDIUM
user_1962,15,0,0,0,1,291.9241962001344,53.11783086728556,22.792105266368864,0,1,1,0,0,1,2,0.75,0,1,0.2193048404666994,0,0.33007420523328185,0.14068786125229182,25,LOW
user_1963,15,4,0,0,1,158.2701256847267,79.03354208663542,18.715305452128888,0,1,1,0,0,1,2,0.75,0,1,0.2193048404666994,0,0.33007420523328185,0.14068786125229182,25,LOW
user_1964,15,4,0,0,1,209.40424527805547,12.308091070126592,8.724247278838224,0,1,1,0,0,1,1,0.65,0,1,0.2776734227293848,0,0.2018966446523599,0.0,12,LOW
user_1965,14,1,0,0,1,126.08271925873082,52.5489608624291,22.41070138811844,0,1,1,0,0,1,2,0.75,0,1,0.2193048404666994,0,0.33007420523328185,0.14068786125229182,25,LOW
user_1966,13,3,0,0,1,284.81976230132085,35.97916457677432,4.738859201143303,0,1,1,0,0,1,1,0.65,0,1,0.2776734227293848,0,0.2018966446523599,0.0,12,LOW
user_1967,13,1,0,1,1,227.26131312117505,10.38685971988424,4.768808720790561,0,1,1,1,0,1,1,0.85,0,1,0.2332993702223167,0,0.24213381063915532,0.10695635049384,19,LOW
user_1968,13,0,0,0,1,265.8488442418449,2.817833105130349,15.18526681299582,0,1,1,0,0,1,1,0.65,0,1,0.2776734227293848,0,0.2018966446523599,0.0,12,LOW
user_1969,17,1,2,0,0,151.4592751085905,28.69148557566243,6205.717767223392,1,1,4,0,2,1,1,1.5500000000000005,1,-1,-0.0398435368800551,1,0.9980601933947105,0.7653223742482461,90,HIGH
user_1970,23,0,0,2,1,324.058850981583,0.01,3.650315021411031,1,3,1,2,0,1,1,1.5500000000000005,0,1,0.0178213557717713,0,0.9935488642050614,0.6263306409898065,85,HIGH
user_1971,5,1,1,0,1,168.33965012284352,8.69556345189128,9.379548403789626,0,3,1,0,1,1,1,1.3,0,1,0.0162490086966805,0,0.009403192227619709,0.6301205248376833,26,LOW
user_1972,15,2,1,0,1,286.4737982629475,17.34691498521947,5.448402833328673,0,1,1,0,1,1,1,0.7999999999999999,0,1,0.2129135634933541,0,0.13356667006213288,0.15609298252120107,14,LOW
user_1973,14,2,0,0,1,247.0770102535525,28.476681822096623,28.25545882412665,0,1,1,0,0,1,1,0.65,0,1,0.2776734227293848,0,0.2018966446523599,0.0,12,LOW
user_1974,13,2,0,0,1,228.6334333484293,65.16928440965994,31.82208118324727,0,1,1,0,0,1,2,0.75,0,1,0.2193048404666994,0,0.33007420523328185,0.14068786125229182,25,LOW
user_1975,23,1,0,1,1,223.7903936032696,0.01,6.983231705419984,0,3,1,1,0,1,1,1.35,0,1,0.0315454029659408,0,0.6610978799349574,0.593251083929748,63,MEDIUM
user_1976,17,0,0,0,1,201.7162194410322,27.823848481857954,7.744914974182844,0,1,1,0,0,1,1,0.65,0,1,0.2776734227293848,0,0.2018966446523599,0.0,12,LOW
user_1977,16,3,0,0,1,317.71177061404615,9.277093856871696,12.896290701618224,0,1,1,0,0,1,1,0.65,0,1,0.2776734227293848,0,0.2018966446523599,0.0,12,LOW
user_1978,11,2,0,1,1,240.7567700611345,29.06218506200788,6.111339698817623,0,1,1,1,0,1,1,0.85,0,1,0.2332993702223167,0,0.24213381063915532,0.10695635049384,19,LOW
user_1979,15,1,0,0,1,163.8467081788068,14.39700120363891,2.1084260406393303,0,1,1,0,0,1,1,0.65,0,1,0.2776734227293848,0,0.2018966446523599,0.0,12,LOW
user_1980,11,4,0,0,1,216.9623878779096,48.610738147634194,13.74243934528856,0,1,1,0,0,1,1,0.65,0,1,0.2776734227293848,0,0.2018966446523599,0.0,12,LOW
user_1981,9,4,2,2,0,247.7003416321763,12.458041212165222,6823.664520133391,1,1,4,2,2,1,1,1.9500000000000004,1,-1,-0.0871671985207315,1,1.0,0.8793882721124506,95,HIGH
user_1982,12,4,1,0,1,293.8683168867195,15.79058098279709,2.810125014261634,0,1,1,0,1,1,1,0.7999999999999999,0,1,0.2129135634933541,0,0.13356667006213288,0.15609298252120107,14,LOW
user_1983,16,2,0,0,1,203.7228167689676,14.1667294827888,17.8926170991369,0,1,1,0,0,1,1,0.65,0,1,0.2776734227293848,0,0.2018966446523599,0.0,12,LOW
user_1984,16,0,0,0,1,207.7334066517272,41.66645980450929,9.510095046775966,0,1,1,0,0,1,1,0.65,0,1,0.2776734227293848,0,0.2018966446523599,0.0,12,LOW
user_1985,15,3,0,0,1,241.40592762884432,76.81489937212366,2.6958234566061936,0,1,1,0,0,1,2,0.75,0,1,0.2193048404666994,0,0.33007420523328185,0.14068786125229182,25,LOW
user_1986,16,1,0,0,1,292.40548919683954,9.910514621869773,10.5566528877778,0,1,1,0,0,1,1,0.65,0,1,0.2776734227293848,0,0.2018966446523599,0.0,12,LOW
user_1987,15,2,0,0,1,157.87472786423822,16.110254052785997,2.660634823225723,0,1,1,0,0,1,1,0.65,0,1,0.2776734227293848,0,0.2018966446523599,0.0,12,LOW
user_1988,12,0,0,0,1,270.32127785950473,30.59811873816201,3.0820177433332354,0,1,1,0,0,1,1,0.65,0,1,0.2776734227293848,0,0.2018966446523599,0.0,12,LOW
user_1989,15,4,0,0,1,212.15624819228063,56.43590113049029,18.839359889785623,0,1,1,0,0,1,2,0.75,0,1,0.2193048404666994,0,0.33007420523328185,0.14068786125229182,25,LOW
user_1990,16,0,0,0,1,220.5340450950908,17.015681908931292,26.520229910628643,0,1,1,0,0,1,1,0.65,0,1,0.2776734227293848,0,0.2018966446523599,0.0,12,LOW
user_1991,16,5,0,0,1,360.09454470778496,2.882283481670285,2.9690131720258908,0,1,1,0,0,1,1,0.65,0,1,0.2776734227293848,0,0.2018966446523599,0.0,12,LOW
user_1992,17,4,0,0,1,228.2118465269085,11.498219128978675,26.31798259723258,0,1,1,0,0,1,1,0.65,0,1,0.2776734227293848,0,0.2018966446523599,0.0,12,LOW
user_1993,16,2,2,0,1,285.2816250185148,19.98280524047068,2.7285762819391497,0,1,1,0,2,1,1,0.95,0,1,0.1483955927109178,0,0.007188301157192252,0.31160293273497597,13,LOW
user_1994,15,4,0,0,1,283.1348302322009,13.511708410906817,1.247329164629601,0,1,1,0,0,1,1,0.65,0,1,0.2776734227293848,0,0.2018966446523599,0.0,12,LOW
user_1995,17,3,0,0,1,169.19856515408958,5.161946429368971,0.5998769514801143,0,1,1,0,0,1,1,0.65,0,1,0.2776734227293848,0,0.2018966446523599,0.0,12,LOW
user_1996,13,4,0,0,1,129.27634048662577,0.9422739745252836,2.772212987384987,0,1,1,0,0,1,1,0.65,0,1,0.2776734227293848,0,0.2018966446523599,0.0,12,LOW
user_1997,11,2,1,0,1,289.2589255450147,29.071464599086887,4.865339706991224,0,1,1,0,1,1,1,0.7999999999999999,0,1,0.2129135634933541,0,0.13356667006213288,0.15609298252120107,14,LOW
user_1998,2,4,0,2,1,174.98722845308887,123.12471449230706,26.24836251725643,1,3,1,2,0,1,2,1.65,0,-1,-0.0271042477178731,1,1.0,0.7346164143529743,89,HIGH
user_1999,11,2,0,2,1,140.14902272573838,62.89651048766503,2.772803579509455,0,1,1,2,0,1,2,1.15,0,1,0.0682545724467911,0,0.5708054293276346,0.5047696724853863,54,MEDIUM
user_2000,11,5,1,0,1,301.56973289065184,28.74271197211332,4.548633754325042,0,1,1,0,1,1,1,0.7999999999999999,0,1,0.2129135634933541,0,0.13356667006213288,0.15609298252120107,14,LOW
user_2001,13,2,0,0,1,178.83439597346444,46.05471924253016,13.248451372393612,0,1,1,0,0,1,1,0.65,0,1,0.2776734227293848,0,0.2018966446523599,0.0,12,LOW
user_2002,23,2,0,0,1,193.64895145893635,60.54691383164082,3.5964232510161214,0,3,1,0,0,1,2,1.25,0,1,0.0406781887288436,0,0.004507732605558692,0.5712380069206875,23,LOW
user_2003,2,4,0,2,1,358.4623893053577,24.350276152779024,11.531787815390494,0,3,1,2,0,1,1,1.5500000000000005,0,1,0.0178213557717713,0,0.9935488642050614,0.6263306409898065,85,HIGH
user_2004,8,4,0,0,1,140.41587831710575,1.562959818263723,5.65770875366321,0,2,1,0,0,1,1,0.8999999999999999,0,1,0.190136950224284,0,0.20789731048021395,0.21099226023493423,21,LOW
user_2005,14,3,0,0,1,164.62283751558448,30.70526513357508,2.1870958670403167,0,1,1,0,0,1,1,0.65,0,1,0.2776734227293848,0,0.2018966446523599,0.0,12,LOW
user_2006,14,0,0,1,1,212.4181114515648,87.55778899819184,13.244804269349675,0,1,1,1,0,1,2,0.95,0,1,0.1509357020843734,0,0.04950631867309361,0.30548041714105467,15,LOW
user_2007,1,2,2,0,0,225.58458960993468,52.04548003752437,9917.86174510674,0,3,4,0,2,1,2,2.1500000000000004,1,-1,-0.1101120951230927,1,0.658595603228921,0.934693169105038,77,HIGH
user_2008,15,6,0,0,1,186.3752830729408,19.11290439691533,3.457842139185656,0,1,1,0,0,1,1,0.65,0,1,0.2776734227293848,0,0.2018966446523599,0.0,12,LOW
user_2009,16,4,0,1,1,170.48069416062503,38.8666678676377,4.403384857357174,0,1,1,1,0,1,1,0.85,0,1,0.2332993702223167,0,0.24213381063915532,0.10695635049384,19,LOW
user_2010,9,4,0,0,1,330.59965946591586,72.01495634083217,6.128920431206913,0,1,1,0,0,1,2,0.75,0,1,0.2193048404666994,0,0.33007420523328185,0.14068786125229182,25,LOW
user_2011,11,0,0,0,1,255.7791674462829,6.084216993097899,11.390257165885016,0,1,1,0,0,1,1,0.65,0,1,0.2776734227293848,0,0.2018966446523599,0.0,12,LOW
user_2012,11,2,0,2,1,275.1101246525513,39.40715302872923,6.150848834104257,0,1,1,2,0,1,1,1.05,0,1,0.1541262400811022,0,0.4301355521591885,0.2977901503981718,38,MEDIUM
user_2013,11,3,0,0,1,231.76648940648784,7.862528004861812,9.0220074432011,0,1,1,0,0,1,1,0.65,0,1,0.2776734227293848,0,0.2018966446523599,0.0,12,LOW
user_2014,16,4,1,0,1,257.3672969315482,52.378588776030895,9.05793714881627,0,1,1,0,1,1,2,0.8999999999999999,0,1,0.1194195039721256,0,0.26547768987979625,0.3814450257597952,31,MEDIUM
user_2015,13,0,0,1,1,295.9740996665754,2.5883464500566085,4.672420856532575,0,1,1,1,0,1,1,0.85,0,1,0.2332993702223167,0,0.24213381063915532,0.10695635049384,19,LOW
user_2016,13,4,1,0,1,180.22205912727992,4.907015890536989,27.176652643475258,1,1,1,0,1,1,1,0.7999999999999999,0,1,0.2129135634933541,0,0.13356667006213288,0.15609298252120107,14,LOW
user_2017,7,3,0,1,1,255.8901597910789,31.879243956887287,31.202491252652163,0,2,1,1,0,1,1,1.1,0,1,0.1083396961540713,0,0.5687783155237143,0.4081510789922207,50,MEDIUM
user_2018,15,1,0,0,1,281.7625388044735,4.802555918022817,8.719171734566482,0,1,1,0,0,1,1,0.65,0,1,0.2776734227293848,0,0.2018966446523599,0.0,12,LOW
user_2019,10,1,0,0,1,332.6878407830556,4.300993959769818,0.7439049853254451,0,1,1,0,0,1,1,0.65,0,1,0.2776734227293848,0,0.2018966446523599,0.0,12,LOW
user_2020,14,1,0,0,0,356.87345878810567,20.26826775666066,6.755579112400976,0,1,1,0,0,1,1,0.65,1,1,0.2776734227293848,0,0.15500519134380158,0.0,9,LOW
user_2021,14,2,2,0,0,244.19158781890567,45.04331152137364,2.0385493697506725,0,1,1,0,2,1,1,0.95,1,1,0.1483955927109178,0,0.0018309859154929577,0.31160293273497597,13,LOW
user_2022,18,0,1,0,1,8.595650660046903,1591.8740974989917,6.60127426507818,1,1,1,0,1,3,4,1.3,0,-1,-0.085584567472851,1,1.0,0.8755736004406989,95,HIGH
user_2023,10,0,2,0,0,79.78992399770718,45.99301320611824,11972.412989411052,1,1,4,0,2,2,1,1.65,1,-1,-0.078616097835221,1,0.995439393939394,0.8587772512488074,94,HIGH
user_2024,4,4,0,0,1,333.13697456260286,41.25043025211437,12.169069092267216,0,3,1,0,0,1,1,1.15,0,1,0.0815285198183811,0,0.0013513513513513514,0.47277500697029895,19,LOW
user_2025,14,0,0,0,0,196.4469802967517,21.63432088044846,0.8384815260834595,0,1,1,0,0,1,1,0.65,1,1,0.2776734227293848,0,0.15500519134380158,0.0,9,LOW
user_2026,19,1,0,0,1,225.5341530607265,26.001233261079697,30.640984071091417,0,2,1,0,0,1,1,0.8999999999999999,0,1,0.190136950224284,0,0.20789731048021395,0.21099226023493423,21,LOW
user_2027,17,2,0,0,1,266.4662690620213,1.032041738550897,2.173800540110589,0,1,1,0,0,1,1,0.65,0,1,0.2776734227293848,0,0.2018966446523599,0.0,12,LOW
user_2028,14,2,0,0,1,230.7934579610692,11.437475797759298,10.807419271404491,0,1,1,0,0,1,1,0.65,0,1,0.2776734227293848,0,0.2018966446523599,0.0,12,LOW
user_2029,12,4,0,0,1,251.7872027740881,7.642584838431935,24.88461168364688,0,1,1,0,0,1,1,0.65,0,1,0.2776734227293848,0,0.2018966446523599,0.0,12,LOW
user_2030,16,2,0,1,1,335.2615780935686,4.063086788510261,2.848677882458888,0,1,1,1,0,1,1,0.85,0,1,0.2332993702223167,0,0.24213381063915532,0.10695635049384,19,LOW
user_2031,11,4,0,0,0,216.9467972792417,12.343450022826802,27.22609155779374,0,1,1,0,0,1,1,0.65,1,1,0.2776734227293848,0,0.15500519134380158,0.0,9,LOW
user_2032,15,3,0,0,0,174.78457100996678,10.958911010539756,4.921259994237023,0,1,1,0,0,1,1,0.65,1,1,0.2776734227293848,0,0.15500519134380158,0.0,9,LOW
user_2033,2,0,0,2,1,348.8078314379131,32.6309206566863,32.32235095186556,1,3,1,2,0,1,1,1.5500000000000005,0,1,0.0178213557717713,0,0.9935488642050614,0.6263306409898065,85,HIGH
user_2034,17,0,1,0,0,271.6058530202806,22.788571800292868,35.53085657365119,0,1,1,0,1,1,1,0.7999999999999999,1,1,0.2129135634933541,0,0.04680970107273437,0.15609298252120107,9,LOW
user_2035,22,2,0,0,1,355.33433851880784,61.0749509612239,2.083533489202586,0,2,1,0,0,1,2,1.0,0,1,0.1157188029811144,0,0.21090605726134576,0.39036495643785196,28,LOW
user_2036,21,2,0,0,1,291.81779463473424,0.01,17.78373484213555,0,2,1,0,0,1,1,0.8999999999999999,0,1,0.190136950224284,0,0.20789731048021395,0.21099226023493423,21,LOW
user_2037,12,4,0,1,1,160.58433647919378,1.540199958222762,2.1495344800240184,0,1,1,1,0,1,1,0.85,0,1,0.2332993702223167,0,0.24213381063915532,0.10695635049384,19,LOW
user_2038,13,3,0,0,1,278.7230803054129,19.12186902882001,2.5675284440557684,0,1,1,0,0,1,1,0.65,0,1,0.2776734227293848,0,0.2018966446523599,0.0,12,LOW
user_2039,8,2,0,2,1,180.96311604704675,0.0256916619785389,0.8787702867439422,0,2,1,2,0,1,1,1.3000000000000005,0,1,0.0461621116072437,0,0.06294630480760484,0.5580199133654522,26,LOW
user_2040,11,0,1,1,1,240.44590814638,38.7461035599492,1.7023917937590791,0,1,1,1,1,1,1,1.0,0,1,0.1244119810262747,0,0.2600647053805528,0.3694114814818421,30,LOW
user_2041,12,1,2,0,1,235.4571357835345,17.62912205239246,10.002675403199142,0,1,1,0,2,1,1,0.95,0,1,0.1483955927109178,0,0.007188301157192252,0.31160293273497597,13,LOW
user_2042,12,3,0,0,1,142.94017172201663,16.738968509585515,5.964792502829853,0,1,1,0,0,1,1,0.65,0,1,0.2776734227293848,0,0.2018966446523599,0.0,12,LOW
user_2043,14,2,0,0,1,191.2313706262928,11.25486735214506,15.65154254799582,0,1,1,0,0,1,1,0.65,0,1,0.2776734227293848,0,0.2018966446523599,0.0,12,LOW
user_2044,10,2,0,0,1,372.311238009546,65.60671088184228,4.034623372332397,0,1,1,0,0,1,2,0.75,0,1,0.2193048404666994,0,0.33007420523328185,0.14068786125229182,25,LOW
user_2045,17,0,0,0,1,254.30264429046983,14.10274519679029,34.61730090423975,0,1,1,0,0,1,1,0.65,0,1,0.2776734227293848,0,0.2018966446523599,0.0,12,LOW
user_2046,14,3,0,2,1,229.4642319202229,0.4040563205445543,0.5115913582865945,0,1,1,2,0,1,1,1.05,0,1,0.1541262400811022,0,0.4301355521591885,0.2977901503981718,38,MEDIUM
user_2047,10,4,0,0,1,348.7734131964555,0.01,0.6500364732125632,0,1,1,0,0,1,1,0.65,0,1,0.2776734227293848,0,0.2018966446523599,0.0,12,LOW
user_2048,13,1,0,0,1,216.22588139584988,17.58236328107361,12.085663345103894,0,1,1,0,0,1,1,0.65,0,1,0.2776734227293848,0,0.2018966446523599,0.0,12,LOW
user_2049,14,2,0,0,1,234.5147782818528,4.066569531975248,21.85147761289585,0,1,1,0,0,1,1,0.65,0,1,0.2776734227293848,0,0.2018966446523599,0.0,12,LOW
user_2050,16,6,0,0,1,299.448171367371,37.712974589925,15.87188240586025,0,1,1,0,0,1,1,0.65,0,1,0.2776734227293848,0,0.2018966446523599,0.0,12,LOW
user_2051,11,1,0,0,1,215.955852083019,8.021844282781354,6.729859663224026,0,1,1,0,0,1,1,0.65,0,1,0.2776734227293848,0,0.2018966446523599,0.0,12,LOW
user_2052,12,3,0,0,1,195.20875563885,2.575737457811151,3.142195795975644,0,1,1,0,0,1,1,0.65,0,1,0.2776734227293848,0,0.2018966446523599,0.0,12,LOW
user_2053,13,0,0,0,1,104.77461507835696,6.7038473939852254,0.1354282072215896,0,1,1,0,0,2,1,0.75,0,1,0.0934671910539906,0,0.40261253039389167,0.44399880482146026,42,MEDIUM
user_2054,9,3,0,0,1,183.8101011970344,11.044083373270404,7.122310322335674,0,1,1,0,0,1,1,0.65,0,1,0.2776734227293848,0,0.2018966446523599,0.0,12,LOW
user_2055,11,0,0,2,1,183.2383352406232,0.8988830821303315,6.455695556177913,0,1,1,2,0,1,1,1.05,0,1,0.1541262400811022,0,0.4301355521591885,0.2977901503981718,38,MEDIUM
user_2056,12,6,0,0,1,249.5140017281166,3.819326856976287,4.219694070640682,0,1,1,0,0,1,1,0.65,0,1,0.2776734227293848,0,0.2018966446523599,0.0,12,LOW
user_2057,16,3,1,0,1,11.869226619214755,717.4840227731709,8.629224631702092,1,1,1,0,1,3,3,1.2000000000000002,0,-1,-0.0466531783890061,1,0.9969658119658119,0.7817358943758647,91,HIGH
user_2058,14,4,0,0,1,369.48114065143176,9.294006570051758,13.049529182681889,0,1,1,0,0,1,1,0.65,0,1,0.2776734227293848,0,0.2018966446523599,0.0,12,LOW
user_2059,14,3,0,0,1,176.54226418591162,40.284331670600295,12.069379835554434,0,1,1,0,0,1,1,0.65,0,1,0.2776734227293848,0,0.2018966446523599,0.0,12,LOW
user_2060,16,3,0,0,1,324.0388012114443,46.32845075758609,3.055105145610701,0,1,1,0,0,1,1,0.65,0,1,0.2776734227293848,0,0.2018966446523599,0.0,12,LOW
user_2061,13,2,0,0,1,9.523181054505503,509.6652025008393,8.802088064271675,1,1,1,0,0,3,3,1.05,0,-1,-0.0182440342796388,1,1.0,0.7132603280726179,89,HIGH
user_2062,15,4,0,1,1,288.40644214274334,3.308014118252841,1.6107817797769104,0,1,1,1,0,1,1,0.85,0,1,0.2332993702223167,0,0.24213381063915532,0.10695635049384,19,LOW
user_2063,13,6,0,0,1,284.7611756841522,25.139149759686465,1.2965530737337574,0,1,1,0,0,1,1,0.65,0,1,0.2776734227293848,0,0.2018966446523599,0.0,12,LOW
user_2064,14,2,2,0,1,106.90586818125502,40.82067744485053,15.41105828428334,0,1,1,0,2,2,1,1.05,0,1,0.0312330919309149,0,0.030939393939393937,0.5940038582795778,26,LOW
user_2065,12,5,0,0,1,239.30683926140657,82.91435068485197,11.83340136300188,0,1,1,0,0,1,2,0.75,0,1,0.2193048404666994,0,0.33007420523328185,0.14068786125229182,25,LOW
user_2066,6,3,0,2,1,224.26631176597007,0.1704871166235734,14.607114914712533,0,2,1,2,0,1,1,1.3000000000000005,0,1,0.0461621116072437,0,0.06294630480760484,0.5580199133654522,26,LOW
user_2067,13,2,0,0,1,172.02131431852396,13.347158642965365,1.654199265049512,0,1,1,0,0,1,1,0.65,0,1,0.2776734227293848,0,0.2018966446523599,0.0,12,LOW
user_2068,18,2,0,0,1,267.5775622329521,33.10533086897618,24.60626876009229,0,1,1,0,0,1,1,0.65,0,1,0.2776734227293848,0,0.2018966446523599,0.0,12,LOW
user_2069,16,1,0,0,1,342.9924189526483,44.08794595495552,1.4284504546253871,0,1,1,0,0,1,1,0.65,0,1,0.2776734227293848,0,0.2018966446523599,0.0,12,LOW
user_2070,16,0,0,1,1,79.61978136695603,1.607755644856014,20.40505239719344,0,1,1,1,0,2,1,0.95,0,1,0.0868800058507494,0,0.049146048626075106,0.4598761306359884,21,LOW
user_2071,17,1,1,1,1,207.9318194494968,28.53391256986737,4.344500800894528,0,1,1,1,1,1,1,1.0,0,1,0.1244119810262747,0,0.2600647053805528,0.3694114814818421,30,LOW
user_2072,14,2,0,0,1,165.2540301531826,398.0894199239521,1.114166985174775,0,1,1,0,0,1,3,0.8500000000000001,0,1,0.1140437691094343,0,0.29646344472155617,0.3944023499087308,34,MEDIUM
user_2073,14,2,0,0,1,244.3066695742616,1.9381479182021168,3.379498725794466,0,1,1,0,0,1,1,0.65,0,1,0.2776734227293848,0,0.2018966446523599,0.0,12,LOW
user_2074,12,2,0,0,1,220.46272301100024,16.789661400113406,2.0021837070449946,0,1,1,0,0,1,1,0.65,0,1,0.2776734227293848,0,0.2018966446523599,0.0,12,LOW
user_2075,13,6,2,2,0,203.6593672345693,4.303934978623124,9882.3973879865,1,1,4,2,2,1,1,1.9500000000000004,1,-1,-0.0871671985207315,1,1.0,0.8793882721124506,95,HIGH
user_2076,4,1,0,1,1,281.3704096997435,162.15603356489015,29.906521600048627,0,3,1,1,0,1,2,1.45,0,-1,-0.0026340983693405,1,0.05069452606217311,0.6756351466415933,30,LOW
user_2077,17,2,0,2,1,338.1708780634259,33.79846345363988,3.9730523300011535,1,1,1,2,0,1,1,1.05,0,1,0.1541262400811022,0,0.4301355521591885,0.2977901503981718,38,MEDIUM
user_2078,13,0,1,1,1,399.6791191054701,46.13973075704499,9.47005089644336,0,1,1,1,1,1,1,1.0,0,1,0.1244119810262747,0,0.2600647053805528,0.3694114814818421,30,LOW
user_2079,12,0,0,1,1,195.6222570918848,11.853049857941606,22.23042902003907,0,1,1,1,0,1,1,0.85,0,1,0.2332993702223167,0,0.24213381063915532,0.10695635049384,19,LOW
user_2080,14,4,0,0,1,130.74746689091586,0.3349791614628783,9.944521032983587,0,1,1,0,0,1,1,0.65,0,1,0.2776734227293848,0,0.2018966446523599,0.0,12,LOW
user_2081,15,3,2,1,1,273.5517860447004,7.518707910042447,4.497291773857079,0,1,1,1,2,1,1,1.15,0,1,0.0590725335016217,0,0.024931712964170426,0.5269014661842195,23,LOW
user_2082,9,4,1,0,1,336.6290841193922,15.768947600116093,46.92813818359495,0,1,1,0,1,1,1,0.7999999999999999,0,1,0.2129135634933541,0,0.13356667006213288,0.15609298252120107,14,LOW
user_2083,4,0,0,2,1,288.8213980224437,29.605175963647497,2.075330337430154,1,3,1,2,0,1,1,1.5500000000000005,0,1,0.0178213557717713,0,0.9935488642050614,0.6263306409898065,85,HIGH
user_2084,12,3,1,0,1,336.3808223718187,12.03331240783139,7.407756510374275,0,1,1,0,1,1,1,0.7999999999999999,0,1,0.2129135634933541,0,0.13356667006213288,0.15609298252120107,14,LOW
user_2085,10,1,0,0,1,226.47079976387283,19.199375851613297,15.930996061154795,0,1,1,0,0,1,1,0.65,0,1,0.2776734227293848,0,0.2018966446523599,0.0,12,LOW
user_2086,12,1,0,0,1,203.4255336136123,18.57228333222,0.0064908018419767,0,1,1,0,0,1,1,0.65,0,1,0.2776734227293848,0,0.2018966446523599,0.0,12,LOW
user_2087,13,0,0,0,1,246.92615444407875,4.507560396541558,12.108069444283414,0,1,1,0,0,1,1,0.65,0,1,0.2776734227293848,0,0.2018966446523599,0.0,12,LOW
user_2088,12,0,1,0,1,220.1668087579867,24.391035002542555,3.0992617725018228,0,1,1,0,1,1,1,0.7999999999999999,0,1,0.2129135634933541,0,0.13356667006213288,0.15609298252120107,14,LOW
user_2089,18,1,0,0,1,279.78564128042063,14.4620796885005,1.8600038261348133,0,1,1,0,0,1,1,0.65,0,1,0.2776734227293848,0,0.2018966446523599,0.0,12,LOW
user_2090,14,0,0,0,1,298.1860666802095,41.24591419204515,3.2047315591632355,0,1,1,0,0,1,1,0.65,0,1,0.2776734227293848,0,0.2018966446523599,0.0,12,LOW
user_2091,14,6,0,0,1,302.8850198743132,29.32891417168643,34.05700279701308,0,1,1,0,0,1,1,0.65,0,1,0.2776734227293848,0,0.2018966446523599,0.0,12,LOW
user_2092,0,1,0,0,1,270.6355602482634,0.01,22.250247799727948,0,3,1,0,0,1,1,1.15,0,1,0.0815285198183811,0,0.0013513513513513514,0.47277500697029895,19,LOW
user_2093,10,0,0,0,1,254.749339600518,16.77282554274264,2.404861389818997,0,1,1,0,0,1,1,0.65,0,1,0.2776734227293848,0,0.2018966446523599,0.0,12,LOW
user_2094,17,1,0,1,1,287.6656013550509,30.30805227828752,1.2446039947029677,0,1,1,1,0,1,1,0.85,0,1,0.2332993702223167,0,0.24213381063915532,0.10695635049384,19,LOW
user_2095,13,3,1,0,1,122.22048554083672,2.275806040803023,4.527966886383691,0,1,1,0,1,1,1,0.7999999999999999,0,1,0.2129135634933541,0,0.13356667006213288,0.15609298252120107,14,LOW
user_2096,16,0,2,0,0,252.6342451400365,39.31524096204363,14351.212305394823,1,1,4,0,2,1,1,1.5500000000000005,1,-1,-0.0398435368800551,1,0.9980601933947105,0.7653223742482461,90,HIGH
user_2097,10,4,0,0,1,5.1693950192236855,1261.1664868074477,20.18494175385324,1,1,1,0,0,3,4,1.15,0,-1,-0.0665595353490385,1,1.0,0.8297168916429857,93,HIGH
user_2098,9,6,0,0,1,252.7848237582933,17.483397051925785,33.84049010261525,0,1,1,0,0,1,1,0.65,0,1,0.2776734227293848,0,0.2018966446523599,0.0,12,LOW
user_2099,16,1,2,0,1,234.74258722474613,70.57023847112089,13.909185087223516,0,1,1,0,2,1,2,1.05,0,1,0.0515919801040551,0,0.01030309988802873,0.5449321090007749,22,LOW
user_2100,15,2,0,0,1,265.911329607697,484.594713372957,9.138118386245036,0,1,1,0,0,1,3,0.8500000000000001,0,1,0.1140437691094343,0,0.29646344472155617,0.3944023499087308,34,MEDIUM
user_2101,11,0,0,0,1,205.52382470795908,13.793553924078193,1.5353823123171255,0,1,1,0,0,1,1,0.65,0,1,0.2776734227293848,0,0.2018966446523599,0.0,12,LOW
user_2102,11,3,1,0,1,307.7714057672178,0.1704529507615436,0.7691168883714901,0,1,1,0,1,1,1,0.7999999999999999,0,1,0.2129135634933541,0,0.13356667006213288,0.15609298252120107,14,LOW
user_2103,17,2,0,0,1,268.41898664480846,3.5798372398643745,9.06406934247147,0,1,1,0,0,1,1,0.65,0,1,0.2776734227293848,0,0.2018966446523599,0.0,12,LOW
user_2104,10,1,0,0,1,249.04115147303165,21.608109778520987,7.74496303717706,0,1,1,0,0,1,1,0.65,0,1,0.2776734227293848,0,0.2018966446523599,0.0,12,LOW
user_2105,18,1,0,0,1,198.1490057618328,17.021822500003488,18.713749684397865,0,1,1,0,0,1,1,0.65,0,1,0.2776734227293848,0,0.2018966446523599,0.0,12,LOW
user_2106,11,3,1,2,1,288.9190131124743,11.307203998901407,3.895019758591265,0,1,1,2,1,1,1,1.2000000000000002,0,1,0.0547880072036045,0,0.4121174521254879,0.5372286116789389,46,MEDIUM
user_2107,15,2,0,0,1,252.39958190966945,64.16893753230778,0.4050002276477639,0,1,1,0,0,1,2,0.75,0,1,0.2193048404666994,0,0.33007420523328185,0.14068786125229182,25,LOW
user_2108,13,0,0,0,1,194.670996387785,10.10474319725726,5.511412692300572,0,1,1,0,0,1,1,0.65,0,1,0.2776734227293848,0,0.2018966446523599,0.0,12,LOW
user_2109,15,3,1,0,1,236.6003074552057,19.258847144707403,34.796662065158195,0,1,1,0,1,1,1,0.7999999999999999,0,1,0.2129135634933541,0,0.13356667006213288,0.15609298252120107,14,LOW
user_2110,16,3,0,2,1,277.7449571544744,0.01,15.87553653905578,1,1,1,2,0,1,1,1.05,0,1,0.1541262400811022,0,0.4301355521591885,0.2977901503981718,38,MEDIUM
user_2111,13,4,0,0,1,273.0944123291895,18.74126587375968,0.3435562748588591,0,1,1,0,0,1,1,0.65,0,1,0.2776734227293848,0,0.2018966446523599,0.0,12,LOW
user_2112,14,0,0,0,1,269.2205380684893,16.232343432099725,20.76876066512644,0,1,1,0,0,1,1,0.65,0,1,0.2776734227293848,0,0.2018966446523599,0.0,12,LOW
user_2113,10,4,2,0,0,245.55188350446463,10.276910654132482,13602.657691267965,1,1,4,0,2,1,1,1.5500000000000005,1,-1,-0.0398435368800551,1,0.9980601933947105,0.7653223742482461,90,HIGH
user_2114,16,3,0,0,1,301.5491719981138,59.85754252138036,4.537650425730965,0,1,1,0,0,1,2,0.75,0,1,0.2193048404666994,0,0.33007420523328185,0.14068786125229182,25,LOW
user_2115,12,0,0,0,1,314.26779022869664,14.982463605395878,4.257793636920495,0,1,1,0,0,1,1,0.65,0,1,0.2776734227293848,0,0.2018966446523599,0.0,12,LOW
user_2116,13,3,1,0,0,284.23935694053245,18.793193400364665,9.042244556657575,0,1,1,0,1,1,1,0.7999999999999999,1,1,0.2129135634933541,0,0.04680970107273437,0.15609298252120107,9,LOW
user_2117,11,2,0,0,1,204.7529235086576,26.71260189301956,7.5629875662427395,0,1,1,0,0,1,1,0.65,0,1,0.2776734227293848,0,0.2018966446523599,0.0,12,LOW
user_2118,6,5,0,1,1,176.51629696256896,1.751336979871838,10.68938670207315,0,2,1,1,0,1,1,1.1,0,1,0.1083396961540713,0,0.5687783155237143,0.4081510789922207,50,MEDIUM
user_2119,13,0,0,0,1,207.3636139817044,38.00000324804726,8.52474655324452,0,1,1,0,0,1,1,0.65,0,1,0.2776734227293848,0,0.2018966446523599,0.0,12,LOW
user_2120,21,3,2,0,0,357.2194048786034,17.961999592623503,14206.460351784954,1,2,4,0,2,1,1,1.8000000000000005,1,-1,-0.0706838426998131,1,0.99875,0.8396578557341853,94,HIGH
user_2121,16,2,0,0,1,256.9017548296412,26.763520321400776,2.973769277361465,0,1,1,0,0,1,1,0.65,0,1,0.2776734227293848,0,0.2018966446523599,0.0,12,LOW
user_2122,13,6,2,0,1,367.5865096515831,36.961564247725775,18.3903708212168,0,1,1,0,2,1,1,0.95,0,1,0.1483955927109178,0,0.007188301157192252,0.31160293273497597,13,LOW
user_2123,13,1,0,0,1,10.9930737929866,1804.436733716984,10.884397489278282,1,1,1,0,0,3,4,1.15,0,-1,-0.0665595353490385,1,1.0,0.8297168916429857,93,HIGH
user_2124,14,6,2,0,1,224.4711797704247,12.448574765704986,5.949332668829608,0,1,1,0,2,1,1,0.95,0,1,0.1483955927109178,0,0.007188301157192252,0.31160293273497597,13,LOW
user_2125,20,5,0,1,1,235.5566078013556,0.01,2.016284595465031,0,2,1,1,0,1,1,1.1,0,1,0.1083396961540713,0,0.5687783155237143,0.4081510789922207,50,MEDIUM
user_2126,10,1,0,0,0,234.4695551968018,7.488364099035476,0.0772076452147995,0,1,1,0,0,1,1,0.65,1,1,0.2776734227293848,0,0.15500519134380158,0.0,9,LOW
user_2127,17,4,0,0,1,193.5809452879365,26.99493394203789,3.7380279628325006,0,1,1,0,0,1,1,0.65,0,1,0.2776734227293848,0,0.2018966446523599,0.0,12,LOW
user_2128,16,6,0,0,1,171.0691039099994,2.709329024657899,0.5640841425878578,0,1,1,0,0,1,1,0.65,0,1,0.2776734227293848,0,0.2018966446523599,0.0,12,LOW
user_2129,16,1,0,1,1,270.0801976308518,0.5058449252259729,6.583287066883464,0,1,1,1,0,1,1,0.85,0,1,0.2332993702223167,0,0.24213381063915532,0.10695635049384,19,LOW
user_2130,15,2,0,0,1,303.2940430558418,2.516598106925188,17.24856916381625,0,1,1,0,0,1,1,0.65,0,1,0.2776734227293848,0,0.2018966446523599,0.0,12,LOW
user_2131,14,2,0,0,1,386.6988780399841,9.618869622405878,3.3603046015402422,0,1,1,0,0,1,1,0.65,0,1,0.2776734227293848,0,0.2018966446523599,0.0,12,LOW
user_2132,16,1,0,0,1,213.97722559853867,0.7897078136115239,18.822587064606097,0,1,1,0,0,1,1,0.65,0,1,0.2776734227293848,0,0.2018966446523599,0.0,12,LOW
user_2133,15,0,0,0,1,218.8406707881555,24.88952295675088,12.193043883433807,0,1,1,0,0,1,1,0.65,0,1,0.2776734227293848,0,0.2018966446523599,0.0,12,LOW
user_2134,12,1,0,0,1,193.72624233293897,442.0385505517848,1.338312425520082,0,1,1,0,0,1,3,0.8500000000000001,0,1,0.1140437691094343,0,0.29646344472155617,0.3944023499087308,34,MEDIUM
user_2135,12,1,0,1,1,307.54364576241403,33.330792257919,10.344041412936438,0,1,1,1,0,1,1,0.85,0,1,0.2332993702223167,0,0.24213381063915532,0.10695635049384,19,LOW
user_2136,14,2,0,0,1,288.8992472877759,1.1750663949484053,1.6449712873318922,0,1,1,0,0,1,1,0.65,0,1,0.2776734227293848,0,0.2018966446523599,0.0,12,LOW
user_2137,18,0,0,0,1,187.3839250875284,6.10603786359794,10.636050173230602,0,1,1,0,0,1,1,0.65,0,1,0.2776734227293848,0,0.2018966446523599,0.0,12,LOW
user_2138,10,4,0,1,1,185.8681147816234,13.10636075361917,1.5398425919206424,0,1,1,1,0,1,1,0.85,0,1,0.2332993702223167,0,0.24213381063915532,0.10695635049384,19,LOW
user_2139,9,3,0,0,1,297.1508855157538,12.05804214042906,4.984218134331019,0,1,1,0,0,1,1,0.65,0,1,0.2776734227293848,0,0.2018966446523599,0.0,12,LOW
user_2140,14,0,0,0,1,262.99176907250444,3.510265662175068,8.36080969473945,0,1,1,0,0,1,1,0.65,0,1,0.2776734227293848,0,0.2018966446523599,0.0,12,LOW
user_2141,14,3,0,0,1,285.5033227806686,128.47655164448236,0.5168723662938791,0,1,1,0,0,1,2,0.75,0,1,0.2193048404666994,0,0.33007420523328185,0.14068786125229182,25,LOW
user_2142,14,3,0,0,1,187.03389129966524,8.367231006792727,1.6641869412184696,0,1,1,0,0,1,1,0.65,0,1,0.2776734227293848,0,0.2018966446523599,0.0,12,LOW
user_2143,14,6,2,0,0,127.3365081653876,31.91646256310996,5990.395386162609,1,1,4,0,2,1,1,1.5500000000000005,1,-1,-0.0398435368800551,1,0.9980601933947105,0.7653223742482461,90,HIGH
user_2144,13,0,0,0,0,187.5020989991898,6.212389676969348,6.20491850842574,0,1,1,0,0,1,1,0.65,1,1,0.2776734227293848,0,0.15500519134380158,0.0,9,LOW
user_2145,18,1,0,2,1,281.2660038006736,52.5628848281292,19.55365770321992,0,1,1,2,0,1,2,1.15,0,1,0.0682545724467911,0,0.5708054293276346,0.5047696724853863,54,MEDIUM
user_2146,9,5,0,1,1,366.6634787180935,12.265703909334096,2.073601278964697,0,1,1,1,0,1,1,0.85,0,1,0.2332993702223167,0,0.24213381063915532,0.10695635049384,19,LOW
user_2147,11,5,0,0,1,214.2321606283435,57.79127384740151,4.268996204736451,0,1,1,0,0,1,2,0.75,0,1,0.2193048404666994,0,0.33007420523328185,0.14068786125229182,25,LOW
user_2148,20,4,0,0,1,376.551352912612,0.01,6.458366558128013,0,2,1,0,0,1,1,0.8999999999999999,0,1,0.190136950224284,0,0.20789731048021395,0.21099226023493423,21,LOW
user_2149,9,4,2,0,1,289.78918604950127,0.2170349000880985,3.5066242113347155,0,1,1,0,2,1,1,0.95,0,1,0.1483955927109178,0,0.007188301157192252,0.31160293273497597,13,LOW
user_2150,13,0,0,0,1,156.4180618974704,18.19452316484339,9.828253204184389,0,1,1,0,0,1,1,0.65,0,1,0.2776734227293848,0,0.2018966446523599,0.0,12,LOW
user_2151,18,2,0,0,1,252.84203026866192,18.599853109213,2.9652429631397763,0,1,1,0,0,1,1,0.65,0,1,0.2776734227293848,0,0.2018966446523599,0.0,12,LOW
user_2152,14,1,0,0,1,291.83845670471163,3.1911240152763822,14.79947767030614,0,1,1,0,0,1,1,0.65,0,1,0.2776734227293848,0,0.2018966446523599,0.0,12,LOW
user_2153,14,1,0,0,1,94.4710260868388,6.695795746096469,7.035088676078632,0,1,1,0,0,2,1,0.75,0,1,0.0934671910539906,0,0.40261253039389167,0.44399880482146026,42,MEDIUM
user_2154,10,4,1,1,1,278.66706947480293,38.2536091691184,0.9025833370138902,0,1,1,1,1,1,1,1.0,0,1,0.1244119810262747,0,0.2600647053805528,0.3694114814818421,30,LOW
user_2155,12,0,0,0,1,310.3632707893868,0.9362085586141056,9.861738974980902,0,1,1,0,0,1,1,0.65,0,1,0.2776734227293848,0,0.2018966446523599,0.0,12,LOW
user_2156,12,2,0,0,1,263.9320874478686,16.810422958247177,8.422123225473817,0,1,1,0,0,1,1,0.65,0,1,0.2776734227293848,0,0.2018966446523599,0.0,12,LOW
user_2157,13,5,0,0,1,236.2967273591146,18.89728272996783,4.133924781501457,0,1,1,0,0,1,1,0.65,0,1,0.2776734227293848,0,0.2018966446523599,0.0,12,LOW
user_2158,17,1,0,0,1,229.6244050199156,29.17592363053936,0.1121978544270777,0,1,1,0,0,1,1,0.65,0,1,0.2776734227293848,0,0.2018966446523599,0.0,12,LOW
user_2159,15,6,0,1,1,226.1206603384907,0.9543944346252694,2.240208637582211,0,1,1,1,0,1,1,0.85,0,1,0.2332993702223167,0,0.24213381063915532,0.10695635049384,19,LOW
user_2160,10,6,1,2,1,169.44121177397346,22.02588468645388,5.203870705296726,0,1,1,2,1,1,1,1.2000000000000002,0,1,0.0547880072036045,0,0.4121174521254879,0.5372286116789389,46,MEDIUM
user_2161,14,3,0,0,1,198.748570085702,0.0775711357016671,2.230360993290029,0,1,1,0,0,1,1,0.65,0,1,0.2776734227293848,0,0.2018966446523599,0.0,12,LOW
user_2162,15,0,2,0,0,215.0043572608704,7.703187145099004,6801.6013302063175,1,1,4,0,2,1,1,1.5500000000000005,1,-1,-0.0398435368800551,1,0.9980601933947105,0.7653223742482461,90,HIGH
user_2163,17,1,0,0,1,246.8096607735445,17.312897262460407,12.459235395449753,0,1,1,0,0,1,1,0.65,0,1,0.2776734227293848,0,0.2018966446523599,0.0,12,LOW
user_2164,18,2,0,0,1,206.59111454057603,60.55712526834336,19.3806460324938,0,1,1,0,0,1,2,0.75,0,1,0.2193048404666994,0,0.33007420523328185,0.14068786125229182,25,LOW
user_2165,19,1,0,0,1,187.8522454501242,133.23493541808082,10.412379844047972,0,2,1,0,0,1,2,1.0,0,1,0.1157188029811144,0,0.21090605726134576,0.39036495643785196,28,LOW
user_2166,11,1,0,0,1,285.5862515475507,4.636836841829321,11.679920175795012,0,1,1,0,0,1,1,0.65,0,1,0.2776734227293848,0,0.2018966446523599,0.0,12,LOW
user_2167,10,6,0,0,1,262.23683831687134,27.65981676617974,9.376212821882715,0,1,1,0,0,1,1,0.65,0,1,0.2776734227293848,0,0.2018966446523599,0.0,12,LOW
user_2168,13,0,0,0,1,207.646227792626,11.744559096064217,42.326455475914,0,1,1,0,0,1,1,0.65,0,1,0.2776734227293848,0,0.2018966446523599,0.0,12,LOW
user_2169,15,4,1,0,1,270.37670828925525,24.41571234241201,3.024581281017666,0,1,1,0,1,1,1,0.7999999999999999,0,1,0.2129135634933541,0,0.13356667006213288,0.15609298252120107,14,LOW
user_2170,16,0,0,0,1,212.8105263788439,149.33243567063522,3.095987382508776,0,1,1,0,0,1,2,0.75,0,1,0.2193048404666994,0,0.33007420523328185,0.14068786125229182,25,LOW
user_2171,13,3,0,0,1,243.7839017692872,108.324553235781,1.3505671696542945,1,1,1,0,0,1,2,0.75,0,1,0.2193048404666994,0,0.33007420523328185,0.14068786125229182,25,LOW
user_2172,13,5,0,0,1,298.502643283372,10.912812451643248,6.649180500363333,0,1,1,0,0,1,1,0.65,0,1,0.2776734227293848,0,0.2018966446523599,0.0,12,LOW
user_2173,14,1,0,0,1,203.7755344100242,17.525721681493568,1.0110481028804874,0,1,1,0,0,1,1,0.65,0,1,0.2776734227293848,0,0.2018966446523599,0.0,12,LOW
user_2174,11,1,0,0,0,169.6553035299754,58.76555515965079,3.149115826749034,0,1,1,0,0,1,2,0.75,1,1,0.2193048404666994,0,0.06599719639822756,0.14068786125229182,10,LOW
user_2175,20,3,1,0,1,231.2919250187195,2.417389191512131,6.59095435788502,0,2,1,0,1,1,1,1.05,0,1,0.1004614283124124,0,0.02209191694512681,0.4271403470204811,18,LOW
user_2176,9,3,0,1,1,158.1920990288723,15.050867872743789,31.605035242124664,0,1,1,1,0,1,1,0.85,0,1,0.2332993702223167,0,0.24213381063915532,0.10695635049384,19,LOW
user_2177,14,3,0,1,1,223.35308943894148,11.85339781717778,33.19055170447874,0,1,1,1,0,1,1,0.85,0,1,0.2332993702223167,0,0.24213381063915532,0.10695635049384,19,LOW
user_2178,20,1,0,1,1,223.1617512411925,8.734780251984047,13.615636385691012,1,2,1,1,0,1,1,1.1,0,1,0.1083396961540713,0,0.5687783155237143,0.4081510789922207,50,MEDIUM
user_2179,14,1,0,0,1,92.17895256566624,128.7655954686076,4.930678333972242,0,1,1,0,0,2,2,0.8500000000000001,0,1,0.0879604175892453,0,0.09335914768687309,0.4572719759543348,24,LOW
user_2180,13,6,0,0,1,271.8381098246706,33.064150512158655,20.036758322721568,0,1,1,0,0,1,1,0.65,0,1,0.2776734227293848,0,0.2018966446523599,0.0,12,LOW
user_2181,4,5,1,2,1,229.0386139991208,12.306107944614574,20.83094621318745,1,3,1,2,1,1,1,1.7000000000000002,0,-1,-0.0341845052051249,1,1.0,0.7516822097583526,90,HIGH
user_2182,13,2,0,0,1,310.9137871663161,44.15549380275301,24.101411370230792,0,1,1,0,0,1,1,0.65,0,1,0.2776734227293848,0,0.2018966446523599,0.0,12,LOW
user_2183,18,4,0,0,1,252.9319187876449,16.817251575077172,10.217208283282604,0,1,1,0,0,1,1,0.65,0,1,0.2776734227293848,0,0.2018966446523599,0.0,12,LOW
user_2184,7,2,0,0,1,284.1365142189329,51.55466419065742,2.253870606100404,0,2,1,0,0,1,2,1.0,0,1,0.1157188029811144,0,0.21090605726134576,0.39036495643785196,28,LOW
user_2185,18,2,0,0,1,311.4023251924226,7.7440971294126095,0.954990476864904,0,1,1,0,0,1,1,0.65,0,1,0.2776734227293848,0,0.2018966446523599,0.0,12,LOW
user_2186,9,0,0,0,1,232.09697503375523,6.327193014023195,24.624663752042306,0,1,1,0,0,1,1,0.65,0,1,0.2776734227293848,0,0.2018966446523599,0.0,12,LOW
user_2187,13,2,1,2,1,239.9506086681659,7.101771061553805,0.5714841072461839,0,1,1,2,1,1,1,1.2000000000000002,0,1,0.0547880072036045,0,0.4121174521254879,0.5372286116789389,46,MEDIUM
user_2188,12,2,0,0,1,145.5874065965861,19.330778433879047,3.5082076944563805,0,1,1,0,0,1,1,0.65,0,1,0.2776734227293848,0,0.2018966446523599,0.0,12,LOW
user_2189,15,0,1,1,1,314.3722647140545,8.608546718087485,6.674049083969096,0,1,1,1,1,1,1,1.0,0,1,0.1244119810262747,0,0.2600647053805528,0.3694114814818421,30,LOW
user_2190,9,2,0,0,1,231.25815601670672,3.978401275057198,0.2222177781356954,0,1,1,0,0,1,1,0.65,0,1,0.2776734227293848,0,0.2018966446523599,0.0,12,LOW
user_2191,22,4,0,0,1,179.6561669791211,187.6279269754297,23.74212775530244,0,2,1,0,0,1,2,1.0,0,1,0.1157188029811144,0,0.21090605726134576,0.39036495643785196,28,LOW
user_2192,20,3,0,0,1,284.3833491892457,57.67316947252237,3.3844357124625244,0,2,1,0,0,1,2,1.0,0,1,0.1157188029811144,0,0.21090605726134576,0.39036495643785196,28,LOW
user_2193,9,3,0,0,1,109.2131284821449,25.19730003259321,0.2891894987892728,0,1,1,0,0,2,1,0.75,0,1,0.0934671910539906,0,0.40261253039389167,0.44399880482146026,42,MEDIUM
user_2194,14,5,1,0,0,214.2435466276093,55.53500838668183,50.49895575369219,0,1,2,0,1,1,2,1.1,1,1,0.0064636250979318,0,0.018823024054982818,0.6537065815256031,27,LOW
user_2195,12,0,0,0,1,294.49866247271046,68.51281272338207,3.730848251606068,0,1,1,0,0,1,2,0.75,0,1,0.2193048404666994,0,0.33007420523328185,0.14068786125229182,25,LOW
user_2196,15,3,0,0,1,213.73668888204568,28.183651330307622,20.936614266029466,0,1,1,0,0,1,1,0.65,0,1,0.2776734227293848,0,0.2018966446523599,0.0,12,LOW
user_2197,3,4,0,0,1,196.92468294308512,552.0510186196469,6.04174227574028,0,3,1,0,0,1,3,1.35,0,-1,-0.032686997864732,1,0.1735604640457581,0.7480727147738536,40,MEDIUM
user_2198,12,3,0,0,1,215.03071217322287,53.42714607229478,10.880460120682754,0,1,1,0,0,1,2,0.75,0,1,0.2193048404666994,0,0.33007420523328185,0.14068786125229182,25,LOW
user_2199,15,1,0,0,1,119.40424413188558,20.97149716399609,2.7587228273472,0,1,1,0,0,2,1,0.75,0,1,0.0934671910539906,0,0.40261253039389167,0.44399880482146026,42,MEDIUM
user_2200,19,0,0,0,1,282.92870590698203,3.3897818997465072,6.989144331905247,0,2,1,0,0,1,1,0.8999999999999999,0,1,0.190136950224284,0,0.20789731048021395,0.21099226023493423,21,LOW
user_2201,13,4,0,1,1,232.6268374813852,11.426434882010042,2.979360552015565,0,1,1,1,0,1,1,0.85,0,1,0.2332993702223167,0,0.24213381063915532,0.10695635049384,19,LOW
user_2202,16,2,0,0,0,223.66052340031428,14.761197900383818,30.17648310335684,0,1,1,0,0,1,1,0.65,1,1,0.2776734227293848,0,0.15500519134380158,0.0,9,LOW
user_2203,10,4,0,0,1,223.87988301545752,68.4765339198395,0.6288166772155791,0,1,1,0,0,1,2,0.75,0,1,0.2193048404666994,0,0.33007420523328185,0.14068786125229182,25,LOW
user_2204,11,3,0,0,1,240.84478790787503,26.910421418122937,3.211339700712739,0,1,1,0,0,1,1,0.65,0,1,0.2776734227293848,0,0.2018966446523599,0.0,12,LOW
user_2205,15,3,1,2,1,279.206242240324,52.041612825448105,22.359445004126503,0,1,1,2,1,1,2,1.3,0,-1,-0.0066553003840512,1,0.07226061812118971,0.6853275922892705,32,MEDIUM
user_2206,18,4,0,0,1,236.87618752804505,35.42829469785143,6.539956188500388,0,1,1,0,0,1,1,0.65,0,1,0.2776734227293848,0,0.2018966446523599,0.0,12,LOW
user_2207,15,3,1,0,1,158.30180710921127,9.271552199422691,9.165010337464688,0,1,1,0,1,1,1,0.7999999999999999,0,1,0.2129135634933541,0,0.13356667006213288,0.15609298252120107,14,LOW
user_2208,21,2,0,0,1,274.53096729264405,139.3382668726303,10.546720707710064,0,2,1,0,0,1,2,1.0,0,1,0.1157188029811144,0,0.21090605726134576,0.39036495643785196,28,LOW
user_2209,13,2,0,0,1,269.9141814602536,5.432135341573229,0.7356851498151739,0,1,1,0,0,1,1,0.65,0,1,0.2776734227293848,0,0.2018966446523599,0.0,12,LOW
user_2210,10,4,0,0,1,252.3316198929876,13.11237445031606,0.178979580575547,0,1,1,0,0,1,1,0.65,0,1,0.2776734227293848,0,0.2018966446523599,0.0,12,LOW
user_2211,5,2,0,0,1,304.5144784176792,0.01,27.780604924884447,0,3,1,0,0,1,1,1.15,0,1,0.0815285198183811,0,0.0013513513513513514,0.47277500697029895,19,LOW
user_2212,16,2,1,1,1,241.8227205847776,23.66418459099352,3.1677155904686,0,1,1,1,1,1,1,1.0,0,1,0.1244119810262747,0,0.2600647053805528,0.3694114814818421,30,LOW
user_2213,14,0,0,0,1,306.68256533935534,0.01,4.785409453384478,0,1,1,0,0,1,1,0.65,0,1,0.2776734227293848,0,0.2018966446523599,0.0,12,LOW
user_2214,12,5,0,1,1,324.4326612887038,7.349331592351514,11.459969288285237,0,1,1,1,0,1,1,0.85,0,1,0.2332993702223167,0,0.24213381063915532,0.10695635049384,19,LOW
user_2215,14,0,0,1,1,274.93877313146896,34.6322548793124,2.6958531379666684,0,1,1,1,0,1,1,0.85,0,1,0.2332993702223167,0,0.24213381063915532,0.10695635049384,19,LOW
user_2216,12,3,0,0,1,195.1239826873237,5.6513308033763145,13.207739603121643,0,1,1,0,0,1,1,0.65,0,1,0.2776734227293848,0,0.2018966446523599,0.0,12,LOW
user_2217,13,2,0,0,1,232.15285688985355,19.703164858724907,6.129362079605516,0,1,1,0,0,1,1,0.65,0,1,0.2776734227293848,0,0.2018966446523599,0.0,12,LOW
user_2218,20,2,0,0,1,314.33136204350245,14.208481684421365,19.421857303329023,0,2,1,0,0,1,1,0.8999999999999999,0,1,0.190136950224284,0,0.20789731048021395,0.21099226023493423,21,LOW
user_2219,19,3,0,2,1,150.1423280358296,96.79827817663885,3.264792235815912,0,2,1,2,0,1,2,1.4,0,-1,-0.0018313935794551,1,0.03428437565230018,0.6737003588546002,29,LOW
user_2220,3,0,0,2,1,216.4827799092835,3.641065936244902,2.27933103508446,1,3,1,2,0,1,1,1.5500000000000005,0,1,0.0178213557717713,0,0.9935488642050614,0.6263306409898065,85,HIGH
user_2221,12,3,0,0,1,219.42210981319536,11.20518752256125,17.819379815750455,0,1,1,0,0,1,1,0.65,0,1,0.2776734227293848,0,0.2018966446523599,0.0,12,LOW
user_2222,16,4,0,0,1,188.087363978776,27.483100862440285,3.950090610809304,0,1,1,0,0,1,1,0.65,0,1,0.2776734227293848,0,0.2018966446523599,0.0,12,LOW
user_2223,20,4,0,1,1,292.3727369951272,19.495327461172742,5.308049648759951,0,2,1,1,0,1,1,1.1,0,1,0.1083396961540713,0,0.5687783155237143,0.4081510789922207,50,MEDIUM
user_2224,12,0,0,0,1,262.60890426244663,19.905522207920967,15.784618270905366,0,1,1,0,0,1,1,0.65,0,1,0.2776734227293848,0,0.2018966446523599,0.0,12,LOW
user_2225,17,4,0,0,1,197.33649860397048,17.876135772219147,10.094387286618844,0,1,1,0,0,1,1,0.65,0,1,0.2776734227293848,0,0.2018966446523599,0.0,12,LOW
user_2226,18,3,0,0,1,276.3307752141504,72.00876298396999,5.829052014331609,1,1,1,0,0,1,2,0.75,0,1,0.2193048404666994,0,0.33007420523328185,0.14068786125229182,25,LOW
user_2227,12,4,0,0,1,230.4950259199069,68.16924483925817,2.8753609497975456,0,1,1,0,0,1,2,0.75,0,1,0.2193048404666994,0,0.33007420523328185,0.14068786125229182,25,LOW
user_2228,8,2,0,0,1,186.58832560665945,11.162841207132097,14.447753996734155,0,2,1,0,0,1,1,0.8999999999999999,0,1,0.190136950224284,0,0.20789731048021395,0.21099226023493423,21,LOW
user_2229,17,3,0,1,1,197.224895385428,10.84256441483428,1.989767287443308,0,1,1,1,0,1,1,0.85,0,1,0.2332993702223167,0,0.24213381063915532,0.10695635049384,19,LOW
user_2230,11,5,0,0,1,266.1630644865564,20.2363208842608,26.34980061192504,0,1,1,0,0,1,1,0.65,0,1,0.2776734227293848,0,0.2018966446523599,0.0,12,LOW
user_2231,16,4,0,0,1,296.3405927113103,2.512262175234269,1.6289084467670747,0,1,1,0,0,1,1,0.65,0,1,0.2776734227293848,0,0.2018966446523599,0.0,12,LOW
user_2232,8,2,2,0,1,210.79390602271283,9.024487049863348,16.344157369234118,0,2,1,0,2,1,1,1.2000000000000002,0,1,0.0458866002061858,0,0.0031251686909581646,0.5586839882540799,23,LOW
user_2233,16,1,1,0,1,272.6664800201407,6.562302704516871,5.520797719430864,0,1,1,0,1,1,1,0.7999999999999999,0,1,0.2129135634933541,0,0.13356667006213288,0.15609298252120107,14,LOW
user_2234,10,2,0,0,1,334.9052494546489,6.320413951499799,2.058025701753897,0,1,1,0,0,1,1,0.65,0,1,0.2776734227293848,0,0.2018966446523599,0.0,12,LOW
user_2235,16,2,0,0,1,164.46776661778483,25.43771308793721,5.147984018702094,0,1,1,0,0,1,1,0.65,0,1,0.2776734227293848,0,0.2018966446523599,0.0,12,LOW
user_2236,14,1,1,0,1,261.3401923703174,12.12693004546114,2.504528489469125,0,1,1,0,1,1,1,0.7999999999999999,0,1,0.2129135634933541,0,0.13356667006213288,0.15609298252120107,14,LOW
user_2237,11,1,0,0,1,289.8393414777245,4.693335606926104,1.4617516163546094,0,1,1,0,0,1,1,0.65,0,1,0.2776734227293848,0,0.2018966446523599,0.0,12,LOW
user_2238,12,4,0,0,1,234.29101100407016,54.63602208642605,2.7332614556096164,0,1,1,0,0,1,2,0.75,0,1,0.2193048404666994,0,0.33007420523328185,0.14068786125229182,25,LOW
user_2239,16,0,0,0,1,314.2969926513388,51.81635329629041,20.2040668197736,0,1,1,0,0,1,2,0.75,0,1,0.2193048404666994,0,0.33007420523328185,0.14068786125229182,25,LOW
user_2240,14,3,0,0,1,371.930222295677,49.59654377963626,1.1198506235014605,0,1,1,0,0,1,1,0.65,0,1,0.2776734227293848,0,0.2018966446523599,0.0,12,LOW
user_2241,15,0,0,0,1,260.6013209031782,12.387957123093548,35.950098666607005,0,1,1,0,0,1,1,0.65,0,1,0.2776734227293848,0,0.2018966446523599,0.0,12,LOW
user_2242,19,1,2,0,1,225.9846160633201,1.4667597356972368,0.05010987742015,0,2,1,0,2,1,1,1.2000000000000002,0,1,0.0458866002061858,0,0.0031251686909581646,0.5586839882540799,23,LOW
user_2243,5,0,0,2,1,298.6189684597174,2.8219961523040977,10.736411423584215,1,3,1,2,0,1,1,1.5500000000000005,0,1,0.0178213557717713,0,0.9935488642050614,0.6263306409898065,85,HIGH
user_2244,18,1,0,0,1,290.5241316226741,8.075757433136456,19.41503765305729,0,1,1,0,0,1,1,0.65,0,1,0.2776734227293848,0,0.2018966446523599,0.0,12,LOW
user_2245,14,4,0,0,1,88.87014270490894,6.210572594174186,27.174590477049183,0,1,1,0,0,2,1,0.75,0,1,0.0934671910539906,0,0.40261253039389167,0.44399880482146026,42,MEDIUM
user_2246,11,4,0,0,1,239.8358666345332,51.78398131849049,1.5546807290813418,0,1,1,0,0,1,2,0.75,0,1,0.2193048404666994,0,0.33007420523328185,0.14068786125229182,25,LOW
user_2247,21,1,0,1,1,216.3240319956532,0.01,11.980188856369267,0,2,1,1,0,1,1,1.1,0,1,0.1083396961540713,0,0.5687783155237143,0.4081510789922207,50,MEDIUM
user_2248,13,2,0,0,1,263.802341490835,42.41218620813098,1.1355983411415542,0,1,1,0,0,1,1,0.65,0,1,0.2776734227293848,0,0.2018966446523599,0.0,12,LOW
user_2249,16,2,0,0,1,228.3805031823726,0.01,4.348086915469367,0,1,1,0,0,1,1,0.65,0,1,0.2776734227293848,0,0.2018966446523599,0.0,12,LOW
user_2250,13,4,1,0,1,234.8894344637399,22.2061995248536,13.164935507962142,0,1,1,0,1,1,1,0.7999999999999999,0,1,0.2129135634933541,0,0.13356667006213288,0.15609298252120107,14,LOW
user_2251,18,4,0,0,1,188.2072344323351,36.73193375751028,4.246069897743168,0,1,1,0,0,1,1,0.65,0,1,0.2776734227293848,0,0.2018966446523599,0.0,12,LOW
user_2252,9,2,0,0,1,284.07175310546927,73.45230237427299,3.759665915882353,0,1,1,0,0,1,2,0.75,0,1,0.2193048404666994,0,0.33007420523328185,0.14068786125229182,25,LOW
user_2253,13,3,0,0,1,339.3025332881239,22.991451744144044,1.2336000422890052,0,1,1,0,0,1,1,0.65,0,1,0.2776734227293848,0,0.2018966446523599,0.0,12,LOW
user_2254,10,4,2,0,0,189.1396830470979,4.199026423814117,6574.886385355507,1,1,4,0,2,1,1,1.5500000000000005,1,-1,-0.0398435368800551,1,0.9980601933947105,0.7653223742482461,90,HIGH
user_2255,15,0,0,0,1,156.1766986111816,4.4739300826434825,1.224817977611459,0,1,1,0,0,1,1,0.65,0,1,0.2776734227293848,0,0.2018966446523599,0.0,12,LOW
user_2256,16,2,1,0,1,241.20019318964785,21.91850682303321,20.83246972718456,0,1,1,0,1,1,1,0.7999999999999999,0,1,0.2129135634933541,0,0.13356667006213288,0.15609298252120107,14,LOW
user_2257,5,5,1,2,1,238.28066033788417,10.141698458850994,0.1126170095794294,1,3,1,2,1,1,1,1.7000000000000002,0,-1,-0.0341845052051249,1,1.0,0.7516822097583526,90,HIGH
user_2258,6,4,0,0,1,310.2559671672216,339.67899300081444,11.804707197598589,0,2,1,0,0,1,3,1.1,0,1,0.0342845539061483,0,0.6068219504766365,0.5866488113974004,60,MEDIUM
user_2259,14,3,0,1,1,10.636644806957731,1298.9167879546171,14.637121796803909,1,1,1,1,0,3,4,1.35,0,-1,-0.0937579539195447,1,0.9991397849462365,0.895274203295823,96,HIGH
user_2260,15,2,0,0,0,207.72268949855416,582.895565759184,8.390711688970963,0,1,1,0,0,1,3,0.8500000000000001,1,1,0.1140437691094343,0,0.11962363995082598,0.3944023499087308,23,LOW
user_2261,15,1,0,0,1,111.13780564398884,0.1459429114692854,13.12209159334249,0,1,1,0,0,2,1,0.75,0,1,0.0934671910539906,0,0.40261253039389167,0.44399880482146026,42,MEDIUM
user_2262,17,2,0,0,1,322.4990181727094,17.271173307147738,10.56328010598051,0,1,1,0,0,1,1,0.65,0,1,0.2776734227293848,0,0.2018966446523599,0.0,12,LOW
user_2263,10,3,1,0,1,255.0326776994018,14.104109488545427,6.079947603672634,0,1,1,0,1,1,1,0.7999999999999999,0,1,0.2129135634933541,0,0.13356667006213288,0.15609298252120107,14,LOW
user_2264,13,2,0,0,1,212.1940251611522,0.01,4.824170424453124,0,1,1,0,0,1,1,0.65,0,1,0.2776734227293848,0,0.2018966446523599,0.0,12,LOW
user_2265,17,3,0,0,1,160.66371128452943,12.057519671063485,28.35860647963052,0,1,1,0,0,1,1,0.65,0,1,0.2776734227293848,0,0.2018966446523599,0.0,12,LOW
user_2266,8,4,0,0,1,166.17143650936495,93.84882030258753,35.7333866625618,0,2,1,0,0,1,2,1.0,0,1,0.1157188029811144,0,0.21090605726134576,0.39036495643785196,28,LOW
user_2267,14,0,0,0,1,264.8560139874835,27.73196289574495,10.534613201314434,0,1,1,0,0,1,1,0.65,0,1,0.2776734227293848,0,0.2018966446523599,0.0,12,LOW
user_2268,12,2,0,0,1,173.5544972639574,26.96423733937704,2.1977278859645595,0,1,1,0,0,1,1,0.65,0,1,0.2776734227293848,0,0.2018966446523599,0.0,12,LOW
user_2269,13,2,0,0,1,246.24032538891416,62.93816705063035,5.940245726452677,0,1,1,0,0,1,2,0.75,0,1,0.2193048404666994,0,0.33007420523328185,0.14068786125229182,25,LOW
user_2270,15,3,0,1,1,362.5766916681018,133.50367326628597,6.862460285482718,0,1,1,1,0,1,2,0.95,0,1,0.1509357020843734,0,0.04950631867309361,0.30548041714105467,15,LOW
user_2271,12,1,0,0,1,219.1447426233108,5.510577915802852,14.186938103193151,0,1,1,0,0,1,1,0.65,0,1,0.2776734227293848,0,0.2018966446523599,0.0,12,LOW
user_2272,11,3,0,1,1,182.31333336153727,406.10743233234143,11.01949244082967,0,1,1,1,0,1,3,1.05,0,1,0.0596166766321488,0,0.07429146882479426,0.5255898987230732,25,LOW
user_2273,14,4,0,0,1,262.92043232716577,4.427962763300851,7.232238414886202,0,1,1,0,0,1,1,0.65,0,1,0.2776734227293848,0,0.2018966446523599,0.0,12,LOW
user_2274,10,2,0,1,0,166.45249555309636,15.268149657279956,11.4057417570392,0,1,1,1,0,1,1,0.85,1,1,0.2332993702223167,0,0.5768895551079612,0.10695635049384,39,MEDIUM
user_2275,10,5,1,0,1,343.1990718197642,2.639163542339707,0.2435093886960398,0,1,1,0,1,1,1,0.7999999999999999,0,1,0.2129135634933541,0,0.13356667006213288,0.15609298252120107,14,LOW
user_2276,10,6,0,0,1,324.2171801117001,97.95709756713084,14.989495153418371,0,1,1,0,0,1,2,0.75,0,1,0.2193048404666994,0,0.33007420523328185,0.14068786125229182,25,LOW
user_2277,3,0,0,0,1,230.14970286278137,19.20202632501092,2.377905898856008,0,3,1,0,0,1,1,1.15,0,1,0.0815285198183811,0,0.0013513513513513514,0.47277500697029895,19,LOW
user_2278,16,1,0,0,1,186.1624091145468,81.81321375833483,10.6830368864708,0,1,1,0,0,1,2,0.75,0,1,0.2193048404666994,0,0.33007420523328185,0.14068786125229182,25,LOW
user_2279,15,6,0,0,1,214.4538076334784,28.32704636444304,1.2100813937113375,0,1,1,0,0,1,1,0.65,0,1,0.2776734227293848,0,0.2018966446523599,0.0,12,LOW
user_2280,8,6,0,0,1,222.2600632748743,24.15227656054711,1.215585945325456,0,2,1,0,0,1,1,0.8999999999999999,0,1,0.190136950224284,0,0.20789731048021395,0.21099226023493423,21,LOW
user_2281,11,0,0,1,1,263.0140279024239,8.704532312294813,0.3630890617108331,0,1,1,1,0,1,1,0.85,0,1,0.2332993702223167,0,0.24213381063915532,0.10695635049384,19,LOW
user_2282,17,0,0,0,1,302.377939758067,45.34386351263278,24.105357396303507,0,1,1,0,0,1,1,0.65,0,1,0.2776734227293848,0,0.2018966446523599,0.0,12,LOW
user_2283,11,0,0,0,1,177.8092421544846,20.0565460985713,9.277530684038345,0,1,1,0,0,1,1,0.65,0,1,0.2776734227293848,0,0.2018966446523599,0.0,12,LOW
user_2284,12,6,0,0,1,300.65457392056464,16.82631946530437,4.493573363341591,0,1,1,0,0,1,1,0.65,0,1,0.2776734227293848,0,0.2018966446523599,0.0,12,LOW
user_2285,15,0,0,0,1,277.0611367686779,108.69315058658336,15.501211620702502,0,1,1,0,0,1,2,0.75,0,1,0.2193048404666994,0,0.33007420523328185,0.14068786125229182,25,LOW
user_2286,16,2,0,0,1,209.53263055160363,8.334701673870203,9.837192934909613,1,1,1,0,0,1,1,0.65,0,1,0.2776734227293848,0,0.2018966446523599,0.0,12,LOW
user_2287,13,4,0,0,1,174.79728625937938,18.771012518605325,9.677959379579832,0,1,1,0,0,1,1,0.65,0,1,0.2776734227293848,0,0.2018966446523599,0.0,12,LOW
user_2288,12,0,0,2,1,246.97396303755409,28.66812762261573,6.675628571019229,0,1,1,2,0,1,1,1.05,0,1,0.1541262400811022,0,0.4301355521591885,0.2977901503981718,38,MEDIUM
user_2289,7,3,0,0,1,176.42469097787497,0.01,0.0795836259482053,0,2,1,0,0,1,1,0.8999999999999999,0,1,0.190136950224284,0,0.20789731048021395,0.21099226023493423,21,LOW
user_2290,19,1,0,0,1,301.4208509497564,10.93317335201471,2.990295541847704,0,2,1,0,0,1,1,0.8999999999999999,0,1,0.190136950224284,0,0.20789731048021395,0.21099226023493423,21,LOW
user_2291,16,4,0,0,1,172.56703367206774,40.44793353451415,1.154969322084014,0,1,1,0,0,1,1,0.65,0,1,0.2776734227293848,0,0.2018966446523599,0.0,12,LOW
user_2292,14,1,1,2,1,272.8623715897886,6.754510907213509,10.859227001955896,0,1,1,2,1,1,1,1.2000000000000002,0,1,0.0547880072036045,0,0.4121174521254879,0.5372286116789389,46,MEDIUM
user_2293,11,3,2,0,1,235.16301811109508,16.995428782361426,2.8584485688232144,0,1,1,0,2,1,1,0.95,0,1,0.1483955927109178,0,0.007188301157192252,0.31160293273497597,13,LOW
user_2294,11,3,0,1,1,206.36250693748792,24.898951696974976,5.981400722247879,0,1,1,1,0,1,1,0.85,0,1,0.2332993702223167,0,0.24213381063915532,0.10695635049384,19,LOW
user_2295,15,1,2,0,0,233.83010962084256,27.80477812786905,11841.70347789232,1,1,4,0,2,1,1,1.5500000000000005,1,-1,-0.0398435368800551,1,0.9980601933947105,0.7653223742482461,90,HIGH
user_2296,15,0,0,0,1,5.534784600519,1650.074785719148,1.545492868400704,1,1,1,0,0,3,4,1.15,0,-1,-0.0665595353490385,1,1.0,0.8297168916429857,93,HIGH
user_2297,18,2,0,0,1,168.4645554603726,50.24365543894586,31.789398118989777,0,1,1,0,0,1,2,0.75,0,1,0.2193048404666994,0,0.33007420523328185,0.14068786125229182,25,LOW
user_2298,15,1,0,0,1,215.270606688491,12.474873866303891,27.093407078562024,0,1,1,0,0,1,1,0.65,0,1,0.2776734227293848,0,0.2018966446523599,0.0,12,LOW
user_2299,9,4,0,0,1,194.8953861187688,30.658180824416142,0.8840309338138812,0,1,1,0,0,1,1,0.65,0,1,0.2776734227293848,0,0.2018966446523599,0.0,12,LOW
user_2300,17,4,0,0,1,237.6829719870771,32.93550454213754,17.56577787730677,0,1,1,0,0,1,1,0.65,0,1,0.2776734227293848,0,0.2018966446523599,0.0,12,LOW
user_2301,11,2,0,0,1,198.9191464492408,8.926665877670805,6.701607694675303,0,1,1,0,0,1,1,0.65,0,1,0.2776734227293848,0,0.2018966446523599,0.0,12,LOW
user_2302,12,3,0,1,1,133.91512545680314,372.9714074464492,14.860523097552663,0,1,1,1,0,1,3,1.05,0,1,0.0596166766321488,0,0.07429146882479426,0.5255898987230732,25,LOW
user_2303,14,3,0,1,1,176.69174718405827,50.10263318577734,1.638811874367148,0,1,1,1,0,1,2,0.95,0,1,0.1509357020843734,0,0.04950631867309361,0.30548041714105467,15,LOW
user_2304,19,4,0,1,1,338.2653011122867,8.557375408171655,1.4187944113827,1,2,1,1,0,1,1,1.1,0,1,0.1083396961540713,0,0.5687783155237143,0.4081510789922207,50,MEDIUM
user_2305,23,2,0,1,1,254.8036926771764,28.10353579662878,22.141851054431825,0,3,1,1,0,1,1,1.35,0,1,0.0315454029659408,0,0.6610978799349574,0.593251083929748,63,MEDIUM
user_2306,15,1,0,0,0,252.74172322848463,31.628537195677293,22.81014341917657,0,1,1,0,0,1,1,0.65,1,1,0.2776734227293848,0,0.15500519134380158,0.0,9,LOW
user_2307,13,1,0,0,1,223.0432565994817,14.118129554238168,6.271949643233599,0,1,1,0,0,1,1,0.65,0,1,0.2776734227293848,0,0.2018966446523599,0.0,12,LOW
user_2308,15,2,0,1,1,236.90247455344985,49.83036422888463,20.414353936191205,0,1,1,1,0,1,1,0.85,0,1,0.2332993702223167,0,0.24213381063915532,0.10695635049384,19,LOW
user_2309,16,2,0,0,1,214.2112846301172,29.298077633905145,11.00991972381641,0,1,1,0,0,1,1,0.65,0,1,0.2776734227293848,0,0.2018966446523599,0.0,12,LOW
user_2310,6,2,0,0,1,271.6157118624639,3.621443642438436,2.04579119936642,0,2,1,0,0,1,1,0.8999999999999999,0,1,0.190136950224284,0,0.20789731048021395,0.21099226023493423,21,LOW
user_2311,19,0,0,0,1,246.0485312555624,6.238483511912811,3.9891798439605295,0,2,1,0,0,1,1,0.8999999999999999,0,1,0.190136950224284,0,0.20789731048021395,0.21099226023493423,21,LOW
user_2312,14,3,0,0,1,169.72390739048308,13.09955784009258,1.4625270999002813,0,1,1,0,0,1,1,0.65,0,1,0.2776734227293848,0,0.2018966446523599,0.0,12,LOW
user_2313,15,1,0,0,1,255.22347018625155,14.225606628980394,14.86993176875462,0,1,1,0,0,1,1,0.65,0,1,0.2776734227293848,0,0.2018966446523599,0.0,12,LOW
user_2314,15,1,0,0,1,92.47548460370696,33.074642703288234,42.16561329318554,0,1,1,0,0,2,1,0.75,0,1,0.0934671910539906,0,0.40261253039389167,0.44399880482146026,42,MEDIUM
user_2315,15,2,0,0,1,264.83155198066714,24.08420112779305,7.904917467709396,0,1,1,0,0,1,1,0.65,0,1,0.2776734227293848,0,0.2018966446523599,0.0,12,LOW
user_2316,16,1,0,2,1,155.43858858980872,2.2443048122973144,10.66719554248634,0,1,1,2,0,1,1,1.05,0,1,0.1541262400811022,0,0.4301355521591885,0.2977901503981718,38,MEDIUM
user_2317,12,3,0,0,1,234.23669482979545,9.193323322114107,13.707855198595432,0,1,1,0,0,1,1,0.65,0,1,0.2776734227293848,0,0.2018966446523599,0.0,12,LOW
user_2318,12,2,0,0,1,168.32234380822865,16.016121894925014,2.539367094388792,0,1,1,0,0,1,1,0.65,0,1,0.2776734227293848,0,0.2018966446523599,0.0,12,LOW
user_2319,10,2,2,0,1,240.16939197198585,33.364658674925806,4.094750084734838,0,1,1,0,2,1,1,0.95,0,1,0.1483955927109178,0,0.007188301157192252,0.31160293273497597,13,LOW
user_2320,15,2,0,1,1,274.6967111565733,34.02240409194122,5.315747581098731,0,1,1,1,0,1,1,0.85,0,1,0.2332993702223167,0,0.24213381063915532,0.10695635049384,19,LOW
user_2321,16,1,0,0,1,330.1696251149748,16.860260800888792,9.028522149542518,0,1,1,0,0,1,1,0.65,0,1,0.2776734227293848,0,0.2018966446523599,0.0,12,LOW
user_2322,15,0,0,0,1,147.5185406993113,3.108837600721038,19.00409242893848,0,1,1,0,0,1,1,0.65,0,1,0.2776734227293848,0,0.2018966446523599,0.0,12,LOW
user_2323,19,4,0,2,1,298.5283773402681,8.664699838142754,2.933025639839028,0,2,1,2,0,1,1,1.3000000000000005,0,1,0.0461621116072437,0,0.06294630480760484,0.5580199133654522,26,LOW
user_2324,13,2,0,0,1,247.8691623226483,7.348955902271646,6.365566626504158,0,1,1,0,0,1,1,0.65,0,1,0.2776734227293848,0,0.2018966446523599,0.0,12,LOW
user_2325,16,2,0,1,0,212.95997083052256,37.97010378631499,13.924489063579074,0,1,1,1,0,1,1,0.85,1,1,0.2332993702223167,0,0.5768895551079612,0.10695635049384,39,MEDIUM
user_2326,10,0,0,0,1,285.59139030356755,4.960856215652772,0.914411735262064,0,1,1,0,0,1,1,0.65,0,1,0.2776734227293848,0,0.2018966446523599,0.0,12,LOW
user_2327,12,2,0,0,1,225.8445089348876,15.633532376664466,7.192724084223704,0,1,1,0,0,1,1,0.65,0,1,0.2776734227293848,0,0.2018966446523599,0.0,12,LOW
user_2328,16,3,0,0,1,283.05183098404075,27.77107981752846,1.559285799488055,0,1,1,0,0,1,1,0.65,0,1,0.2776734227293848,0,0.2018966446523599,0.0,12,LOW
user_2329,16,3,1,0,1,180.4638172123203,83.65789729078293,7.7468027455021025,0,1,1,0,1,1,2,0.8999999999999999,0,1,0.1194195039721256,0,0.26547768987979625,0.3814450257597952,31,MEDIUM
user_2330,13,3,0,0,1,202.02017806222244,179.57389673682954,14.602542391373568,0,1,1,0,0,1,2,0.75,0,1,0.2193048404666994,0,0.33007420523328185,0.14068786125229182,25,LOW
user_2331,14,0,0,2,1,296.616003167676,16.020833594963264,2.704283261474508,0,1,1,2,0,1,1,1.05,0,1,0.1541262400811022,0,0.4301355521591885,0.2977901503981718,38,MEDIUM
user_2332,9,1,1,2,0,329.1240314142253,31.667698946367057,18.936489856773896,0,1,1,2,1,1,1,1.2000000000000002,1,1,0.0547880072036045,0,0.15916313994271428,0.5372286116789389,31,MEDIUM
user_2333,12,4,1,2,1,237.89808605082905,34.303952071929565,4.076737103982526,0,1,1,2,1,1,1,1.2000000000000002,0,1,0.0547880072036045,0,0.4121174521254879,0.5372286116789389,46,MEDIUM
user_2334,4,5,0,0,1,72.76266447865319,0.01,2.1169046842326646,0,3,1,0,0,2,1,1.25,0,-1,-0.0064797881027963,1,0.01,0.6849045488210888,28,LOW
user_2335,15,0,0,2,1,228.0570430434927,49.62235978567513,6.260931916238169,0,1,1,2,0,1,1,1.05,0,1,0.1541262400811022,0,0.4301355521591885,0.2977901503981718,38,MEDIUM
user_2336,15,2,0,0,1,241.9455670693458,75.8023675705324,20.880793976152003,0,1,1,0,0,1,2,0.75,0,1,0.2193048404666994,0,0.33007420523328185,0.14068786125229182,25,LOW
user_2337,14,1,0,1,1,226.03359739840968,14.751507695173403,0.7142410436934034,0,1,1,1,0,1,1,0.85,0,1,0.2332993702223167,0,0.24213381063915532,0.10695635049384,19,LOW
user_2338,21,0,2,0,1,260.18031369993184,416.6435858522446,3.968594426202734,0,2,1,0,2,1,3,1.4,0,-1,-0.0392115512230489,1,0.20680620441649855,0.7637990768341308,43,MEDIUM
user_2339,12,1,0,0,1,211.3854043441607,507.5127195583344,10.589008372036302,0,1,1,0,0,1,3,0.8500000000000001,0,1,0.1140437691094343,0,0.29646344472155617,0.3944023499087308,34,MEDIUM
user_2340,16,0,0,2,1,290.33225164068165,589.1993291020874,4.425143358085738,0,1,1,2,0,1,3,1.25,0,1,6.435378355384991e-05,0,0.14420627252247073,0.6691309718378642,35,MEDIUM
user_2341,15,3,1,1,1,169.99720363613747,37.34090944167142,0.7345710142039537,0,1,1,1,1,1,1,1.0,0,1,0.1244119810262747,0,0.2600647053805528,0.3694114814818421,30,LOW
user_2342,15,2,0,0,1,314.21092244124844,51.11043108725622,4.034655617048771,0,1,1,0,0,1,2,0.75,0,1,0.2193048404666994,0,0.33007420523328185,0.14068786125229182,25,LOW
user_2343,6,0,0,0,0,333.0047294376656,89.59554906970051,17.201426057857173,0,2,1,0,0,1,2,1.0,1,1,0.1157188029811144,0,0.06680030605137996,0.39036495643785196,20,LOW
user_2344,7,0,1,0,1,185.2164157163816,11.289269125685149,34.43192642472266,0,2,1,0,1,1,1,1.05,0,1,0.1004614283124124,0,0.02209191694512681,0.4271403470204811,18,LOW
user_2345,17,4,0,0,1,185.18401046381624,102.38755285150968,0.4059201825611348,0,1,1,0,0,1,2,0.75,0,1,0.2193048404666994,0,0.33007420523328185,0.14068786125229182,25,LOW
user_2346,19,0,0,0,1,264.6417188266517,28.324531715609588,8.423059153851916,0,2,1,0,0,1,1,0.8999999999999999,0,1,0.190136950224284,0,0.20789731048021395,0.21099226023493423,21,LOW
user_2347,11,3,0,0,1,168.76677541542665,6.275874245013393,1.1127064950630496,0,1,1,0,0,1,1,0.65,0,1,0.2776734227293848,0,0.2018966446523599,0.0,12,LOW
user_2348,21,1,0,0,1,210.4438277338608,21.526751015939304,11.406742051865518,0,2,1,0,0,1,1,0.8999999999999999,0,1,0.190136950224284,0,0.20789731048021395,0.21099226023493423,21,LOW
user_2349,12,3,0,0,1,306.1516173873609,4.950827346031794,0.0792353446145704,0,1,1,0,0,1,1,0.65,0,1,0.2776734227293848,0,0.2018966446523599,0.0,12,LOW
user_2350,17,1,0,0,1,284.2564058686178,12.746027703436392,0.1485136328049506,0,1,1,0,0,1,1,0.65,0,1,0.2776734227293848,0,0.2018966446523599,0.0,12,LOW
user_2351,15,0,2,0,1,358.8117805013754,8.646442344947822,15.000447577435844,0,1,1,0,2,1,1,0.95,0,1,0.1483955927109178,0,0.007188301157192252,0.31160293273497597,13,LOW
user_2352,16,1,0,0,1,250.24704885601247,4.619427933120506,0.7735126577694247,0,1,1,0,0,1,1,0.65,0,1,0.2776734227293848,0,0.2018966446523599,0.0,12,LOW
user_2353,9,1,0,0,1,203.34971986330888,21.670094019103924,3.641048694406551,0,1,1,0,0,1,1,0.65,0,1,0.2776734227293848,0,0.2018966446523599,0.0,12,LOW
user_2354,17,2,0,0,1,243.0746106991812,11.690621150069234,31.71048602841418,0,1,1,0,0,1,1,0.65,0,1,0.2776734227293848,0,0.2018966446523599,0.0,12,LOW
user_2355,14,3,0,0,1,230.964699635482,361.3861162034101,42.163167879996514,0,1,1,0,0,1,3,0.8500000000000001,0,1,0.1140437691094343,0,0.29646344472155617,0.3944023499087308,34,MEDIUM
user_2356,12,1,0,0,1,231.80657344781187,5.449640807754385,1.7602485694634549,0,1,1,0,0,1,1,0.65,0,1,0.2776734227293848,0,0.2018966446523599,0.0,12,LOW
user_2357,14,0,0,0,1,238.571777514256,36.51109864121251,8.230324772743016,0,1,1,0,0,1,1,0.65,0,1,0.2776734227293848,0,0.2018966446523599,0.0,12,LOW
user_2358,8,2,0,0,1,184.09399746922583,9.447905322442358,8.190479400641774,0,2,1,0,0,1,1,0.8999999999999999,0,1,0.190136950224284,0,0.20789731048021395,0.21099226023493423,21,LOW
user_2359,15,3,0,0,1,256.93306529823855,10.491060030449928,6.021749241964964,0,1,1,0,0,1,1,0.65,0,1,0.2776734227293848,0,0.2018966446523599,0.0,12,LOW
user_2360,10,6,1,1,1,155.48020393448454,7.263953846963771,25.862772459579887,0,1,1,1,1,1,1,1.0,0,1,0.1244119810262747,0,0.2600647053805528,0.3694114814818421,30,LOW
user_2361,9,3,0,0,1,196.9904035255132,14.246862001185736,14.025615945189829,0,1,1,0,0,1,1,0.65,0,1,0.2776734227293848,0,0.2018966446523599,0.0,12,LOW
user_2362,9,2,0,0,1,232.8672742116109,15.570788878583846,14.461587486359267,0,1,1,0,0,1,1,0.65,0,1,0.2776734227293848,0,0.2018966446523599,0.0,12,LOW
user_2363,17,3,0,0,1,104.4268012406645,18.85785366546637,3.141210992208009,0,1,1,0,0,2,1,0.75,0,1,0.0934671910539906,0,0.40261253039389167,0.44399880482146026,42,MEDIUM
user_2364,12,5,1,0,1,286.1394921806951,85.71545959673395,5.69726328987956,0,1,1,0,1,1,2,0.8999999999999999,0,1,0.1194195039721256,0,0.26547768987979625,0.3814450257597952,31,MEDIUM
user_2365,18,4,0,1,1,116.81072940914969,58.7659878092489,6.683056980277473,0,1,1,1,0,2,2,1.05,0,1,0.0498098899284932,0,0.08710307093034551,0.5492275440728516,27,LOW
user_2366,12,1,0,0,1,280.1752614538907,23.50130987092395,3.551219236484333,0,1,1,0,0,1,1,0.65,0,1,0.2776734227293848,0,0.2018966446523599,0.0,12,LOW
user_2367,21,1,0,0,1,162.43144260431026,29.388370472084016,0.9961900213899788,0,2,1,0,0,1,1,0.8999999999999999,0,1,0.190136950224284,0,0.20789731048021395,0.21099226023493423,21,LOW
user_2368,10,1,0,0,1,215.70487855779004,23.685528655221493,1.3508600036943563,0,1,1,0,0,1,1,0.65,0,1,0.2776734227293848,0,0.2018966446523599,0.0,12,LOW
user_2369,17,2,0,0,1,271.14783881696576,2.348664434334368,1.992697228372068,0,1,1,0,0,1,1,0.65,0,1,0.2776734227293848,0,0.2018966446523599,0.0,12,LOW
user_2370,13,4,0,0,1,371.8883711687689,30.976552261349923,2.277206783527577,0,1,1,0,0,1,1,0.65,0,1,0.2776734227293848,0,0.2018966446523599,0.0,12,LOW
user_2371,12,2,0,1,1,246.98711866244096,12.360590484842712,2.774173477391315,0,1,1,1,0,1,1,0.85,0,1,0.2332993702223167,0,0.24213381063915532,0.10695635049384,19,LOW
user_2372,14,0,2,2,1,121.04242030802952,45.45717969355441,2.949887398687478,1,1,1,2,2,1,1,1.3500000000000003,0,-1,-0.0012227218875239,1,0.6588122986256364,0.6722332559162896,66,MEDIUM
user_2373,15,4,0,0,1,297.22170795814645,71.41197684682683,6.082847442841667,0,1,1,0,0,1,2,0.75,0,1,0.2193048404666994,0,0.33007420523328185,0.14068786125229182,25,LOW
user_2374,17,4,0,1,1,226.0848957084589,13.493934387352551,7.124792278813755,0,1,1,1,0,1,1,0.85,0,1,0.2332993702223167,0,0.24213381063915532,0.10695635049384,19,LOW
user_2375,18,1,0,0,1,244.1943992675294,15.43037483660124,3.694406631490242,0,1,1,0,0,1,1,0.65,0,1,0.2776734227293848,0,0.2018966446523599,0.0,12,LOW
user_2376,19,3,0,2,1,273.47178179325687,88.45061557207828,23.783481870991928,0,2,1,2,0,1,2,1.4,0,-1,-0.0018313935794551,1,0.03428437565230018,0.6737003588546002,29,LOW
user_2377,10,2,0,1,1,106.47732258565716,5.489146530229353,8.055093134085665,0,1,1,1,0,2,1,0.95,0,1,0.0868800058507494,0,0.049146048626075106,0.4598761306359884,21,LOW
user_2378,12,4,0,0,1,240.3922108641117,65.54664318231919,15.487047225509524,0,1,1,0,0,1,2,0.75,0,1,0.2193048404666994,0,0.33007420523328185,0.14068786125229182,25,LOW
user_2379,14,4,0,0,1,215.41836660283823,14.184896140679616,25.80156219384293,0,1,1,0,0,1,1,0.65,0,1,0.2776734227293848,0,0.2018966446523599,0.0,12,LOW
user_2380,11,2,0,0,1,313.3100943603312,4.562649422437634,1.780926487346732,0,1,1,0,0,1,1,0.65,0,1,0.2776734227293848,0,0.2018966446523599,0.0,12,LOW
user_2381,11,3,0,0,1,283.6268258003246,35.964106823853534,5.583968776108959,0,1,1,0,0,1,1,0.65,0,1,0.2776734227293848,0,0.2018966446523599,0.0,12,LOW
user_2382,15,4,0,0,1,142.37988463310717,596.2831714371924,5.677671229829269,0,1,1,0,0,1,3,0.8500000000000001,0,1,0.1140437691094343,0,0.29646344472155617,0.3944023499087308,34,MEDIUM
user_2383,0,2,0,1,1,315.7575511409429,114.11664270390992,4.376870803682571,0,3,1,1,0,1,2,1.45,0,-1,-0.0026340983693405,1,0.05069452606217311,0.6756351466415933,30,LOW
user_2384,14,1,0,1,1,266.97150528961265,497.0030715405716,0.0894576081980497,0,1,1,1,0,1,3,1.05,0,1,0.0596166766321488,0,0.07429146882479426,0.5255898987230732,25,LOW
user_2385,11,4,0,0,1,147.1655041528069,27.830099940124448,16.92667944698949,0,1,1,0,0,1,1,0.65,0,1,0.2776734227293848,0,0.2018966446523599,0.0,12,LOW
user_2386,13,1,0,2,1,243.3451862095664,21.07384261985898,1.1828739957462422,0,1,1,2,0,1,1,1.05,0,1,0.1541262400811022,0,0.4301355521591885,0.2977901503981718,38,MEDIUM
user_2387,11,2,0,1,1,302.0895668313513,26.71497922756627,53.99375577463222,0,1,2,1,0,1,1,1.05,0,1,0.0574023346576487,0,0.03386407145826229,0.5309272056165586,23,LOW
user_2388,16,4,1,0,1,167.15736764559637,3.0689978409930427,14.82622423199854,0,1,1,0,1,1,1,0.7999999999999999,0,1,0.2129135634933541,0,0.13356667006213288,0.15609298252120107,14,LOW
user_2389,17,4,2,0,1,322.654640150725,16.157450467413703,8.675244194332555,0,1,1,0,2,1,1,0.95,0,1,0.1483955927109178,0,0.007188301157192252,0.31160293273497597,13,LOW
user_2390,8,2,2,0,1,149.24227355234845,11.04098876592412,1.6795298224518596,0,2,1,0,2,1,1,1.2000000000000002,0,1,0.0458866002061858,0,0.0031251686909581646,0.5586839882540799,23,LOW
user_2391,11,1,0,0,1,192.5263694011809,90.64162295156264,7.244169667701982,0,1,1,0,0,1,2,0.75,0,1,0.2193048404666994,0,0.33007420523328185,0.14068786125229182,25,LOW
user_2392,9,1,0,0,1,183.4277498766185,1.272437849012552,3.0260451481198976,0,1,1,0,0,1,1,0.65,0,1,0.2776734227293848,0,0.2018966446523599,0.0,12,LOW
user_2393,12,1,0,0,1,322.6160238953197,493.77571749110814,2.907835765377938,1,1,1,0,0,1,3,0.8500000000000001,0,1,0.1140437691094343,0,0.29646344472155617,0.3944023499087308,34,MEDIUM
user_2394,20,0,0,1,1,210.5390318070482,160.93154732379088,17.69191547605471,0,2,1,1,0,1,2,1.2,0,1,0.0656383015143167,0,0.07883070542961215,0.5110757629826652,25,LOW
user_2395,20,4,0,1,1,170.23097984034013,142.30397246780458,4.790757349699562,0,2,1,1,0,1,2,1.2,0,1,0.0656383015143167,0,0.07883070542961215,0.5110757629826652,25,LOW
user_2396,11,1,2,0,1,266.7126527348437,43.5601805374488,5.991538736173009,0,1,1,0,2,1,1,0.95,0,1,0.1483955927109178,0,0.007188301157192252,0.31160293273497597,13,LOW
user_2397,3,2,0,1,1,279.6708594355631,0.01,18.512848987260263,0,3,1,1,0,1,1,1.35,0,1,0.0315454029659408,0,0.6610978799349574,0.593251083929748,63,MEDIUM
user_2398,14,2,0,0,1,280.05216568764786,20.60162284245515,0.9188573819391423,0,1,1,0,0,1,1,0.65,0,1,0.2776734227293848,0,0.2018966446523599,0.0,12,LOW
user_2399,14,6,0,1,1,223.71965008643943,12.77576581407425,9.029250841457127,1,1,1,1,0,1,1,0.85,0,1,0.2332993702223167,0,0.24213381063915532,0.10695635049384,19,LOW
user_2400,11,2,1,0,1,255.27205806221687,41.05581670905419,8.632611888998628,0,1,1,0,1,1,1,0.7999999999999999,0,1,0.2129135634933541,0,0.13356667006213288,0.15609298252120107,14,LOW
user_2401,14,0,0,0,1,200.9860148262429,1.414899948112308,5.537584717698203,0,1,1,0,0,1,1,0.65,0,1,0.2776734227293848,0,0.2018966446523599,0.0,12,LOW
user_2402,12,0,0,1,1,340.48810067614386,5.489022904455825,17.70632081133275,0,1,1,1,0,1,1,0.85,0,1,0.2332993702223167,0,0.24213381063915532,0.10695635049384,19,LOW
user_2403,13,3,2,0,0,308.6523095194759,16.79418739870936,9508.896150948667,1,1,4,0,2,1,1,1.5500000000000005,1,-1,-0.0398435368800551,1,0.9980601933947105,0.7653223742482461,90,HIGH
user_2404,19,3,0,0,1,304.9774097424405,4.288922492765995,6.2611650849982805,0,2,1,0,0,1,1,0.8999999999999999,0,1,0.190136950224284,0,0.20789731048021395,0.21099226023493423,21,LOW
user_2405,18,2,0,0,1,287.64695607441274,29.49950219109857,6.090763830029932,0,1,1,0,0,1,1,0.65,0,1,0.2776734227293848,0,0.2018966446523599,0.0,12,LOW
user_2406,10,2,0,0,1,271.18399835970007,42.97674693555142,6.972831813728952,0,1,1,0,0,1,1,0.65,0,1,0.2776734227293848,0,0.2018966446523599,0.0,12,LOW
user_2407,16,0,0,2,1,165.33825095101272,30.47884415807913,12.841856378116589,0,1,1,2,0,1,1,1.05,0,1,0.1541262400811022,0,0.4301355521591885,0.2977901503981718,38,MEDIUM
user_2408,16,2,0,0,1,277.9980741753389,14.5081313783503,11.028019250475014,0,1,1,0,0,1,1,0.65,0,1,0.2776734227293848,0,0.2018966446523599,0.0,12,LOW
user_2409,10,2,0,1,1,246.8559138037992,52.67292214375644,2.521025305893903,0,1,1,1,0,1,2,0.95,0,1,0.1509357020843734,0,0.04950631867309361,0.30548041714105467,15,LOW
user_2410,16,0,2,0,1,315.80184509705515,3.70339895646337,0.6602800170250395,0,1,1,0,2,1,1,0.95,0,1,0.1483955927109178,0,0.007188301157192252,0.31160293273497597,13,LOW
user_2411,18,0,0,0,1,288.4451509429457,7.539068582485418,29.80925040071705,0,1,1,0,0,1,1,0.65,0,1,0.2776734227293848,0,0.2018966446523599,0.0,12,LOW
user_2412,10,0,0,0,1,273.0228282091813,16.81105956014107,3.025517599642233,0,1,1,0,0,1,1,0.65,0,1,0.2776734227293848,0,0.2018966446523599,0.0,12,LOW
user_2413,11,0,0,0,1,138.94651214819064,412.29933095717104,10.177607273480769,0,1,1,0,0,1,3,0.8500000000000001,0,1,0.1140437691094343,0,0.29646344472155617,0.3944023499087308,34,MEDIUM
user_2414,17,3,0,0,1,234.65996780349167,2.5144598055394,17.628105776649335,0,1,1,0,0,1,1,0.65,0,1,0.2776734227293848,0,0.2018966446523599,0.0,12,LOW
user_2415,14,1,0,0,1,206.52646440578064,12.664340729786636,3.570703800378338,0,1,1,0,0,1,1,0.65,0,1,0.2776734227293848,0,0.2018966446523599,0.0,12,LOW
user_2416,20,1,0,0,1,255.14195545098443,182.60948791272816,10.090460656353104,0,2,1,0,0,1,2,1.0,0,1,0.1157188029811144,0,0.21090605726134576,0.39036495643785196,28,LOW
user_2417,15,0,0,0,1,215.06710371344136,59.76183771000921,1.1417731537879598,0,1,1,0,0,1,2,0.75,0,1,0.2193048404666994,0,0.33007420523328185,0.14068786125229182,25,LOW
user_2418,15,6,0,0,1,223.44325343440164,15.682808981365609,35.042753169119024,0,1,1,0,0,1,1,0.65,0,1,0.2776734227293848,0,0.2018966446523599,0.0,12,LOW
user_2419,10,4,0,0,1,267.54203429440224,3.8333995095211626,0.5991803874634742,0,1,1,0,0,1,1,0.65,0,1,0.2776734227293848,0,0.2018966446523599,0.0,12,LOW
user_2420,17,1,0,0,1,214.07171318587345,4.903646520558026,5.765642849453431,0,1,1,0,0,1,1,0.65,0,1,0.2776734227293848,0,0.2018966446523599,0.0,12,LOW
user_2421,17,1,0,0,0,247.2954923744408,11.85214091720023,7.696378951665881,0,1,1,0,0,1,1,0.65,1,1,0.2776734227293848,0,0.15500519134380158,0.0,9,LOW
user_2422,13,1,0,0,1,148.8352865475416,5.89540639407486,15.629445680482103,0,1,1,0,0,1,1,0.65,0,1,0.2776734227293848,0,0.2018966446523599,0.0,12,LOW
user_2423,13,2,0,0,1,190.05591139439647,2.1655298114118464,1.2911660025994838,1,1,1,0,0,1,1,0.65,0,1,0.2776734227293848,0,0.2018966446523599,0.0,12,LOW
user_2424,9,0,0,0,1,279.36261403217765,28.004389114199984,5.812623475618718,0,1,1,0,0,1,1,0.65,0,1,0.2776734227293848,0,0.2018966446523599,0.0,12,LOW
user_2425,15,3,0,0,1,9.521331583398974,702.5798400634874,3.562629852959937,1,1,1,0,0,3,3,1.05,0,-1,-0.0182440342796388,1,1.0,0.7132603280726179,89,HIGH
user_2426,15,2,0,0,1,314.7435046561798,8.607959964307634,3.739820163057557,0,1,1,0,0,1,1,0.65,0,1,0.2776734227293848,0,0.2018966446523599,0.0,12,LOW
user_2427,13,4,2,0,1,298.46396131807927,37.73397604060639,15.086333818262968,0,1,1,0,2,1,1,0.95,0,1,0.1483955927109178,0,0.007188301157192252,0.31160293273497597,13,LOW
user_2428,9,0,0,1,1,223.9062038796128,4.6885640390865575,0.0547591050075579,0,1,1,1,0,1,1,0.85,0,1,0.2332993702223167,0,0.24213381063915532,0.10695635049384,19,LOW
user_2429,12,4,0,0,1,419.9240463301479,16.88277832977734,13.826356277988198,0,1,1,0,0,1,1,0.65,0,1,0.2776734227293848,0,0.2018966446523599,0.0,12,LOW
user_2430,15,4,0,0,1,314.5862146708976,2.537880056575314,16.62830409254071,0,1,1,0,0,1,1,0.65,0,1,0.2776734227293848,0,0.2018966446523599,0.0,12,LOW
user_2431,10,0,0,0,1,183.0432295976559,62.669421758082976,23.163011681754256,0,1,1,0,0,1,2,0.75,0,1,0.2193048404666994,0,0.33007420523328185,0.14068786125229182,25,LOW
user_2432,13,2,0,0,1,284.7704432220029,27.61529551361842,9.858600281150192,0,1,1,0,0,1,1,0.65,0,1,0.2776734227293848,0,0.2018966446523599,0.0,12,LOW
user_2433,13,0,0,1,1,243.95178397918545,7.093938559333403,4.056481172616798,0,1,1,1,0,1,1,0.85,0,1,0.2332993702223167,0,0.24213381063915532,0.10695635049384,19,LOW
user_2434,14,1,0,0,1,193.3972745484353,23.56936812009545,5.572793016072483,0,1,1,0,0,1,1,0.65,0,1,0.2776734227293848,0,0.2018966446523599,0.0,12,LOW
user_2435,12,1,0,0,1,175.80545141002747,12.980750038262858,34.97799110642326,0,1,1,0,0,1,1,0.65,0,1,0.2776734227293848,0,0.2018966446523599,0.0,12,LOW
user_2436,13,3,0,0,1,299.69360009330273,25.22040753950599,21.302029896141747,0,1,1,0,0,1,1,0.65,0,1,0.2776734227293848,0,0.2018966446523599,0.0,12,LOW
user_2437,16,2,0,0,1,204.123272122552,16.055216274573215,6.227370109003381,0,1,1,0,0,1,1,0.65,0,1,0.2776734227293848,0,0.2018966446523599,0.0,12,LOW
user_2438,12,5,1,0,1,233.8874186977769,16.612639885385786,28.658100104503145,0,1,1,0,1,1,1,0.7999999999999999,0,1,0.2129135634933541,0,0.13356667006213288,0.15609298252120107,14,LOW
user_2439,9,0,1,0,1,184.7384443064083,33.2839913494628,17.313506376938484,0,1,1,0,1,1,1,0.7999999999999999,0,1,0.2129135634933541,0,0.13356667006213288,0.15609298252120107,14,LOW
user_2440,4,6,0,0,1,195.1105237620845,19.59989815917437,23.135435345840577,0,3,1,0,0,1,1,1.15,0,1,0.0815285198183811,0,0.0013513513513513514,0.47277500697029895,19,LOW
user_2441,18,1,0,0,1,232.3842479957117,2.083254692513033,11.487816924655307,0,1,1,0,0,1,1,0.65,0,1,0.2776734227293848,0,0.2018966446523599,0.0,12,LOW
user_2442,10,4,0,1,1,263.2909375634491,1.690209252883439,19.494948707334927,0,1,1,1,0,1,1,0.85,0,1,0.2332993702223167,0,0.24213381063915532,0.10695635049384,19,LOW
user_2443,16,1,2,1,0,84.69845018691308,9.09641812169676,13362.952280365074,1,1,4,1,2,2,1,1.85,1,-1,-0.1048147487339326,1,0.9893289878336319,0.921924787470387,96,HIGH
user_2444,21,0,2,0,1,241.015187950005,0.01,0.9652916546028302,0,2,1,0,2,1,1,1.2000000000000002,0,1,0.0458866002061858,0,0.0031251686909581646,0.5586839882540799,23,LOW
user_2445,14,4,0,0,1,195.23273924489783,8.047266235830847,33.58625846308347,0,1,1,0,0,1,1,0.65,0,1,0.2776734227293848,0,0.2018966446523599,0.0,12,LOW
user_2446,14,1,0,0,1,324.1417592070135,26.35004676341358,4.058848443311844,0,1,1,0,0,1,1,0.65,0,1,0.2776734227293848,0,0.2018966446523599,0.0,12,LOW
user_2447,13,3,0,0,1,416.5651587603262,552.3891169430071,5.796390641790805,0,1,1,0,0,1,3,0.8500000000000001,0,1,0.1140437691094343,0,0.29646344472155617,0.3944023499087308,34,MEDIUM
user_2448,11,3,0,1,1,218.44325790277708,30.4468153829692,15.697546101033048,0,1,1,1,0,1,1,0.85,0,1,0.2332993702223167,0,0.24213381063915532,0.10695635049384,19,LOW
user_2449,11,2,0,0,1,136.66628635720832,37.08673858179345,10.933152594488478,0,1,1,0,0,1,1,0.65,0,1,0.2776734227293848,0,0.2018966446523599,0.0,12,LOW
user_2450,11,2,0,0,1,247.012618195114,3.318844022051893,22.354865306481344,0,1,1,0,0,1,1,0.65,0,1,0.2776734227293848,0,0.2018966446523599,0.0,12,LOW
user_2451,19,4,0,1,1,227.6742402304077,91.52009238655889,5.117823325605601,0,2,1,1,0,1,2,1.2,0,1,0.0656383015143167,0,0.07883070542961215,0.5110757629826652,25,LOW
user_2452,13,0,0,2,1,358.28103894007745,81.3858863811996,4.67268435183663,0,1,1,2,0,1,2,1.15,0,1,0.0682545724467911,0,0.5708054293276346,0.5047696724853863,54,MEDIUM
user_2453,11,3,0,0,1,339.99536060253257,5.355332910075199,0.3220180693092317,0,1,1,0,0,1,1,0.65,0,1,0.2776734227293848,0,0.2018966446523599,0.0,12,LOW
user_2454,16,4,0,0,1,291.92249823579385,60.0057284104569,6.212459123453452,0,1,1,0,0,1,2,0.75,0,1,0.2193048404666994,0,0.33007420523328185,0.14068786125229182,25,LOW
user_2455,18,0,0,0,1,204.7983551272405,23.288151893877583,12.87610860380639,0,1,1,0,0,1,1,0.65,0,1,0.2776734227293848,0,0.2018966446523599,0.0,12,LOW
user_2456,12,0,0,0,1,280.6659939708482,22.34763333309732,3.583602455852768,0,1,1,0,0,1,1,0.65,0,1,0.2776734227293848,0,0.2018966446523599,0.0,12,LOW
user_2457,14,3,0,2,1,255.90038154409825,1.3329805329896356,6.212480285915572,0,1,1,2,0,1,1,1.05,0,1,0.1541262400811022,0,0.4301355521591885,0.2977901503981718,38,MEDIUM
user_2458,15,2,1,0,1,254.47939219796345,34.4879620716526,2.4768956552241166,0,1,1,0,1,1,1,0.7999999999999999,0,1,0.2129135634933541,0,0.13356667006213288,0.15609298252120107,14,LOW
user_2459,15,2,1,0,1,146.50620908592776,16.265272933064107,14.818709222349938,0,1,1,0,1,1,1,0.7999999999999999,0,1,0.2129135634933541,0,0.13356667006213288,0.15609298252120107,14,LOW
user_2460,14,0,2,0,1,303.7077203072188,31.92921882333527,0.6241976604908934,0,1,1,0,2,1,1,0.95,0,1,0.1483955927109178,0,0.007188301157192252,0.31160293273497597,13,LOW
user_2461,16,2,0,1,1,246.4684996986741,41.41076215830356,12.220792579400516,0,1,1,1,0,1,1,0.85,0,1,0.2332993702223167,0,0.24213381063915532,0.10695635049384,19,LOW
user_2462,15,0,1,1,1,233.9495191473255,18.547743229811868,4.763276022696132,0,1,1,1,1,1,1,1.0,0,1,0.1244119810262747,0,0.2600647053805528,0.3694114814818421,30,LOW
user_2463,10,2,0,2,1,203.99061029947035,7.651050174707723,0.4248595040557332,0,1,1,2,0,1,1,1.05,0,1,0.1541262400811022,0,0.4301355521591885,0.2977901503981718,38,MEDIUM
user_2464,16,4,1,0,1,192.3830100207973,3.816326045135485,19.205222767920205,0,1,1,0,1,1,1,0.7999999999999999,0,1,0.2129135634933541,0,0.13356667006213288,0.15609298252120107,14,LOW
user_2465,16,1,0,1,1,259.03551487673894,4.373813210459327,6.688875654675889,0,1,1,1,0,1,1,0.85,0,1,0.2332993702223167,0,0.24213381063915532,0.10695635049384,19,LOW
user_2466,12,2,2,0,1,135.05023188851507,194.01440876315536,9.145896036539025,0,1,1,0,2,1,2,1.05,0,1,0.0515919801040551,0,0.01030309988802873,0.5449321090007749,22,LOW
user_2467,14,6,0,0,1,287.36992557900254,3.297691949940265,13.168828256429116,0,1,1,0,0,1,1,0.65,0,1,0.2776734227293848,0,0.2018966446523599,0.0,12,LOW
user_2468,16,3,0,0,1,176.75367378025888,12.140892316456844,10.644266330572208,0,1,1,0,0,1,1,0.65,0,1,0.2776734227293848,0,0.2018966446523599,0.0,12,LOW
user_2469,13,4,0,1,1,116.47915882768248,10.171951882746848,13.125119621279168,0,1,1,1,0,2,1,0.95,0,1,0.0868800058507494,0,0.049146048626075106,0.4598761306359884,21,LOW
user_2470,17,2,0,2,1,349.3137189555612,50.14653797319496,14.36668854903947,0,1,1,2,0,1,2,1.15,0,1,0.0682545724467911,0,0.5708054293276346,0.5047696724853863,54,MEDIUM
user_2471,21,4,0,0,1,188.51477703926528,16.23751749978988,8.895308199729865,0,2,1,0,0,1,1,0.8999999999999999,0,1,0.190136950224284,0,0.20789731048021395,0.21099226023493423,21,LOW
user_2472,11,0,0,0,1,196.67045030869824,140.994974667119,4.551352430180228,1,1,1,0,0,1,2,0.75,0,1,0.2193048404666994,0,0.33007420523328185,0.14068786125229182,25,LOW
user_2473,9,0,0,1,1,308.07229986048446,33.3952357330327,2.7857982351625314,0,1,1,1,0,1,1,0.85,0,1,0.2332993702223167,0,0.24213381063915532,0.10695635049384,19,LOW
user_2474,14,1,0,0,1,351.26585403099847,47.58240469459377,23.32047237430814,0,1,1,0,0,1,1,0.65,0,1,0.2776734227293848,0,0.2018966446523599,0.0,12,LOW
user_2475,16,2,0,2,1,148.01990528379417,2.5971585703597486,35.040558513232746,0,1,1,2,0,1,1,1.05,0,1,0.1541262400811022,0,0.4301355521591885,0.2977901503981718,38,MEDIUM
user_2476,13,4,0,0,1,182.62991638495984,7.295674778103447,4.426418096304608,0,1,1,0,0,1,1,0.65,0,1,0.2776734227293848,0,0.2018966446523599,0.0,12,LOW
user_2477,13,1,0,0,1,10.62598627837804,771.9776538800287,1.191335173527643,1,1,1,0,0,3,3,1.05,0,-1,-0.0182440342796388,1,1.0,0.7132603280726179,89,HIGH
user_2478,9,3,0,0,1,296.0880997617393,482.45578781521135,2.517196452341904,0,1,1,0,0,1,3,0.8500000000000001,0,1,0.1140437691094343,0,0.29646344472155617,0.3944023499087308,34,MEDIUM
user_2479,16,3,0,0,1,338.347927675772,31.67170474038673,11.106869326186448,0,1,1,0,0,1,1,0.65,0,1,0.2776734227293848,0,0.2018966446523599,0.0,12,LOW
user_2480,12,3,0,0,1,175.18484630531526,4.630049577128769,1.8987001883429035,0,1,1,0,0,1,1,0.65,0,1,0.2776734227293848,0,0.2018966446523599,0.0,12,LOW
user_2481,19,1,0,0,1,324.8847202780932,3.48639538729936,15.14683673777277,0,2,1,0,0,1,1,0.8999999999999999,0,1,0.190136950224284,0,0.20789731048021395,0.21099226023493423,21,LOW
user_2482,19,3,0,0,1,197.4579533082779,23.837405594490395,25.643426599109965,0,2,1,0,0,1,1,0.8999999999999999,0,1,0.190136950224284,0,0.20789731048021395,0.21099226023493423,21,LOW
user_2483,11,1,0,0,1,260.1673741767343,6.544275509100703,33.146027561696656,0,1,1,0,0,1,1,0.65,0,1,0.2776734227293848,0,0.2018966446523599,0.0,12,LOW
user_2484,12,0,0,2,1,163.71277803433094,16.31573425165358,0.093692607417486,0,1,1,2,0,1,1,1.05,0,1,0.1541262400811022,0,0.4301355521591885,0.2977901503981718,38,MEDIUM
user_2485,16,6,0,0,1,232.6841751850801,1.3117635643802916,31.737630080127367,0,1,1,0,0,1,1,0.65,0,1,0.2776734227293848,0,0.2018966446523599,0.0,12,LOW
user_2486,12,0,2,0,1,233.33323715563705,28.53377892320818,13.478216935661123,0,1,1,0,2,1,1,0.95,0,1,0.1483955927109178,0,0.007188301157192252,0.31160293273497597,13,LOW
user_2487,13,0,0,1,1,221.0905016210836,19.48486478026669,0.8779375452764547,0,1,1,1,0,1,1,0.85,0,1,0.2332993702223167,0,0.24213381063915532,0.10695635049384,19,LOW
user_2488,14,4,0,0,0,263.0982588791818,26.06214885721119,5.365545739990858,0,1,1,0,0,1,1,0.65,1,1,0.2776734227293848,0,0.15500519134380158,0.0,9,LOW
user_2489,8,1,0,0,1,179.57814810884844,8.05360763750576,12.04124397747335,0,2,1,0,0,1,1,0.8999999999999999,0,1,0.190136950224284,0,0.20789731048021395,0.21099226023493423,21,LOW
user_2490,13,3,0,0,1,186.9766021087895,8.1641408737014,31.392676576178943,0,1,1,0,0,1,1,0.65,0,1,0.2776734227293848,0,0.2018966446523599,0.0,12,LOW
user_2491,11,1,0,1,1,266.2723286969613,40.40659553721995,1.7929581131582115,0,1,1,1,0,1,1,0.85,0,1,0.2332993702223167,0,0.24213381063915532,0.10695635049384,19,LOW
user_2492,12,2,0,1,1,320.5221198585437,31.69610541051818,1.3666003249182714,0,1,1,1,0,1,1,0.85,0,1,0.2332993702223167,0,0.24213381063915532,0.10695635049384,19,LOW
user_2493,5,1,0,0,1,238.6311783571246,100.4848320629777,6.393165092352771,0,3,1,0,0,1,2,1.25,0,1,0.0406781887288436,0,0.004507732605558692,0.5712380069206875,23,LOW
user_2494,13,1,0,1,1,8.272765608547807,946.4707682156632,34.451145907484175,1,1,1,1,0,3,3,1.25,0,-1,-0.0451238481195181,1,0.9956032697075936,0.7780496954581945,91,HIGH
user_2495,16,2,0,0,1,285.4848006178404,2.4691184343594177,35.536220858730104,0,1,1,0,0,1,1,0.65,0,1,0.2776734227293848,0,0.2018966446523599,0.0,12,LOW
user_2496,13,4,0,0,1,289.8303113180095,48.47830754509133,2.5866029600466827,0,1,1,0,0,1,1,0.65,0,1,0.2776734227293848,0,0.2018966446523599,0.0,12,LOW
user_2497,13,2,2,1,0,182.7885164498017,36.73179618575933,3.847028648781067,0,1,1,1,2,1,1,1.15,1,1,0.0590725335016217,0,0.017237484737484737,0.5269014661842195,22,LOW
user_2498,14,5,0,0,1,193.37938618770576,0.01,23.863144324349328,0,1,1,0,0,1,1,0.65,0,1,0.2776734227293848,0,0.2018966446523599,0.0,12,LOW
user_2499,15,0,0,1,1,198.5955243633879,62.70800483193219,13.274274840869042,0,1,1,1,0,1,2,0.95,0,1,0.1509357020843734,0,0.04950631867309361,0.30548041714105467,15,LOW
user_2500,15,2,2,0,1,355.71802805363785,4.61724620557025,35.86916134070463,0,1,1,0,2,1,1,0.95,0,1,0.1483955927109178,0,0.007188301157192252,0.31160293273497597,13,LOW
user_2501,16,3,0,0,1,270.49157635031423,29.01145184462348,22.36313976937091,0,1,1,0,0,1,1,0.65,0,1,0.2776734227293848,0,0.2018966446523599,0.0,12,LOW
user_2502,13,5,0,1,1,267.798943223101,82.4086247921666,2.4219392577353887,0,1,1,1,0,1,2,0.95,0,1,0.1509357020843734,0,0.04950631867309361,0.30548041714105467,15,LOW
user_2503,12,0,0,0,1,261.9741451910243,9.276916840138764,14.259789169883362,0,1,1,0,0,1,1,0.65,0,1,0.2776734227293848,0,0.2018966446523599,0.0,12,LOW
user_2504,10,3,0,1,1,160.75239578283006,0.3852611851107323,0.4978415114897466,0,1,1,1,0,1,1,0.85,0,1,0.2332993702223167,0,0.24213381063915532,0.10695635049384,19,LOW
user_2505,11,4,0,2,1,356.2914282466224,33.18813633429455,17.028302156181997,0,1,1,2,0,1,1,1.05,0,1,0.1541262400811022,0,0.4301355521591885,0.2977901503981718,38,MEDIUM
user_2506,22,1,0,1,1,268.75125184721765,0.1751200222421502,9.201902311599495,0,2,1,1,0,1,1,1.1,0,1,0.1083396961540713,0,0.5687783155237143,0.4081510789922207,50,MEDIUM
user_2507,17,4,0,0,1,283.3896067592972,51.49757160924101,31.258628870790567,0,1,1,0,0,1,2,0.75,0,1,0.2193048404666994,0,0.33007420523328185,0.14068786125229182,25,LOW
user_2508,9,0,0,0,1,134.0687226650519,1.4487071689570885,32.19687540947539,0,1,1,0,0,1,1,0.65,0,1,0.2776734227293848,0,0.2018966446523599,0.0,12,LOW
user_2509,10,4,0,1,1,286.7786311416911,26.44381792212237,0.5215167218770781,0,1,1,1,0,1,1,0.85,0,1,0.2332993702223167,0,0.24213381063915532,0.10695635049384,19,LOW
user_2510,15,5,0,0,1,218.6272529923424,11.83760952023368,1.7497439606872909,0,1,1,0,0,1,1,0.65,0,1,0.2776734227293848,0,0.2018966446523599,0.0,12,LOW
user_2511,15,3,0,0,1,160.63302151642577,5.683202788317019,6.620498485182881,0,1,1,0,0,1,1,0.65,0,1,0.2776734227293848,0,0.2018966446523599,0.0,12,LOW
user_2512,15,2,0,2,1,182.7741800476921,57.13297529782937,21.160517926083656,0,1,1,2,0,1,2,1.15,0,1,0.0682545724467911,0,0.5708054293276346,0.5047696724853863,54,MEDIUM
user_2513,13,0,0,0,1,164.10634749279802,34.28473504183737,16.844047117915782,0,1,1,0,0,1,1,0.65,0,1,0.2776734227293848,0,0.2018966446523599,0.0,12,LOW
user_2514,13,5,0,2,1,163.09294829312338,10.404579782869993,33.345680389599146,1,1,1,2,0,1,1,1.05,0,1,0.1541262400811022,0,0.4301355521591885,0.2977901503981718,38,MEDIUM
user_2515,14,2,0,0,1,243.63286922185264,8.357223793081763,9.625548964857003,0,1,1,0,0,1,1,0.65,0,1,0.2776734227293848,0,0.2018966446523599,0.0,12,LOW
user_2516,14,0,2,0,1,216.79423267610093,33.29631864280938,2.9647194990117933,0,1,1,0,2,1,1,0.95,0,1,0.1483955927109178,0,0.007188301157192252,0.31160293273497597,13,LOW
user_2517,7,3,0,0,1,260.04416172968325,45.28437952861863,0.2542718781750966,0,2,1,0,0,1,1,0.8999999999999999,0,1,0.190136950224284,0,0.20789731048021395,0.21099226023493423,21,LOW
user_2518,13,2,0,0,1,340.5585522640803,31.456366130543067,2.522203265521457,0,1,1,0,0,1,1,0.65,0,1,0.2776734227293848,0,0.2018966446523599,0.0,12,LOW
user_2519,11,0,1,0,1,232.22977718235973,25.540532938090365,11.24771059250418,0,1,1,0,1,1,1,0.7999999999999999,0,1,0.2129135634933541,0,0.13356667006213288,0.15609298252120107,14,LOW
user_2520,14,1,0,0,1,105.3066423624944,6.466830686961609,26.07410928122436,0,1,1,0,0,2,1,0.75,0,1,0.0934671910539906,0,0.40261253039389167,0.44399880482146026,42,MEDIUM
user_2521,22,0,1,2,1,225.48250730713104,47.89975333389047,3.869922871247489,0,2,1,2,1,1,1,1.4500000000000002,0,1,0.0005536998863659,0,0.07640147221880828,0.667951483593539,31,MEDIUM
user_2522,15,3,0,0,1,311.6036661838723,34.62358020429469,20.85092118476133,0,1,1,0,0,1,1,0.65,0,1,0.2776734227293848,0,0.2018966446523599,0.0,12,LOW
user_2523,13,3,0,0,1,234.84363165019025,18.20766685885025,5.023586505326612,0,1,1,0,0,1,1,0.65,0,1,0.2776734227293848,0,0.2018966446523599,0.0,12,LOW
user_2524,16,2,0,0,0,331.75983922150215,17.914887006892002,3.685613790645474,0,1,1,0,0,1,1,0.65,1,1,0.2776734227293848,0,0.15500519134380158,0.0,9,LOW
user_2525,6,4,2,0,0,267.1764955882691,0.01,12797.026520538002,1,2,4,0,2,1,1,1.8000000000000005,1,-1,-0.0706838426998131,1,0.99875,0.8396578557341853,94,HIGH
user_2526,15,4,0,0,1,129.70381593615667,403.2884316493317,5.838865665200174,0,1,1,0,0,1,3,0.8500000000000001,0,1,0.1140437691094343,0,0.29646344472155617,0.3944023499087308,34,MEDIUM
user_2527,15,3,1,0,1,246.57493502630152,33.89505509169403,24.51083575989037,0,1,1,0,1,1,1,0.7999999999999999,0,1,0.2129135634933541,0,0.13356667006213288,0.15609298252120107,14,LOW
user_2528,20,0,0,0,1,257.8200776558837,48.49111937966884,6.315948901646236,0,2,1,0,0,1,1,0.8999999999999999,0,1,0.190136950224284,0,0.20789731048021395,0.21099226023493423,21,LOW
user_2529,0,3,0,0,1,304.82134807641864,489.1715604568242,3.248100471931004,0,3,1,0,0,1,3,1.35,0,-1,-0.032686997864732,1,0.1735604640457581,0.7480727147738536,40,MEDIUM
user_2530,15,2,0,0,1,349.1781942966941,24.49734620053589,18.487462725119133,0,1,1,0,0,1,1,0.65,0,1,0.2776734227293848,0,0.2018966446523599,0.0,12,LOW
user_2531,11,3,0,0,1,294.46353118252193,223.96990184818856,66.84221131613869,0,1,2,0,0,1,3,1.05,0,1,0.0106781769941658,0,0.12249091071220441,0.6435480978100065,33,MEDIUM
user_2532,12,3,0,0,1,266.428787843233,68.52517168468096,10.44611208310964,0,1,1,0,0,1,2,0.75,0,1,0.2193048404666994,0,0.33007420523328185,0.14068786125229182,25,LOW
user_2533,11,1,0,0,1,280.5712962947008,14.675604503218342,2.8829742032126475,0,1,1,0,0,1,1,0.65,0,1,0.2776734227293848,0,0.2018966446523599,0.0,12,LOW
user_2534,12,5,0,0,1,229.919591613026,24.23254785225149,2.728789506574833,0,1,1,0,0,1,1,0.65,0,1,0.2776734227293848,0,0.2018966446523599,0.0,12,LOW
user_2535,13,0,0,0,1,152.22732979155424,61.670654483856005,0.5943869004030881,0,1,1,0,0,1,2,0.75,0,1,0.2193048404666994,0,0.33007420523328185,0.14068786125229182,25,LOW
user_2536,16,3,0,0,1,242.4897651733716,0.3990685093607253,0.8044357973559793,0,1,1,0,0,1,1,0.65,0,1,0.2776734227293848,0,0.2018966446523599,0.0,12,LOW
user_2537,16,0,1,0,1,261.9174196475344,5.974620296633591,24.64905162063072,0,1,1,0,1,1,1,0.7999999999999999,0,1,0.2129135634933541,0,0.13356667006213288,0.15609298252120107,14,LOW
user_2538,10,5,0,1,1,167.78054244528462,6.679035312366143,1.0146489904563796,0,1,1,1,0,1,1,0.85,0,1,0.2332993702223167,0,0.24213381063915532,0.10695635049384,19,LOW
user_2539,14,0,0,1,1,319.5972983699965,9.885865066001204,6.623151082549153,0,1,1,1,0,1,1,0.85,0,1,0.2332993702223167,0,0.24213381063915532,0.10695635049384,19,LOW
user_2540,11,0,0,0,1,300.3246609289459,8.274714201032882,11.97731586949146,0,1,1,0,0,1,1,0.65,0,1,0.2776734227293848,0,0.2018966446523599,0.0,12,LOW
user_2541,10,1,0,2,1,157.69431508272783,22.298416948990464,18.99488004924209,0,1,1,2,0,1,1,1.05,0,1,0.1541262400811022,0,0.4301355521591885,0.2977901503981718,38,MEDIUM
user_2542,13,2,0,0,1,321.9499373273925,54.20578377051604,1.8786201714244013,0,1,1,0,0,1,2,0.75,0,1,0.2193048404666994,0,0.33007420523328185,0.14068786125229182,25,LOW
user_2543,13,1,2,0,1,221.50113784740915,25.332285067566826,5.758596972255239,0,1,1,0,2,1,1,0.95,0,1,0.1483955927109178,0,0.007188301157192252,0.31160293273497597,13,LOW
user_2544,21,3,0,0,1,193.29050609289908,6.911187397698089,2.8965761590507064,0,2,1,0,0,1,1,0.8999999999999999,0,1,0.190136950224284,0,0.20789731048021395,0.21099226023493423,21,LOW
user_2545,15,2,0,0,1,304.7566615647916,49.83211909007853,2.9547649011182155,0,1,1,0,0,1,1,0.65,0,1,0.2776734227293848,0,0.2018966446523599,0.0,12,LOW
user_2546,9,0,0,0,1,236.9367352343965,24.99491938965444,3.621747652485345,0,1,1,0,0,1,1,0.65,0,1,0.2776734227293848,0,0.2018966446523599,0.0,12,LOW
user_2547,4,1,0,0,1,353.9511192502122,10.3799512031352,8.845891164626828,0,3,1,0,0,1,1,1.15,0,1,0.0815285198183811,0,0.0013513513513513514,0.47277500697029895,19,LOW
user_2548,17,4,0,1,1,188.82671736679487,11.222361579080056,0.167164156695719,0,1,1,1,0,1,1,0.85,0,1,0.2332993702223167,0,0.24213381063915532,0.10695635049384,19,LOW
user_2549,20,3,1,0,1,136.10054856164072,39.01200438380942,5.255438851207553,0,2,1,0,1,1,1,1.05,0,1,0.1004614283124124,0,0.02209191694512681,0.4271403470204811,18,LOW
user_2550,9,4,0,0,1,223.1737031300315,33.57428084879386,2.068152555053384,1,1,1,0,0,1,1,0.65,0,1,0.2776734227293848,0,0.2018966446523599,0.0,12,LOW
user_2551,8,3,0,0,1,287.3533499436284,21.484907021719103,34.148453482850904,0,2,1,0,0,1,1,0.8999999999999999,0,1,0.190136950224284,0,0.20789731048021395,0.21099226023493423,21,LOW
user_2552,19,1,0,1,1,184.3714208678674,3.9095480097873234,8.74019769815312,0,2,1,1,0,1,1,1.1,0,1,0.1083396961540713,0,0.5687783155237143,0.4081510789922207,50,MEDIUM
user_2553,15,0,0,0,1,160.19397703200724,40.65052859637187,20.2567686678086,0,1,1,0,0,1,1,0.65,0,1,0.2776734227293848,0,0.2018966446523599,0.0,12,LOW
user_2554,11,1,0,0,1,253.73564416216524,9.187711396976598,2.17770495528339,1,1,1,0,0,1,1,0.65,0,1,0.2776734227293848,0,0.2018966446523599,0.0,12,LOW
user_2555,15,4,0,0,1,152.17876738994903,36.91619443986489,16.608138382554696,0,1,1,0,0,1,1,0.65,0,1,0.2776734227293848,0,0.2018966446523599,0.0,12,LOW
user_2556,6,6,0,0,1,258.4015619768048,0.01,5.357716398567577,0,2,1,0,0,1,1,0.8999999999999999,0,1,0.190136950224284,0,0.20789731048021395,0.21099226023493423,21,LOW
user_2557,14,2,1,0,1,219.5626169263093,7.668913698750562,1.95643528129639,0,1,1,0,1,1,1,0.7999999999999999,0,1,0.2129135634933541,0,0.13356667006213288,0.15609298252120107,14,LOW
user_2558,14,0,0,0,1,269.6679893011424,5.968146563865426,14.323182051142208,0,1,1,0,0,1,1,0.65,0,1,0.2776734227293848,0,0.2018966446523599,0.0,12,LOW
user_2559,16,0,0,0,1,156.9702717645239,3.507712586470896,14.355312350334453,0,1,1,0,0,1,1,0.65,0,1,0.2776734227293848,0,0.2018966446523599,0.0,12,LOW
user_2560,10,1,0,0,1,317.8897890866342,6.925024196775493,54.93823101295171,0,1,2,0,0,1,1,0.85,0,1,0.0725673737099781,0,0.033557155468056085,0.4943743748406145,22,LOW
user_2561,14,3,0,0,1,229.01793090037864,4.294305603241271,15.18397114384525,0,1,1,0,0,1,1,0.65,0,1,0.2776734227293848,0,0.2018966446523599,0.0,12,LOW
user_2562,7,0,2,0,1,285.8113600742894,16.23740482859219,1.5696642958077545,0,2,1,0,2,1,1,1.2000000000000002,0,1,0.0458866002061858,0,0.0031251686909581646,0.5586839882540799,23,LOW
user_2563,14,5,0,0,1,297.59252767709336,22.83132868629145,3.894117679451175,0,1,1,0,0,1,1,0.65,0,1,0.2776734227293848,0,0.2018966446523599,0.0,12,LOW
user_2564,11,2,0,0,1,170.55330285804266,22.05762489324197,6.009817900462964,0,1,1,0,0,1,1,0.65,0,1,0.2776734227293848,0,0.2018966446523599,0.0,12,LOW
user_2565,12,5,0,0,1,292.9354505764846,25.67286361198492,1.3542209969639023,0,1,1,0,0,1,1,0.65,0,1,0.2776734227293848,0,0.2018966446523599,0.0,12,LOW
user_2566,11,4,0,1,1,154.49599349134047,415.8897300140221,15.513528629460597,0,1,1,1,0,1,3,1.05,0,1,0.0596166766321488,0,0.07429146882479426,0.5255898987230732,25,LOW
user_2567,14,4,0,0,1,157.79173543440643,0.01,7.4802275294009055,1,1,1,0,0,1,1,0.65,0,1,0.2776734227293848,0,0.2018966446523599,0.0,12,LOW
user_2568,16,3,0,0,1,357.83995415930605,6.5463148666276085,28.904640058744416,0,1,1,0,0,1,1,0.65,0,1,0.2776734227293848,0,0.2018966446523599,0.0,12,LOW
user_2569,13,3,0,0,1,306.7112021277975,22.15461813543078,8.899120890558494,0,1,1,0,0,1,1,0.65,0,1,0.2776734227293848,0,0.2018966446523599,0.0,12,LOW
user_2570,14,3,1,1,1,364.4198505260253,2.0393696764808023,7.400272459803727,0,1,1,1,1,1,1,1.0,0,1,0.1244119810262747,0,0.2600647053805528,0.3694114814818421,30,LOW
user_2571,9,3,0,0,1,217.78715816352536,3.1998811594659067,0.7410429070358309,0,1,1,0,0,1,1,0.65,0,1,0.2776734227293848,0,0.2018966446523599,0.0,12,LOW
user_2572,13,3,1,0,1,246.1457198446805,26.557441459947444,1.617497018346341,0,1,1,0,1,1,1,0.7999999999999999,0,1,0.2129135634933541,0,0.13356667006213288,0.15609298252120107,14,LOW
user_2573,13,6,0,0,1,271.6412848051418,16.666553733554743,18.93965477341648,0,1,1,0,0,1,1,0.65,0,1,0.2776734227293848,0,0.2018966446523599,0.0,12,LOW
user_2574,21,4,0,0,1,239.26826600436632,35.50476887205983,46.75161179627016,0,2,1,0,0,1,1,0.8999999999999999,0,1,0.190136950224284,0,0.20789731048021395,0.21099226023493423,21,LOW
user_2575,10,4,0,0,1,195.2318387582457,13.864104016263934,5.364496938544486,0,1,1,0,0,1,1,0.65,0,1,0.2776734227293848,0,0.2018966446523599,0.0,12,LOW
user_2576,18,4,0,2,1,186.23491812719703,3.412635461689617,16.611843817263573,0,1,1,2,0,1,1,1.05,0,1,0.1541262400811022,0,0.4301355521591885,0.2977901503981718,38,MEDIUM
user_2577,16,1,1,0,1,252.83173396973697,51.40360683730945,9.87748512855972,0,1,1,0,1,1,2,0.8999999999999999,0,1,0.1194195039721256,0,0.26547768987979625,0.3814450257597952,31,MEDIUM
user_2578,14,0,0,0,1,175.9884095002617,2.1631547626631686,31.95629957619452,0,1,1,0,0,1,1,0.65,0,1,0.2776734227293848,0,0.2018966446523599,0.0,12,LOW
user_2579,19,2,0,0,1,174.30819045798884,5.23609071125213,2.71988838523261,0,2,1,0,0,1,1,0.8999999999999999,0,1,0.190136950224284,0,0.20789731048021395,0.21099226023493423,21,LOW
user_2580,15,2,0,0,1,263.6143206692756,8.107851501219038,7.870969207994417,0,1,1,0,0,1,1,0.65,0,1,0.2776734227293848,0,0.2018966446523599,0.0,12,LOW
user_2581,15,4,0,1,1,234.2904389108631,133.90187758032198,5.25593836204343,0,1,1,1,0,1,2,0.95,0,1,0.1509357020843734,0,0.04950631867309361,0.30548041714105467,15,LOW
user_2582,13,2,1,0,1,296.2323762349011,13.48319189667013,7.802661472128049,0,1,1,0,1,1,1,0.7999999999999999,0,1,0.2129135634933541,0,0.13356667006213288,0.15609298252120107,14,LOW
user_2583,17,3,0,2,1,214.50531539502947,17.41425232506728,3.1314769774527025,0,1,1,2,0,1,1,1.05,0,1,0.1541262400811022,0,0.4301355521591885,0.2977901503981718,38,MEDIUM
user_2584,17,2,0,0,1,205.12464300146783,36.70895911139792,6.886496351286119,0,1,1,0,0,1,1,0.65,0,1,0.2776734227293848,0,0.2018966446523599,0.0,12,LOW
user_2585,12,0,0,0,0,265.41320376212826,25.293594539140845,9.803071139494282,0,1,1,0,0,1,1,0.65,1,1,0.2776734227293848,0,0.15500519134380158,0.0,9,LOW
user_2586,4,3,0,2,1,191.2785075267704,46.037511112638526,0.8470409608272838,1,3,1,2,0,1,1,1.5500000000000005,0,1,0.0178213557717713,0,0.9935488642050614,0.6263306409898065,85,HIGH
user_2587,9,4,0,0,1,200.51233646659887,68.44019603248061,13.586296031283323,0,1,1,0,0,1,2,0.75,0,1,0.2193048404666994,0,0.33007420523328185,0.14068786125229182,25,LOW
user_2588,11,0,0,0,1,202.8927365772351,89.54792430114381,12.259558818222382,0,1,1,0,0,1,2,0.75,0,1,0.2193048404666994,0,0.33007420523328185,0.14068786125229182,25,LOW
user_2589,13,3,2,0,0,227.4178736222668,39.84063499266489,10361.42839409008,1,1,4,0,2,1,1,1.5500000000000005,1,-1,-0.0398435368800551,1,0.9980601933947105,0.7653223742482461,90,HIGH
user_2590,17,3,0,0,1,346.34619259775417,12.827596604368653,5.54876004146002,0,1,1,0,0,1,1,0.65,0,1,0.2776734227293848,0,0.2018966446523599,0.0,12,LOW
user_2591,12,0,0,0,1,157.39267050257058,12.002230878191964,0.6365265508848938,0,1,1,0,0,1,1,0.65,0,1,0.2776734227293848,0,0.2018966446523599,0.0,12,LOW
user_2592,13,0,0,0,1,317.7304549270475,66.30044103561748,6.1889560118708085,0,1,1,0,0,1,2,0.75,0,1,0.2193048404666994,0,0.33007420523328185,0.14068786125229182,25,LOW
user_2593,14,6,0,0,1,284.267205377395,28.83323085942186,1.48046714391802,0,1,1,0,0,1,1,0.65,0,1,0.2776734227293848,0,0.2018966446523599,0.0,12,LOW
user_2594,16,2,0,0,1,334.0187308421996,24.28409708413216,10.425537844855544,0,1,1,0,0,1,1,0.65,0,1,0.2776734227293848,0,0.2018966446523599,0.0,12,LOW
user_2595,7,1,1,1,1,428.2011628993364,35.45294880720385,0.4827839548323939,0,2,1,1,1,1,1,1.25,0,1,0.0530025780073042,0,0.049471929438013235,0.5415320949109698,25,LOW
user_2596,12,0,0,0,0,325.8871812472713,20.57193534663617,4.683991670481899,0,1,1,0,0,1,1,0.65,1,1,0.2776734227293848,0,0.15500519134380158,0.0,9,LOW
user_2597,14,3,2,0,1,295.5400168744717,4.334048549657214,0.8647650022988811,0,1,1,0,2,1,1,0.95,0,1,0.1483955927109178,0,0.007188301157192252,0.31160293273497597,13,LOW
user_2598,17,3,0,0,0,12.267366689403149,1074.7261330887693,0.0337211326010706,1,1,1,0,0,3,4,1.15,1,-1,-0.0665595353490385,1,1.0,0.8297168916429857,93,HIGH
user_2599,12,3,0,0,1,168.82666430933745,20.408016548607005,32.3290436383414,0,1,1,0,0,1,1,0.65,0,1,0.2776734227293848,0,0.2018966446523599,0.0,12,LOW
user_2600,8,0,0,0,1,261.6114110619133,0.4583720576687061,55.538157420999,0,2,2,0,0,1,1,1.1,0,1,0.048979375940097,0,0.11288582324389246,0.5512293613560215,29,LOW
user_2601,15,4,0,1,1,5.508564237286771,1766.8189270134403,8.108118641667883,1,1,1,1,0,3,4,1.35,0,-1,-0.0937579539195447,1,0.9991397849462365,0.895274203295823,96,HIGH
user_2602,12,2,0,0,1,276.92635507747315,35.24448770054486,2.730639069629422,0,1,1,0,0,1,1,0.65,0,1,0.2776734227293848,0,0.2018966446523599,0.0,12,LOW
user_2603,10,1,1,0,1,111.90468655433932,4.485165369698235,24.20232301972686,0,1,1,0,1,2,1,0.9,0,1,0.0824594892227387,0,0.07061056190855751,0.4705310584398903,23,LOW
user_2604,12,2,0,0,1,309.13400313387694,1.6684287463001386,25.64425256815663,0,1,1,0,0,1,1,0.65,0,1,0.2776734227293848,0,0.2018966446523599,0.0,12,LOW
user_2605,13,2,0,0,1,220.6979812839841,45.2016638577556,19.27640301940188,0,1,1,0,0,1,1,0.65,0,1,0.2776734227293848,0,0.2018966446523599,0.0,12,LOW
user_2606,12,4,0,0,1,247.59581672821133,24.01089017104439,7.860741684715849,0,1,1,0,0,1,1,0.65,0,1,0.2776734227293848,0,0.2018966446523599,0.0,12,LOW
user_2607,7,5,0,1,0,195.09766221477105,4.857190813843331,0.7763960507628321,0,2,1,1,0,1,1,1.1,1,1,0.1083396961540713,0,0.2181289391698424,0.4081510789922207,29,LOW
user_2608,16,1,0,0,0,126.08841538664566,41.036760544279645,0.925966849541486,0,1,1,0,0,1,1,0.65,1,1,0.2776734227293848,0,0.15500519134380158,0.0,9,LOW
user_2609,17,4,1,2,1,314.0817167516557,26.83307962989716,22.69341705750065,0,1,1,2,1,1,1,1.2000000000000002,0,1,0.0547880072036045,0,0.4121174521254879,0.5372286116789389,46,MEDIUM
user_2610,15,4,0,0,1,320.1420836972828,10.166117700883404,20.86078295951055,0,1,1,0,0,1,1,0.65,0,1,0.2776734227293848,0,0.2018966446523599,0.0,12,LOW
user_2611,10,5,0,0,1,218.9107340877781,11.797987462262762,5.698633008706139,0,1,1,0,0,1,1,0.65,0,1,0.2776734227293848,0,0.2018966446523599,0.0,12,LOW
user_2612,13,1,0,0,1,279.71577388404046,4.236757127309536,3.9772705343999433,0,1,1,0,0,1,1,0.65,0,1,0.2776734227293848,0,0.2018966446523599,0.0,12,LOW
user_2613,13,3,1,0,1,216.54651478737577,301.4186169269608,10.331726990200169,0,1,1,0,1,1,3,1.0,0,1,0.0520534259176199,0,0.4862092838962424,0.543819869811855,51,MEDIUM
user_2614,15,1,2,2,1,257.3093906559748,17.783117460382762,16.450026477549223,0,1,1,2,2,1,1,1.3500000000000003,0,-1,-0.0012227218875239,1,0.6588122986256364,0.6722332559162896,66,MEDIUM
user_2615,16,4,0,0,1,285.5483519352066,20.355714306631324,13.15593399576492,0,1,1,0,0,1,1,0.65,0,1,0.2776734227293848,0,0.2018966446523599,0.0,12,LOW
user_2616,11,0,2,1,1,273.3050954744324,53.74486527350118,9.560792451272444,0,1,1,1,2,1,2,1.25,0,1,0.0075001764854595,0,0.0040416666666666665,0.6512081450014289,26,LOW
user_2617,14,3,0,0,1,320.4581768045607,0.3989314748241362,2.633290875378969,0,1,1,0,0,1,1,0.65,0,1,0.2776734227293848,0,0.2018966446523599,0.0,12,LOW
user_2618,15,1,2,0,1,271.13284054232014,1.7316904768249362,3.044957931231308,0,1,1,0,2,1,1,0.95,0,1,0.1483955927109178,0,0.007188301157192252,0.31160293273497597,13,LOW
user_2619,18,1,0,1,1,241.6850770223157,4.405872409574887,12.875989409772114,0,1,1,1,0,1,1,0.85,0,1,0.2332993702223167,0,0.24213381063915532,0.10695635049384,19,LOW
user_2620,16,3,0,0,1,194.31486192735468,0.7624547702411753,16.226237267009683,0,1,1,0,0,1,1,0.65,0,1,0.2776734227293848,0,0.2018966446523599,0.0,12,LOW
user_2621,16,4,0,1,1,211.28967718056475,26.83503111273108,1.2345115575359706,0,1,1,1,0,1,1,0.85,0,1,0.2332993702223167,0,0.24213381063915532,0.10695635049384,19,LOW
user_2622,14,3,0,0,1,288.60308380350097,25.1198169476372,2.073896085376924,0,1,1,0,0,1,1,0.65,0,1,0.2776734227293848,0,0.2018966446523599,0.0,12,LOW
user_2623,18,4,0,1,1,149.8904088651529,5.918447901229647,11.409049333686983,0,1,1,1,0,1,1,0.85,0,1,0.2332993702223167,0,0.24213381063915532,0.10695635049384,19,LOW
user_2624,15,1,0,0,1,13.345415154768691,1176.5358976459256,4.926363682861773,1,1,1,0,0,3,4,1.15,0,-1,-0.0665595353490385,1,1.0,0.8297168916429857,93,HIGH
user_2625,6,2,0,0,1,223.131376439128,0.01,8.284924853769978,0,2,1,0,0,1,1,0.8999999999999999,0,1,0.190136950224284,0,0.20789731048021395,0.21099226023493423,21,LOW
user_2626,18,2,1,0,1,190.8836457355266,76.56893419461579,9.540314177130446,0,1,1,0,1,1,2,0.8999999999999999,0,1,0.1194195039721256,0,0.26547768987979625,0.3814450257597952,31,MEDIUM
user_2627,20,0,0,0,1,174.07654939311195,93.7487560302231,14.970179759291147,0,2,1,0,0,1,2,1.0,0,1,0.1157188029811144,0,0.21090605726134576,0.39036495643785196,28,LOW
user_2628,12,3,0,0,1,280.4620671389032,22.01276536497173,16.384391663266896,0,1,1,0,0,1,1,0.65,0,1,0.2776734227293848,0,0.2018966446523599,0.0,12,LOW
user_2629,3,3,0,0,1,239.1215187718009,0.01,3.286377498814432,0,3,1,0,0,1,1,1.15,0,1,0.0815285198183811,0,0.0013513513513513514,0.47277500697029895,19,LOW
user_2630,14,3,2,0,1,335.3259133937892,14.186804123618362,7.793517462123104,0,1,1,0,2,1,1,0.95,0,1,0.1483955927109178,0,0.007188301157192252,0.31160293273497597,13,LOW
user_2631,15,4,1,0,0,164.21546096844477,2.3414503675042044,1.3184588659892809,0,1,1,0,1,1,1,0.7999999999999999,1,1,0.2129135634933541,0,0.04680970107273437,0.15609298252120107,9,LOW
user_2632,14,3,0,0,1,205.31018261628824,157.33976828248475,18.45256254978754,0,1,1,0,0,1,2,0.75,0,1,0.2193048404666994,0,0.33007420523328185,0.14068786125229182,25,LOW
user_2633,14,0,0,0,1,234.4667305123552,35.17114900494236,18.67224270688364,0,1,1,0,0,1,1,0.65,0,1,0.2776734227293848,0,0.2018966446523599,0.0,12,LOW
user_2634,19,0,0,0,1,194.888595361804,24.28538634327931,3.559690774060776,0,2,1,0,0,1,1,0.8999999999999999,0,1,0.190136950224284,0,0.20789731048021395,0.21099226023493423,21,LOW
user_2635,17,3,0,0,1,240.36711984850817,22.15417572731175,1.7509200202269852,0,1,1,0,0,1,1,0.65,0,1,0.2776734227293848,0,0.2018966446523599,0.0,12,LOW
user_2636,14,1,0,0,1,259.1700459849311,17.545334194639853,0.7266938394148826,0,1,1,0,0,1,1,0.65,0,1,0.2776734227293848,0,0.2018966446523599,0.0,12,LOW
user_2637,16,0,1,0,1,269.0690543477844,7.440866814402855,8.556106807976816,0,1,1,0,1,1,1,0.7999999999999999,0,1,0.2129135634933541,0,0.13356667006213288,0.15609298252120107,14,LOW
user_2638,10,2,0,0,1,330.37002785306765,6.417198246957128,0.9588125327561168,0,1,1,0,0,1,1,0.65,0,1,0.2776734227293848,0,0.2018966446523599,0.0,12,LOW
user_2639,15,3,0,1,1,161.79165427310517,19.936731289104024,11.412949025068151,0,1,1,1,0,1,1,0.85,0,1,0.2332993702223167,0,0.24213381063915532,0.10695635049384,19,LOW
user_2640,10,1,0,0,1,260.2656191961186,101.81694920887335,11.335963603010546,0,1,1,0,0,1,2,0.75,0,1,0.2193048404666994,0,0.33007420523328185,0.14068786125229182,25,LOW
user_2641,16,4,0,0,1,201.18343082471,333.63595964636056,9.518852860381225,0,1,1,0,0,1,3,0.8500000000000001,0,1,0.1140437691094343,0,0.29646344472155617,0.3944023499087308,34,MEDIUM
user_2642,11,3,0,0,1,265.8008028014151,20.57078404634487,20.920041365794887,0,1,1,0,0,1,1,0.65,0,1,0.2776734227293848,0,0.2018966446523599,0.0,12,LOW
user_2643,12,1,0,0,1,265.8799311811828,63.08455006138056,4.752665625820665,0,1,1,0,0,1,2,0.75,0,1,0.2193048404666994,0,0.33007420523328185,0.14068786125229182,25,LOW
user_2644,10,4,0,1,1,180.7848370060601,61.41435122702323,23.255424339414184,0,1,1,1,0,1,2,0.95,0,1,0.1509357020843734,0,0.04950631867309361,0.30548041714105467,15,LOW
user_2645,11,3,0,1,1,185.9308594419548,0.2721838347274369,0.3762437158472436,0,1,1,1,0,1,1,0.85,0,1,0.2332993702223167,0,0.24213381063915532,0.10695635049384,19,LOW
user_2646,12,3,0,0,1,270.6985838081745,2.840256161669258,1.1963636341938115,0,1,1,0,0,1,1,0.65,0,1,0.2776734227293848,0,0.2018966446523599,0.0,12,LOW
user_2647,9,3,0,0,1,241.40427064464785,21.871384762760133,5.313779883262812,1,1,1,0,0,1,1,0.65,0,1,0.2776734227293848,0,0.2018966446523599,0.0,12,LOW
user_2648,14,0,2,0,1,226.8226895561037,47.175235369179575,9.013849241799017,0,1,1,0,2,1,1,0.95,0,1,0.1483955927109178,0,0.007188301157192252,0.31160293273497597,13,LOW
user_2649,16,3,0,0,1,279.4792097864984,77.2231151008864,0.3291132139765489,1,1,1,0,0,1,2,0.75,0,1,0.2193048404666994,0,0.33007420523328185,0.14068786125229182,25,LOW
user_2650,11,2,0,1,1,283.9031085517279,49.25700713812912,8.380214529290884,0,1,1,1,0,1,1,0.85,0,1,0.2332993702223167,0,0.24213381063915532,0.10695635049384,19,LOW
user_2651,18,5,0,0,1,9.559102394272596,1853.872835036861,3.673002162963414,1,1,1,0,0,3,4,1.15,0,-1,-0.0665595353490385,1,1.0,0.8297168916429857,93,HIGH
user_2652,15,4,0,0,1,188.87681174145,5.595002844768345,21.81667489116705,0,1,1,0,0,1,1,0.65,0,1,0.2776734227293848,0,0.2018966446523599,0.0,12,LOW
user_2653,17,3,0,0,1,164.28486138974148,1.8848365581830755,7.620356110768967,0,1,1,0,0,1,1,0.65,0,1,0.2776734227293848,0,0.2018966446523599,0.0,12,LOW
user_2654,12,1,0,0,1,242.0072472120891,1.2170435466817298,8.86474458454542,0,1,1,0,0,1,1,0.65,0,1,0.2776734227293848,0,0.2018966446523599,0.0,12,LOW
user_2655,16,1,0,0,1,154.61038337108613,23.673696436561524,29.11792145129842,0,1,1,0,0,1,1,0.65,0,1,0.2776734227293848,0,0.2018966446523599,0.0,12,LOW
user_2656,10,1,0,1,1,245.96570749374203,0.9214912707965156,14.446484258850669,0,1,1,1,0,1,1,0.85,0,1,0.2332993702223167,0,0.24213381063915532,0.10695635049384,19,LOW
user_2657,16,2,0,0,1,313.0102074854664,33.60386669934091,5.767397860361271,0,1,1,0,0,1,1,0.65,0,1,0.2776734227293848,0,0.2018966446523599,0.0,12,LOW
user_2658,14,1,1,1,1,218.79241378282296,31.16076601993048,6.479436596765113,0,1,1,1,1,1,1,1.0,0,1,0.1244119810262747,0,0.2600647053805528,0.3694114814818421,30,LOW
user_2659,15,2,0,0,1,207.82774316759017,2.073967045955963,10.439078442680206,0,1,1,0,0,1,1,0.65,0,1,0.2776734227293848,0,0.2018966446523599,0.0,12,LOW
user_2660,10,0,1,0,1,359.8706864176287,59.27758541941286,2.233926031381821,0,1,1,0,1,1,2,0.8999999999999999,0,1,0.1194195039721256,0,0.26547768987979625,0.3814450257597952,31,MEDIUM
user_2661,11,6,0,0,1,330.58210915125875,18.449915642131835,0.928291845633592,0,1,1,0,0,1,1,0.65,0,1,0.2776734227293848,0,0.2018966446523599,0.0,12,LOW
user_2662,15,0,0,0,1,194.1241277666752,58.69964910892499,3.728573411322313,0,1,1,0,0,1,2,0.75,0,1,0.2193048404666994,0,0.33007420523328185,0.14068786125229182,25,LOW
user_2663,11,5,0,1,1,248.3407908635385,57.9704169295549,15.068037004802402,0,1,1,1,0,1,2,0.95,0,1,0.1509357020843734,0,0.04950631867309361,0.30548041714105467,15,LOW
user_2664,15,5,0,0,1,259.7206945408849,5.486074667903285,2.974951284044467,0,1,1,0,0,1,1,0.65,0,1,0.2776734227293848,0,0.2018966446523599,0.0,12,LOW
user_2665,9,2,0,0,1,252.21962536357069,11.97419732919431,1.4013509237326809,0,1,1,0,0,1,1,0.65,0,1,0.2776734227293848,0,0.2018966446523599,0.0,12,LOW
user_2666,16,4,0,0,1,348.88040686276725,3.6148470234999945,2.4720906485207093,0,1,1,0,0,1,1,0.65,0,1,0.2776734227293848,0,0.2018966446523599,0.0,12,LOW
user_2667,10,2,0,0,1,245.2337935451652,37.28892872064464,11.362297731373843,0,1,1,0,0,1,1,0.65,0,1,0.2776734227293848,0,0.2018966446523599,0.0,12,LOW
user_2668,1,3,0,0,1,254.23409253786105,0.01,9.51783350419282,0,3,1,0,0,1,1,1.15,0,1,0.0815285198183811,0,0.0013513513513513514,0.47277500697029895,19,LOW
user_2669,15,1,1,0,1,281.31973770878494,66.05922155553999,11.65762207888158,0,1,1,0,1,1,2,0.8999999999999999,0,1,0.1194195039721256,0,0.26547768987979625,0.3814450257597952,31,MEDIUM
user_2670,11,1,0,0,1,311.39518296286,5.83664150123778,3.8854622699104113,0,1,1,0,0,1,1,0.65,0,1,0.2776734227293848,0,0.2018966446523599,0.0,12,LOW
user_2671,15,3,0,0,1,296.21395165824634,29.14827970849502,23.111832205124,0,1,1,0,0,1,1,0.65,0,1,0.2776734227293848,0,0.2018966446523599,0.0,12,LOW
user_2672,14,2,0,0,1,272.28508717869835,113.29062377589108,6.010610238430151,0,1,1,0,0,1,2,0.75,0,1,0.2193048404666994,0,0.33007420523328185,0.14068786125229182,25,LOW
user_2673,13,3,2,0,1,146.4780116763655,0.01,7.209563600539152,0,1,1,0,2,1,1,0.95,0,1,0.1483955927109178,0,0.007188301157192252,0.31160293273497597,13,LOW
user_2674,4,1,0,2,1,210.71173655649443,1.7813302325649265,29.72171540363388,1,3,1,2,0,1,1,1.5500000000000005,0,1,0.0178213557717713,0,0.9935488642050614,0.6263306409898065,85,HIGH
user_2675,3,2,1,2,1,289.16527243231627,22.19406088524182,38.76524014345614,1,3,1,2,1,1,1,1.7000000000000002,0,-1,-0.0341845052051249,1,1.0,0.7516822097583526,90,HIGH
user_2676,15,0,0,0,0,255.02392183675835,4.956479710692069,10.833574159155958,0,1,1,0,0,1,1,0.65,1,1,0.2776734227293848,0,0.15500519134380158,0.0,9,LOW
user_2677,9,0,0,0,1,289.5677180293771,0.7744417274778673,28.970313502014125,0,1,1,0,0,1,1,0.65,0,1,0.2776734227293848,0,0.2018966446523599,0.0,12,LOW
user_2678,14,1,0,0,1,353.2299637002749,10.197728456901372,7.79811097209151,0,1,1,0,0,1,1,0.65,0,1,0.2776734227293848,0,0.2018966446523599,0.0,12,LOW
user_2679,13,0,0,0,1,169.38220769644053,7.734701573713133,3.671336540267845,0,1,1,0,0,1,1,0.65,0,1,0.2776734227293848,0,0.2018966446523599,0.0,12,LOW
user_2680,16,0,1,0,1,308.274610488275,560.2530499507213,3.784720060640126,0,1,1,0,1,1,3,1.0,0,1,0.0520534259176199,0,0.4862092838962424,0.543819869811855,51,MEDIUM
user_2681,22,4,0,0,1,220.17819225038207,0.01,8.185756957887088,0,2,1,0,0,1,1,0.8999999999999999,0,1,0.190136950224284,0,0.20789731048021395,0.21099226023493423,21,LOW
user_2682,13,0,2,0,1,296.1209891564839,33.00880629793886,9.289609629590412,0,1,1,0,2,1,1,0.95,0,1,0.1483955927109178,0,0.007188301157192252,0.31160293273497597,13,LOW
user_2683,16,3,0,0,1,237.5267553979129,0.4093072356702271,5.791349252254435,0,1,1,0,0,1,1,0.65,0,1,0.2776734227293848,0,0.2018966446523599,0.0,12,LOW
user_2684,15,1,0,0,1,367.6202723335797,0.3730732129357644,21.52197055996067,0,1,1,0,0,1,1,0.65,0,1,0.2776734227293848,0,0.2018966446523599,0.0,12,LOW
user_2685,14,4,0,1,1,247.8052161757043,0.7437920528913813,5.563393690114399,0,1,1,1,0,1,1,0.85,0,1,0.2332993702223167,0,0.24213381063915532,0.10695635049384,19,LOW
user_2686,15,2,0,0,1,201.5691465386412,6.190979670994209,3.194117044502911,0,1,1,0,0,1,1,0.65,0,1,0.2776734227293848,0,0.2018966446523599,0.0,12,LOW
user_2687,9,1,0,1,1,265.19247736750606,11.70963488346206,0.0801390406526746,0,1,1,1,0,1,1,0.85,0,1,0.2332993702223167,0,0.24213381063915532,0.10695635049384,19,LOW
user_2688,16,2,0,0,1,259.4365668430962,23.402503928535506,35.25716189604209,0,1,1,0,0,1,1,0.65,0,1,0.2776734227293848,0,0.2018966446523599,0.0,12,LOW
user_2689,15,2,0,0,1,308.28582564662685,106.5641444316503,17.39052887915898,0,1,1,0,0,1,2,0.75,0,1,0.2193048404666994,0,0.33007420523328185,0.14068786125229182,25,LOW
user_2690,10,3,0,0,1,12.23243744516408,642.3957944984342,9.559664687168707,1,1,1,0,0,3,3,1.05,0,-1,-0.0182440342796388,1,1.0,0.7132603280726179,89,HIGH
user_2691,13,0,0,0,1,388.5038783501582,1.4316962627995282,17.751516688045875,0,1,1,0,0,1,1,0.65,0,1,0.2776734227293848,0,0.2018966446523599,0.0,12,LOW
user_2692,13,6,0,0,1,233.31575187586367,5.419724661960474,16.62254631122061,0,1,1,0,0,1,1,0.65,0,1,0.2776734227293848,0,0.2018966446523599,0.0,12,LOW
user_2693,13,2,0,0,1,234.0228030131716,57.03327275141169,26.860555695599395,0,1,1,0,0,1,2,0.75,0,1,0.2193048404666994,0,0.33007420523328185,0.14068786125229182,25,LOW
user_2694,15,1,0,1,1,203.76683699681675,30.04763940851312,4.878705903971045,0,1,1,1,0,1,1,0.85,0,1,0.2332993702223167,0,0.24213381063915532,0.10695635049384,19,LOW
user_2695,18,3,0,0,1,245.1401003012506,39.04011276903737,8.093490116727503,0,1,1,0,0,1,1,0.65,0,1,0.2776734227293848,0,0.2018966446523599,0.0,12,LOW
user_2696,17,2,1,1,1,253.86354726497729,522.1423493745299,1.038372583149736,0,1,1,1,1,1,3,1.2000000000000002,0,1,0.0077556794950734,0,0.7256893311414818,0.6505922970473988,70,MEDIUM
user_2697,10,4,0,0,1,256.87263179735265,3.6252682551687134,33.61460236084205,0,1,1,0,0,1,1,0.65,0,1,0.2776734227293848,0,0.2018966446523599,0.0,12,LOW
user_2698,15,2,0,0,0,244.03126052963995,2.9765152473732,42.08212448655895,0,1,1,0,0,1,1,0.65,1,1,0.2776734227293848,0,0.15500519134380158,0.0,9,LOW
user_2699,17,3,0,0,1,203.4107269963621,48.6523579044928,15.562965045340675,0,1,1,0,0,1,1,0.65,0,1,0.2776734227293848,0,0.2018966446523599,0.0,12,LOW
user_2700,15,0,0,0,1,187.1000923150587,5.892033317698735,6.053579086476571,0,1,1,0,0,1,1,0.65,0,1,0.2776734227293848,0,0.2018966446523599,0.0,12,LOW
user_2701,17,4,0,0,1,217.48957650986665,25.76111611627308,6.863041494242358,0,1,1,0,0,1,1,0.65,0,1,0.2776734227293848,0,0.2018966446523599,0.0,12,LOW
user_2702,3,4,0,2,1,308.49225961410684,18.150354078460225,5.715791977290596,1,3,1,2,0,1,1,1.5500000000000005,0,1,0.0178213557717713,0,0.9935488642050614,0.6263306409898065,85,HIGH
user_2703,17,1,0,0,1,321.40798112948875,19.65294762868364,3.4716408237104543,0,1,1,0,0,1,1,0.65,0,1,0.2776734227293848,0,0.2018966446523599,0.0,12,LOW
user_2704,14,0,0,0,1,235.3821278135739,5.436349143391551,7.503344536254701,0,1,1,0,0,1,1,0.65,0,1,0.2776734227293848,0,0.2018966446523599,0.0,12,LOW
user_2705,17,1,0,0,1,183.5050220119545,25.213309535876483,0.5492627462379143,0,1,1,0,0,1,1,0.65,0,1,0.2776734227293848,0,0.2018966446523599,0.0,12,LOW
user_2706,14,6,0,0,1,235.12958338099253,1.1014236182023474,48.14295199909747,0,1,1,0,0,1,1,0.65,0,1,0.2776734227293848,0,0.2018966446523599,0.0,12,LOW
user_2707,14,1,0,0,1,6.759587380578208,1194.1490335867552,5.517346622899875,1,1,1,0,0,3,4,1.15,0,-1,-0.0665595353490385,1,1.0,0.8297168916429857,93,HIGH
user_2708,12,2,0,0,1,299.93807011899725,0.6780860955793641,26.223301880744305,0,1,1,0,0,1,1,0.65,0,1,0.2776734227293848,0,0.2018966446523599,0.0,12,LOW
user_2709,18,0,0,0,1,273.04456149195283,1.2864521916531142,12.883384503866978,1,1,1,0,0,1,1,0.65,0,1,0.2776734227293848,0,0.2018966446523599,0.0,12,LOW
user_2710,11,2,0,0,1,297.76109502315416,9.813009589522908,3.424099133953934,0,1,1,0,0,1,1,0.65,0,1,0.2776734227293848,0,0.2018966446523599,0.0,12,LOW
user_2711,18,3,0,0,1,332.4339966804788,44.539093930330935,2.510963897061041,0,1,1,0,0,1,1,0.65,0,1,0.2776734227293848,0,0.2018966446523599,0.0,12,LOW
user_2712,15,6,1,0,1,170.82802790717284,7.432848147090357,54.43443435502134,0,1,2,0,1,1,1,1.0,0,1,0.0560620547821283,0,0.05391746019990748,0.5341577296734534,25,LOW
user_2713,9,2,0,0,1,216.47760787817265,15.963398072723091,14.789639924805766,0,1,1,0,0,1,1,0.65,0,1,0.2776734227293848,0,0.2018966446523599,0.0,12,LOW
user_2714,15,4,0,0,1,208.27670202979107,0.4535221638037024,2.872308064867056,0,1,1,0,0,1,1,0.65,0,1,0.2776734227293848,0,0.2018966446523599,0.0,12,LOW
user_2715,7,3,0,0,1,275.226863824259,2.0541054001429124,0.6982719963182392,0,2,1,0,0,1,1,0.8999999999999999,0,1,0.190136950224284,0,0.20789731048021395,0.21099226023493423,21,LOW
user_2716,15,0,0,2,1,249.60665343837584,23.410170801915896,11.937470833478542,0,1,1,2,0,1,1,1.05,0,1,0.1541262400811022,0,0.4301355521591885,0.2977901503981718,38,MEDIUM
user_2717,16,1,0,1,1,285.37867744136446,5.402909664614981,3.6099347942012057,0,1,1,1,0,1,1,0.85,0,1,0.2332993702223167,0,0.24213381063915532,0.10695635049384,19,LOW
user_2718,2,3,0,0,1,209.58675900796663,39.03673788176246,2.5016898649981405,0,3,1,0,0,1,1,1.15,0,1,0.0815285198183811,0,0.0013513513513513514,0.47277500697029895,19,LOW
user_2719,14,6,0,2,1,322.3171230407494,38.47345816728838,13.277893116316932,0,1,1,2,0,1,1,1.05,0,1,0.1541262400811022,0,0.4301355521591885,0.2977901503981718,38,MEDIUM
user_2720,19,4,0,0,1,235.8399775110419,47.48376167611677,11.371285766686212,0,2,1,0,0,1,1,0.8999999999999999,0,1,0.190136950224284,0,0.20789731048021395,0.21099226023493423,21,LOW
user_2721,11,1,0,0,1,281.67273311749096,77.19269140691625,6.566468465159868,0,1,1,0,0,1,2,0.75,0,1,0.2193048404666994,0,0.33007420523328185,0.14068786125229182,25,LOW
user_2722,10,1,0,0,1,311.7243899353764,15.197575935845062,28.586858892387085,0,1,1,0,0,1,1,0.65,0,1,0.2776734227293848,0,0.2018966446523599,0.0,12,LOW
user_2723,18,1,2,1,1,306.9074589296981,73.47503345356421,11.383048152071956,0,1,1,1,2,1,2,1.25,0,1,0.0075001764854595,0,0.0040416666666666665,0.6512081450014289,26,LOW
user_2724,19,5,0,0,1,261.6497045041078,36.96940328508032,22.38855279584086,0,2,1,0,0,1,1,0.8999999999999999,0,1,0.190136950224284,0,0.20789731048021395,0.21099226023493423,21,LOW
user_2725,14,4,2,1,1,289.1608143829527,3.109630292832368,2.1140390929995525,0,1,1,1,2,1,1,1.15,0,1,0.0590725335016217,0,0.024931712964170426,0.5269014661842195,23,LOW
user_2726,17,4,0,1,1,344.4996398383372,17.454005372072398,3.518948298822636,0,1,1,1,0,1,1,0.85,0,1,0.2332993702223167,0,0.24213381063915532,0.10695635049384,19,LOW
user_2727,18,2,0,0,1,270.81607403848176,63.89844122651738,1.103955409208641,0,1,1,0,0,1,2,0.75,0,1,0.2193048404666994,0,0.33007420523328185,0.14068786125229182,25,LOW
user_2728,11,2,0,0,1,196.2212158763052,14.49719483077773,3.632392963363245,0,1,1,0,0,1,1,0.65,0,1,0.2776734227293848,0,0.2018966446523599,0.0,12,LOW
user_2729,12,2,1,0,1,274.9830438578331,45.414259579692896,35.67665128299459,0,1,1,0,1,1,1,0.7999999999999999,0,1,0.2129135634933541,0,0.13356667006213288,0.15609298252120107,14,LOW
user_2730,17,1,2,0,1,237.76312691882453,17.12172454919693,32.92959653644549,0,1,1,0,2,1,1,0.95,0,1,0.1483955927109178,0,0.007188301157192252,0.31160293273497597,13,LOW
user_2731,19,2,0,0,1,99.11993193573934,2.82394581491538,14.287274634066891,0,2,1,0,0,2,1,1.0,0,1,0.0618751271830673,0,0.061783675212844294,0.5201462753655137,25,LOW
user_2732,15,0,0,0,1,267.71988142218555,3.999962301746221,7.361554440232808,0,1,1,0,0,1,1,0.65,0,1,0.2776734227293848,0,0.2018966446523599,0.0,12,LOW
user_2733,11,0,0,0,1,246.9990390009364,1.1950048699859743,15.176785693601346,0,1,1,0,0,1,1,0.65,0,1,0.2776734227293848,0,0.2018966446523599,0.0,12,LOW
user_2734,17,4,0,0,1,309.3850662898463,30.12165375385947,8.062866544872833,0,1,1,0,0,1,1,0.65,0,1,0.2776734227293848,0,0.2018966446523599,0.0,12,LOW
user_2735,12,4,0,0,1,194.99438055070164,56.017055710877294,0.0351467390804862,0,1,1,0,0,1,2,0.75,0,1,0.2193048404666994,0,0.33007420523328185,0.14068786125229182,25,LOW
user_2736,12,2,0,0,1,149.65742025724154,26.25970325504627,6.96246125219922,0,1,1,0,0,1,1,0.65,0,1,0.2776734227293848,0,0.2018966446523599,0.0,12,LOW
user_2737,15,2,1,0,1,250.12085156463056,33.567171990586026,9.136029621930136,0,1,1,0,1,1,1,0.7999999999999999,0,1,0.2129135634933541,0,0.13356667006213288,0.15609298252120107,14,LOW
user_2738,18,2,0,0,1,262.8106432563268,24.29914678670628,3.089034719334945,0,1,1,0,0,1,1,0.65,0,1,0.2776734227293848,0,0.2018966446523599,0.0,12,LOW
user_2739,9,4,0,0,1,245.6299767231341,29.755517720939384,2.272690046086892,0,1,1,0,0,1,1,0.65,0,1,0.2776734227293848,0,0.2018966446523599,0.0,12,LOW
user_2740,15,4,0,1,1,241.24252102112425,6.111131149137951,3.1994234391074587,0,1,1,1,0,1,1,0.85,0,1,0.2332993702223167,0,0.24213381063915532,0.10695635049384,19,LOW
user_2741,15,4,0,0,1,175.87638274762045,64.96238444988384,9.771765974686051,0,1,1,0,0,1,2,0.75,0,1,0.2193048404666994,0,0.33007420523328185,0.14068786125229182,25,LOW
user_2742,14,4,0,0,1,231.66497178150465,18.08138709397538,1.5789916404886062,0,1,1,0,0,1,1,0.65,0,1,0.2776734227293848,0,0.2018966446523599,0.0,12,LOW
user_2743,15,1,0,1,1,219.0956502297351,16.40109659194807,12.74138868482572,0,1,1,1,0,1,1,0.85,0,1,0.2332993702223167,0,0.24213381063915532,0.10695635049384,19,LOW
user_2744,6,1,0,0,1,304.3625244460464,138.69569082692132,5.493496026950647,0,2,1,0,0,1,2,1.0,0,1,0.1157188029811144,0,0.21090605726134576,0.39036495643785196,28,LOW
user_2745,13,2,0,0,1,262.75952184183683,12.10986666733424,4.359467785338106,0,1,1,0,0,1,1,0.65,0,1,0.2776734227293848,0,0.2018966446523599,0.0,12,LOW
user_2746,14,1,2,0,0,223.3201726952883,48.12518367555148,16.462642112246083,0,1,1,0,2,1,1,0.95,1,1,0.1483955927109178,0,0.0018309859154929577,0.31160293273497597,13,LOW
user_2747,10,4,0,1,1,343.433092585366,49.574947442557416,7.053478052880453,0,1,1,1,0,1,1,0.85,0,1,0.2332993702223167,0,0.24213381063915532,0.10695635049384,19,LOW
user_2748,15,1,0,1,1,223.86553942709943,6.620964914227138,4.7545938274591535,0,1,1,1,0,1,1,0.85,0,1,0.2332993702223167,0,0.24213381063915532,0.10695635049384,19,LOW
user_2749,13,0,0,0,1,273.4672034331698,2.4910803861043203,21.05003199377498,0,1,1,0,0,1,1,0.65,0,1,0.2776734227293848,0,0.2018966446523599,0.0,12,LOW
user_2750,19,2,0,0,1,229.98471998464305,92.84992253210436,4.592641163332782,0,2,1,0,0,1,2,1.0,0,1,0.1157188029811144,0,0.21090605726134576,0.39036495643785196,28,LOW
user_2751,18,6,0,1,1,337.86915090168026,13.873655489915413,19.589973952965533,0,1,1,1,0,1,1,0.85,0,1,0.2332993702223167,0,0.24213381063915532,0.10695635049384,19,LOW
user_2752,12,1,0,0,1,245.21158654881663,0.0555697644949957,7.015800342585512,0,1,1,0,0,1,1,0.65,0,1,0.2776734227293848,0,0.2018966446523599,0.0,12,LOW
user_2753,13,3,0,0,1,246.98485367344043,17.279619374895717,2.33202848640955,0,1,1,0,0,1,1,0.65,0,1,0.2776734227293848,0,0.2018966446523599,0.0,12,LOW
user_2754,13,2,2,0,1,231.6077784736372,24.143614276604943,9.48860898110387,0,1,1,0,2,1,1,0.95,0,1,0.1483955927109178,0,0.007188301157192252,0.31160293273497597,13,LOW
user_2755,12,0,0,0,1,251.7907155600729,37.41258166430062,3.359253229836909,0,1,1,0,0,1,1,0.65,0,1,0.2776734227293848,0,0.2018966446523599,0.0,12,LOW
user_2756,14,2,0,0,1,311.97227031887456,71.59222641568749,1.5917761459079016,0,1,1,0,0,1,2,0.75,0,1,0.2193048404666994,0,0.33007420523328185,0.14068786125229182,25,LOW
user_2757,11,3,2,0,1,290.75063068108125,61.67783598441851,0.9050405627844126,0,1,1,0,2,1,2,1.05,0,1,0.0515919801040551,0,0.01030309988802873,0.5449321090007749,22,LOW
user_2758,10,2,0,0,1,241.68457086697023,70.39192375774255,2.7667267989284205,0,1,1,0,0,1,2,0.75,0,1,0.2193048404666994,0,0.33007420523328185,0.14068786125229182,25,LOW
user_2759,15,4,0,0,1,342.07950638739925,0.8163121363913511,13.339093025321482,0,1,1,0,0,1,1,0.65,0,1,0.2776734227293848,0,0.2018966446523599,0.0,12,LOW
user_2760,15,1,0,0,1,292.37913848055416,31.10027121705845,18.20154143611537,0,1,1,0,0,1,1,0.65,0,1,0.2776734227293848,0,0.2018966446523599,0.0,12,LOW
user_2761,11,0,2,0,1,213.70913284815904,6.399997791036245,19.784807818380955,0,1,1,0,2,1,1,0.95,0,1,0.1483955927109178,0,0.007188301157192252,0.31160293273497597,13,LOW
user_2762,16,5,0,0,1,6.280950530145653,1637.4366242759988,3.149138801414344,1,1,1,0,0,3,4,1.15,0,-1,-0.0665595353490385,1,1.0,0.8297168916429857,93,HIGH
user_2763,12,2,1,0,1,215.0991718922058,40.27580063383655,10.816753309699845,0,1,1,0,1,1,1,0.7999999999999999,0,1,0.2129135634933541,0,0.13356667006213288,0.15609298252120107,14,LOW
user_2764,14,3,0,1,1,264.80092671301514,13.494764219727188,2.618246879544919,0,1,1,1,0,1,1,0.85,0,1,0.2332993702223167,0,0.24213381063915532,0.10695635049384,19,LOW
user_2765,16,4,0,0,1,275.8320222378856,62.10269695697375,9.748792930975766,0,1,1,0,0,1,2,0.75,0,1,0.2193048404666994,0,0.33007420523328185,0.14068786125229182,25,LOW
user_2766,13,1,0,0,0,321.5482609981211,1.0840442483325945,21.82236400710739,0,1,1,0,0,1,1,0.65,1,1,0.2776734227293848,0,0.15500519134380158,0.0,9,LOW
user_2767,15,3,0,0,1,174.32724149286,40.510048645507176,0.4175334747196946,1,1,1,0,0,1,1,0.65,0,1,0.2776734227293848,0,0.2018966446523599,0.0,12,LOW
user_2768,12,0,0,0,1,213.6506799631913,3.678718265451165,42.14863909632093,0,1,1,0,0,1,1,0.65,0,1,0.2776734227293848,0,0.2018966446523599,0.0,12,LOW
user_2769,13,1,0,0,1,169.3414398075292,4.857137046617453,17.549717757283993,0,1,1,0,0,1,1,0.65,0,1,0.2776734227293848,0,0.2018966446523599,0.0,12,LOW
user_2770,13,0,0,0,1,159.67204730523326,16.221163434174514,14.340659326645053,0,1,1,0,0,1,1,0.65,0,1,0.2776734227293848,0,0.2018966446523599,0.0,12,LOW
user_2771,11,4,0,0,1,202.3308752428009,12.587560138997585,11.755891055548776,0,1,1,0,0,1,1,0.65,0,1,0.2776734227293848,0,0.2018966446523599,0.0,12,LOW
user_2772,13,1,0,2,0,261.99673465764124,16.646682391475284,14.708675010147784,0,1,1,2,0,1,1,1.05,1,1,0.1541262400811022,0,0.09794779748495573,0.2977901503981718,18,LOW
user_2773,9,3,0,0,1,286.28366609341896,70.34632120841796,52.20496702502082,0,1,2,0,0,1,2,0.95,0,1,0.0629723747173235,0,0.055669134498905565,0.5175015407690124,24,LOW
user_2774,12,5,0,0,1,183.0987536026996,26.77898495297683,14.705080427116616,0,1,1,0,0,1,1,0.65,0,1,0.2776734227293848,0,0.2018966446523599,0.0,12,LOW
user_2775,13,2,0,0,1,191.4434448367656,8.573153824655808,4.332486992822474,0,1,1,0,0,1,1,0.65,0,1,0.2776734227293848,0,0.2018966446523599,0.0,12,LOW
user_2776,13,3,0,0,1,133.21060948059397,4.746005147807283,9.517154764681116,0,1,1,0,0,1,1,0.65,0,1,0.2776734227293848,0,0.2018966446523599,0.0,12,LOW
user_2777,13,2,0,0,1,252.8611324966197,13.620174083328688,4.108641811476405,0,1,1,0,0,1,1,0.65,0,1,0.2776734227293848,0,0.2018966446523599,0.0,12,LOW
user_2778,13,1,0,0,1,196.0716658817557,15.020628669042267,35.08741722019303,0,1,1,0,0,1,1,0.65,0,1,0.2776734227293848,0,0.2018966446523599,0.0,12,LOW
user_2779,15,2,0,0,1,9.425133536145571,1633.725794997152,23.039833984245725,1,1,1,0,0,3,4,1.15,0,-1,-0.0665595353490385,1,1.0,0.8297168916429857,93,HIGH
user_2780,16,3,0,0,1,264.58852797897566,350.1001867756234,8.38450973827534,0,1,1,0,0,1,3,0.8500000000000001,0,1,0.1140437691094343,0,0.29646344472155617,0.3944023499087308,34,MEDIUM
user_2781,12,6,0,0,1,229.71325539259348,36.47262068012746,15.199343516110009,0,1,1,0,0,1,1,0.65,0,1,0.2776734227293848,0,0.2018966446523599,0.0,12,LOW
user_2782,10,5,2,0,1,201.53325434733284,2.591278477961836,24.04473232907709,0,1,1,0,2,1,1,0.95,0,1,0.1483955927109178,0,0.007188301157192252,0.31160293273497597,13,LOW
user_2783,10,4,0,1,1,150.31978678834625,20.550286377186545,2.791852907655306,0,1,1,1,0,1,1,0.85,0,1,0.2332993702223167,0,0.24213381063915532,0.10695635049384,19,LOW
user_2784,12,4,0,0,1,157.92769338327415,24.42303269094964,8.662676540761442,0,1,1,0,0,1,1,0.65,0,1,0.2776734227293848,0,0.2018966446523599,0.0,12,LOW
user_2785,12,2,0,0,1,202.6715427256719,5.79299244714974,6.572325403955224,0,1,1,0,0,1,1,0.65,0,1,0.2776734227293848,0,0.2018966446523599,0.0,12,LOW
user_2786,11,3,0,0,1,198.0658270785417,43.71913036629499,14.766189509662668,0,1,1,0,0,1,1,0.65,0,1,0.2776734227293848,0,0.2018966446523599,0.0,12,LOW
user_2787,10,4,0,2,1,180.04968942924037,23.890874454932646,4.765570904741358,0,1,1,2,0,1,1,1.05,0,1,0.1541262400811022,0,0.4301355521591885,0.2977901503981718,38,MEDIUM
user_2788,12,2,0,1,1,262.62568364654066,25.941849229590545,12.34362047619679,0,1,1,1,0,1,1,0.85,0,1,0.2332993702223167,0,0.24213381063915532,0.10695635049384,19,LOW
user_2789,14,6,0,0,1,270.8559355448916,17.21610862709641,5.158265894617945,0,1,1,0,0,1,1,0.65,0,1,0.2776734227293848,0,0.2018966446523599,0.0,12,LOW
user_2790,15,2,0,1,1,212.4820561618963,60.086176108541565,1.1774225921282118,0,1,1,1,0,1,2,0.95,0,1,0.1509357020843734,0,0.04950631867309361,0.30548041714105467,15,LOW
user_2791,5,3,0,2,0,356.10913609591904,29.598338580614868,1.1330468899623225,1,3,1,2,0,1,1,1.5500000000000005,1,1,0.0178213557717713,0,1.0,0.6263306409898065,85,HIGH
user_2792,12,3,0,2,1,135.19623800903446,12.025019517399924,1.2676158761321012,0,1,1,2,0,1,1,1.05,0,1,0.1541262400811022,0,0.4301355521591885,0.2977901503981718,38,MEDIUM
user_2793,11,6,0,0,1,243.4898339383358,6.815104197581451,0.3306039788835641,0,1,1,0,0,1,1,0.65,0,1,0.2776734227293848,0,0.2018966446523599,0.0,12,LOW
user_2794,13,1,0,0,1,226.88518775472448,1.842823269299613,7.6136857456241955,0,1,1,0,0,1,1,0.65,0,1,0.2776734227293848,0,0.2018966446523599,0.0,12,LOW
user_2795,11,4,0,0,1,206.95794708196465,4.5188946966646295,11.144450133360095,0,1,1,0,0,1,1,0.65,0,1,0.2776734227293848,0,0.2018966446523599,0.0,12,LOW
user_2796,15,2,0,0,1,198.14022923921644,122.9387080617425,1.3550866250708231,1,1,1,0,0,1,2,0.75,0,1,0.2193048404666994,0,0.33007420523328185,0.14068786125229182,25,LOW
user_2797,8,1,0,0,1,239.5824070252585,13.054196611557444,9.463840275024946,0,2,1,0,0,1,1,0.8999999999999999,0,1,0.190136950224284,0,0.20789731048021395,0.21099226023493423,21,LOW
user_2798,12,4,0,0,1,226.46833036069629,57.23856968987629,9.106568278026783,0,1,1,0,0,1,2,0.75,0,1,0.2193048404666994,0,0.33007420523328185,0.14068786125229182,25,LOW
user_2799,14,3,0,0,1,216.48740837324644,4.675394643224056,1.5910599712032418,0,1,1,0,0,1,1,0.65,0,1,0.2776734227293848,0,0.2018966446523599,0.0,12,LOW
user_2800,14,3,0,0,1,162.07682190063753,13.85032593853706,5.176532120603758,0,1,1,0,0,1,1,0.65,0,1,0.2776734227293848,0,0.2018966446523599,0.0,12,LOW
user_2801,22,1,0,0,1,142.91329093137006,80.79805590576692,14.070511393389342,0,2,1,0,0,1,2,1.0,0,1,0.1157188029811144,0,0.21090605726134576,0.39036495643785196,28,LOW
user_2802,15,2,0,1,1,222.6890114882661,2.388892162496436,0.1689799588834625,0,1,1,1,0,1,1,0.85,0,1,0.2332993702223167,0,0.24213381063915532,0.10695635049384,19,LOW
user_2803,10,3,0,1,1,215.8742337302081,22.53408525770472,1.5893463593407238,0,1,1,1,0,1,1,0.85,0,1,0.2332993702223167,0,0.24213381063915532,0.10695635049384,19,LOW
user_2804,13,2,0,2,1,228.17778838339035,62.88576525628062,54.79449468962109,0,1,2,2,0,1,2,1.35,0,-1,-0.0213148785930613,1,0.100413690085059,0.720662092891058,35,MEDIUM
user_2805,8,1,0,0,1,233.48269212662947,74.73549247322477,13.225495191713105,0,2,1,0,0,1,2,1.0,0,1,0.1157188029811144,0,0.21090605726134576,0.39036495643785196,28,LOW
user_2806,13,6,0,0,1,208.6498594870309,46.77128076052738,6.238642056996577,0,1,1,0,0,1,1,0.65,0,1,0.2776734227293848,0,0.2018966446523599,0.0,12,LOW
user_2807,11,2,0,0,1,227.2555545709077,48.43716880513669,9.937156932520278,0,1,1,0,0,1,1,0.65,0,1,0.2776734227293848,0,0.2018966446523599,0.0,12,LOW
user_2808,16,4,0,0,1,188.78830151379032,26.40196669187133,18.722385810020945,0,1,1,0,0,1,1,0.65,0,1,0.2776734227293848,0,0.2018966446523599,0.0,12,LOW
user_2809,22,2,0,0,1,331.436748549797,0.01,18.470898631381075,0,2,1,0,0,1,1,0.8999999999999999,0,1,0.190136950224284,0,0.20789731048021395,0.21099226023493423,21,LOW
user_2810,13,1,0,0,1,192.01559111100187,32.79624027279916,3.92600368068056,0,1,1,0,0,1,1,0.65,0,1,0.2776734227293848,0,0.2018966446523599,0.0,12,LOW
user_2811,12,2,0,1,0,217.7411574320796,95.85857461994136,6.758799657764524,0,1,1,1,0,1,2,0.95,1,1,0.1509357020843734,0,0.059833691066340094,0.30548041714105467,16,LOW
user_2812,19,2,0,0,1,196.5726726531672,18.66019256799599,10.162632790124992,0,2,1,0,0,1,1,0.8999999999999999,0,1,0.190136950224284,0,0.20789731048021395,0.21099226023493423,21,LOW
user_2813,6,3,0,1,1,195.56510758770585,115.04739058556656,0.7461247102299041,0,2,1,1,0,1,2,1.2,0,1,0.0656383015143167,0,0.07883070542961215,0.5110757629826652,25,LOW
user_2814,19,3,0,0,1,241.4784939982768,21.30187694817,29.150116306366847,0,2,1,0,0,1,1,0.8999999999999999,0,1,0.190136950224284,0,0.20789731048021395,0.21099226023493423,21,LOW
user_2815,16,2,1,0,1,233.8659474070193,29.32884533539266,5.669407449586256,0,1,1,0,1,1,1,0.7999999999999999,0,1,0.2129135634933541,0,0.13356667006213288,0.15609298252120107,14,LOW
user_2816,15,0,0,0,1,212.4323765774874,5.838696896381,4.634051706478804,0,1,1,0,0,1,1,0.65,0,1,0.2776734227293848,0,0.2018966446523599,0.0,12,LOW
user_2817,15,2,0,0,1,222.9914405067413,31.7518667921537,23.762355239107727,0,1,1,0,0,1,1,0.65,0,1,0.2776734227293848,0,0.2018966446523599,0.0,12,LOW
user_2818,15,0,0,2,1,196.8111869404038,22.13390800278842,1.2588827438511814,0,1,1,2,0,1,1,1.05,0,1,0.1541262400811022,0,0.4301355521591885,0.2977901503981718,38,MEDIUM
user_2819,8,0,0,0,1,264.10353826356965,23.691304348781983,0.4005228809849748,0,2,1,0,0,1,1,0.8999999999999999,0,1,0.190136950224284,0,0.20789731048021395,0.21099226023493423,21,LOW
user_2820,13,5,1,0,1,363.3115645554428,9.13164815802156,11.551902982819351,0,1,1,0,1,1,1,0.7999999999999999,0,1,0.2129135634933541,0,0.13356667006213288,0.15609298252120107,14,LOW
user_2821,16,3,0,0,1,187.5095233660069,4.218361327397197,4.861378373744264,0,1,1,0,0,1,1,0.65,0,1,0.2776734227293848,0,0.2018966446523599,0.0,12,LOW
user_2822,13,3,1,0,1,263.6377934240763,24.41760400997786,14.45941648211484,0,1,1,0,1,1,1,0.7999999999999999,0,1,0.2129135634933541,0,0.13356667006213288,0.15609298252120107,14,LOW
user_2823,9,2,0,0,1,242.6969374212426,22.06130598263432,0.7100698222558282,0,1,1,0,0,1,1,0.65,0,1,0.2776734227293848,0,0.2018966446523599,0.0,12,LOW
user_2824,13,5,0,0,1,280.1177854879554,10.31270334146043,4.8411414563625605,0,1,1,0,0,1,1,0.65,0,1,0.2776734227293848,0,0.2018966446523599,0.0,12,LOW
user_2825,19,3,0,0,1,281.8075776297643,8.770647345294407,2.6830464932785154,0,2,1,0,0,1,1,0.8999999999999999,0,1,0.190136950224284,0,0.20789731048021395,0.21099226023493423,21,LOW
user_2826,15,4,0,0,1,252.3247618331196,0.01,13.455614570830082,0,1,1,0,0,1,1,0.65,0,1,0.2776734227293848,0,0.2018966446523599,0.0,12,LOW
user_2827,13,2,0,0,0,237.610765433094,16.827895784527016,2.576963198485491,0,1,1,0,0,1,1,0.65,1,1,0.2776734227293848,0,0.15500519134380158,0.0,9,LOW
user_2828,16,6,0,1,1,213.9329880210932,92.04236826525896,6.123884242784534,0,1,1,1,0,1,2,0.95,0,1,0.1509357020843734,0,0.04950631867309361,0.30548041714105467,15,LOW
user_2829,12,4,0,0,1,194.1023788134819,36.05200879069145,17.08581963391275,0,1,1,0,0,1,1,0.65,0,1,0.2776734227293848,0,0.2018966446523599,0.0,12,LOW
user_2830,8,4,0,0,1,234.1892603428929,47.719650761260816,24.69709144684942,0,2,1,0,0,1,1,0.8999999999999999,0,1,0.190136950224284,0,0.20789731048021395,0.21099226023493423,21,LOW
user_2831,11,0,1,0,1,162.92467011493918,17.61276596480764,12.823156569207304,0,1,1,0,1,1,1,0.7999999999999999,0,1,0.2129135634933541,0,0.13356667006213288,0.15609298252120107,14,LOW
user_2832,18,1,0,0,1,204.36864059295183,18.670219391015543,5.607661695533665,0,1,1,0,0,1,1,0.65,0,1,0.2776734227293848,0,0.2018966446523599,0.0,12,LOW
user_2833,14,1,0,0,1,306.4112174683541,39.10869838420859,8.485990810073858,0,1,1,0,0,1,1,0.65,0,1,0.2776734227293848,0,0.2018966446523599,0.0,12,LOW
user_2834,13,1,0,0,1,245.91073326478147,31.917694961874453,11.701833108643552,0,1,1,0,0,1,1,0.65,0,1,0.2776734227293848,0,0.2018966446523599,0.0,12,LOW
user_2835,13,4,0,1,1,293.559865136133,13.686548900352246,20.78902699474321,0,1,1,1,0,1,1,0.85,0,1,0.2332993702223167,0,0.24213381063915532,0.10695635049384,19,LOW
user_2836,19,0,0,0,1,328.17863319950544,33.91323016617452,21.943944487734065,0,2,1,0,0,1,1,0.8999999999999999,0,1,0.190136950224284,0,0.20789731048021395,0.21099226023493423,21,LOW
user_2837,18,0,0,0,1,229.37823264511096,13.150824344291756,26.73206719762625,0,1,1,0,0,1,1,0.65,0,1,0.2776734227293848,0,0.2018966446523599,0.0,12,LOW
user_2838,20,1,1,0,1,252.43955005161848,2.8717280212104046,16.644808537978516,0,2,1,0,1,1,1,1.05,0,1,0.1004614283124124,0,0.02209191694512681,0.4271403470204811,18,LOW
user_2839,13,1,1,0,1,221.88924635083467,4.750387619778261,1.5875887319150914,0,1,1,0,1,1,1,0.7999999999999999,0,1,0.2129135634933541,0,0.13356667006213288,0.15609298252120107,14,LOW
user_2840,14,1,0,0,1,12.742707799871848,1161.3504765078774,13.768967904807743,1,1,1,0,0,3,4,1.15,0,-1,-0.0665595353490385,1,1.0,0.8297168916429857,93,HIGH
user_2841,9,4,0,0,1,182.82190444005573,7.480930740570335,16.851984916544293,0,1,1,0,0,1,1,0.65,0,1,0.2776734227293848,0,0.2018966446523599,0.0,12,LOW
user_2842,18,3,0,0,1,290.5890223557895,7.675170715944097,21.026809176765525,0,1,1,0,0,1,1,0.65,0,1,0.2776734227293848,0,0.2018966446523599,0.0,12,LOW
user_2843,10,0,0,0,1,252.5176368291389,66.2568313406666,25.87828735737825,0,1,1,0,0,1,2,0.75,0,1,0.2193048404666994,0,0.33007420523328185,0.14068786125229182,25,LOW
user_2844,14,2,0,1,1,350.7961843248632,26.79699197183989,7.116366899505621,0,1,1,1,0,1,1,0.85,0,1,0.2332993702223167,0,0.24213381063915532,0.10695635049384,19,LOW
user_2845,10,2,0,0,1,298.32312077543344,3.034637872991034,10.64479579571864,0,1,1,0,0,1,1,0.65,0,1,0.2776734227293848,0,0.2018966446523599,0.0,12,LOW
user_2846,8,0,1,1,1,196.127220627818,19.225643572341337,0.0959869706671374,0,2,1,1,1,1,1,1.25,0,1,0.0530025780073042,0,0.049471929438013235,0.5415320949109698,25,LOW
user_2847,11,3,0,2,1,290.42053081360626,7.948976836804687,8.50464526936483,0,1,1,2,0,1,1,1.05,0,1,0.1541262400811022,0,0.4301355521591885,0.2977901503981718,38,MEDIUM
user_2848,12,3,0,1,1,221.69546765386468,22.534787458003503,6.409312359855001,0,1,1,1,0,1,1,0.85,0,1,0.2332993702223167,0,0.24213381063915532,0.10695635049384,19,LOW
user_2849,12,4,0,0,1,313.0115825477401,34.941514807648176,32.7825553411556,0,1,1,0,0,1,1,0.65,0,1,0.2776734227293848,0,0.2018966446523599,0.0,12,LOW
user_2850,12,4,0,1,0,210.8199673654188,8.022232611723533,23.198258504307603,0,1,1,1,0,1,1,0.85,1,1,0.2332993702223167,0,0.5768895551079612,0.10695635049384,39,MEDIUM
user_2851,16,0,2,0,1,176.85444238543965,51.12929534495978,15.97528755953854,0,1,1,0,2,1,2,1.05,0,1,0.0515919801040551,0,0.01030309988802873,0.5449321090007749,22,LOW
user_2852,10,6,0,0,1,192.25469537631545,2.890327323265217,0.586828293690387,0,1,1,0,0,1,1,0.65,0,1,0.2776734227293848,0,0.2018966446523599,0.0,12,LOW
user_2853,14,4,0,0,1,195.3201058551052,5.817197855950607,5.142127574377014,0,1,1,0,0,1,1,0.65,0,1,0.2776734227293848,0,0.2018966446523599,0.0,12,LOW
user_2854,17,5,0,0,1,189.5848941228801,88.05441520678625,11.908664760197528,0,1,1,0,0,1,2,0.75,0,1,0.2193048404666994,0,0.33007420523328185,0.14068786125229182,25,LOW
user_2855,12,0,0,2,1,205.6435034636936,3.618271505683351,0.3010951972979582,0,1,1,2,0,1,1,1.05,0,1,0.1541262400811022,0,0.4301355521591885,0.2977901503981718,38,MEDIUM
user_2856,11,5,0,0,1,291.40151221951425,458.27223070897617,2.6894379144022817,0,1,1,0,0,1,3,0.8500000000000001,0,1,0.1140437691094343,0,0.29646344472155617,0.3944023499087308,34,MEDIUM
user_2857,13,4,0,0,1,347.76265249597105,30.429412721462896,21.84865971541276,0,1,1,0,0,1,1,0.65,0,1,0.2776734227293848,0,0.2018966446523599,0.0,12,LOW
user_2858,17,4,0,0,1,160.18862906678976,1.8973916685515588,1.3901010746820337,0,1,1,0,0,1,1,0.65,0,1,0.2776734227293848,0,0.2018966446523599,0.0,12,LOW
user_2859,14,0,0,2,1,315.810782569989,16.5270128449083,0.527401345969172,0,1,1,2,0,1,1,1.05,0,1,0.1541262400811022,0,0.4301355521591885,0.2977901503981718,38,MEDIUM
user_2860,18,4,0,0,1,211.33777704153428,227.62145966638087,8.688961989657653,0,1,1,0,0,1,3,0.8500000000000001,0,1,0.1140437691094343,0,0.29646344472155617,0.3944023499087308,34,MEDIUM
user_2861,15,6,0,0,1,260.872951872134,67.25757720257239,29.274124498314453,0,1,1,0,0,1,2,0.75,0,1,0.2193048404666994,0,0.33007420523328185,0.14068786125229182,25,LOW
user_2862,10,3,0,0,1,140.75123816560216,13.665836551868471,17.995380838113746,1,1,1,0,0,1,1,0.65,0,1,0.2776734227293848,0,0.2018966446523599,0.0,12,LOW
user_2863,16,3,0,0,1,271.44210104069134,14.799247758021702,36.79820796760899,0,1,1,0,0,1,1,0.65,0,1,0.2776734227293848,0,0.2018966446523599,0.0,12,LOW
user_2864,15,5,0,0,1,119.68125619103624,2.9832113333509565,14.00487219713301,0,1,1,0,0,2,1,0.75,0,1,0.0934671910539906,0,0.40261253039389167,0.44399880482146026,42,MEDIUM
user_2865,13,2,1,0,1,258.8361043386099,25.48388624994137,5.751326589599609,0,1,1,0,1,1,1,0.7999999999999999,0,1,0.2129135634933541,0,0.13356667006213288,0.15609298252120107,14,LOW
user_2866,11,3,0,1,1,255.43536282176007,5.921459777700812,29.302524379021108,0,1,1,1,0,1,1,0.85,0,1,0.2332993702223167,0,0.24213381063915532,0.10695635049384,19,LOW
user_2867,11,2,0,0,1,251.46045805772803,2.0175988998093657,5.562297642825032,0,1,1,0,0,1,1,0.65,0,1,0.2776734227293848,0,0.2018966446523599,0.0,12,LOW
user_2868,15,5,0,0,1,195.90539096202423,144.56252705863056,4.30928490294394,0,1,1,0,0,1,2,0.75,0,1,0.2193048404666994,0,0.33007420523328185,0.14068786125229182,25,LOW
user_2869,17,0,0,0,1,272.97160046577864,7.855087863691912,5.945622191970195,0,1,1,0,0,1,1,0.65,0,1,0.2776734227293848,0,0.2018966446523599,0.0,12,LOW
user_2870,12,2,0,2,1,263.46489056500303,3.801206269944621,16.818685848704455,1,1,1,2,0,1,1,1.05,0,1,0.1541262400811022,0,0.4301355521591885,0.2977901503981718,38,MEDIUM
user_2871,15,3,1,2,1,227.4028329815328,30.05688735573177,24.97305800723609,0,1,1,2,1,1,1,1.2000000000000002,0,1,0.0547880072036045,0,0.4121174521254879,0.5372286116789389,46,MEDIUM
user_2872,7,4,1,0,1,280.31101843051164,43.10469200408106,4.426719420153191,0,2,1,0,1,1,1,1.05,0,1,0.1004614283124124,0,0.02209191694512681,0.4271403470204811,18,LOW
user_2873,12,3,0,2,1,234.26375120606968,1.6555649433406965,6.203567810124056,0,1,1,2,0,1,1,1.05,0,1,0.1541262400811022,0,0.4301355521591885,0.2977901503981718,38,MEDIUM
user_2874,21,5,0,0,1,271.7266295345257,0.01,22.85996677751205,1,2,1,0,0,1,1,0.8999999999999999,0,1,0.190136950224284,0,0.20789731048021395,0.21099226023493423,21,LOW
user_2875,11,5,2,0,1,232.4472403563546,2.36254281605602,0.4818619435103,0,1,1,0,2,1,1,0.95,0,1,0.1483955927109178,0,0.007188301157192252,0.31160293273497597,13,LOW
user_2876,11,0,0,0,1,253.0021194665724,1.202441812144777,15.31869158371826,0,1,1,0,0,1,1,0.65,0,1,0.2776734227293848,0,0.2018966446523599,0.0,12,LOW
user_2877,11,2,1,0,1,274.48337646451574,26.93030863770789,6.055352073939336,0,1,1,0,1,1,1,0.7999999999999999,0,1,0.2129135634933541,0,0.13356667006213288,0.15609298252120107,14,LOW
user_2878,14,0,0,0,1,216.1252455829179,22.18730969945196,4.724359466122199,0,1,1,0,0,1,1,0.65,0,1,0.2776734227293848,0,0.2018966446523599,0.0,12,LOW
user_2879,13,1,0,0,1,165.96980482474828,27.17746984342767,5.922549581787005,0,1,1,0,0,1,1,0.65,0,1,0.2776734227293848,0,0.2018966446523599,0.0,12,LOW
user_2880,7,2,0,1,1,256.5647403328893,17.61365575283301,5.424722636355152,0,2,1,1,0,1,1,1.1,0,1,0.1083396961540713,0,0.5687783155237143,0.4081510789922207,50,MEDIUM
user_2881,7,5,0,0,1,311.3634827167758,42.5261804664431,14.13125593498204,0,2,1,0,0,1,1,0.8999999999999999,0,1,0.190136950224284,0,0.20789731048021395,0.21099226023493423,21,LOW
user_2882,12,4,0,0,1,257.9490583774468,19.77827993448499,26.303605677338155,0,1,1,0,0,1,1,0.65,0,1,0.2776734227293848,0,0.2018966446523599,0.0,12,LOW
user_2883,15,0,0,0,1,12.020925869196615,387.6401442934203,6.762031949885854,1,1,1,0,0,3,3,1.05,0,-1,-0.0182440342796388,1,1.0,0.7132603280726179,89,HIGH
user_2884,5,0,0,0,1,237.4694336102016,465.02923295889553,17.88168638678805,0,3,1,0,0,1,3,1.35,0,-1,-0.032686997864732,1,0.1735604640457581,0.7480727147738536,40,MEDIUM
user_2885,12,3,2,2,1,284.3471191663921,39.09472898233818,13.165613635861636,0,1,1,2,2,1,1,1.3500000000000003,0,-1,-0.0012227218875239,1,0.6588122986256364,0.6722332559162896,66,MEDIUM
user_2886,12,2,0,0,1,228.84387503172377,13.079218593948609,4.014941810199874,0,1,1,0,0,1,1,0.65,0,1,0.2776734227293848,0,0.2018966446523599,0.0,12,LOW
user_2887,18,1,0,2,1,212.7660731323883,14.283147507839244,8.850678163155886,0,1,1,2,0,1,1,1.05,0,1,0.1541262400811022,0,0.4301355521591885,0.2977901503981718,38,MEDIUM
user_2888,3,4,0,2,1,306.31789517249194,47.26056907527967,10.99059413660676,1,3,1,2,0,1,1,1.5500000000000005,0,1,0.0178213557717713,0,0.9935488642050614,0.6263306409898065,85,HIGH
user_2889,15,5,0,0,1,208.1677009024391,2.8476967150463453,0.2377988544027801,0,1,1,0,0,1,1,0.65,0,1,0.2776734227293848,0,0.2018966446523599,0.0,12,LOW
user_2890,14,2,0,0,1,293.36825678710494,20.80550491901563,5.041074930666402,0,1,1,0,0,1,1,0.65,0,1,0.2776734227293848,0,0.2018966446523599,0.0,12,LOW
user_2891,7,4,0,0,1,306.3561277174625,32.39639779447676,49.1144753013737,0,2,1,0,0,1,1,0.8999999999999999,0,1,0.190136950224284,0,0.20789731048021395,0.21099226023493423,21,LOW
user_2892,16,2,0,0,1,274.00901592372367,34.69945599290614,10.14059105004278,0,1,1,0,0,1,1,0.65,0,1,0.2776734227293848,0,0.2018966446523599,0.0,12,LOW
user_2893,14,4,0,0,0,165.04586882564206,22.38118798616196,4.068321460165103,0,1,1,0,0,1,1,0.65,1,1,0.2776734227293848,0,0.15500519134380158,0.0,9,LOW
user_2894,15,2,0,0,1,241.6292945533499,14.858101466462042,2.877141254997781,0,1,1,0,0,1,1,0.65,0,1,0.2776734227293848,0,0.2018966446523599,0.0,12,LOW
user_2895,1,0,0,0,1,227.88000017648287,7.554075218911044,2.35066348853606,0,3,1,0,0,1,1,1.15,0,1,0.0815285198183811,0,0.0013513513513513514,0.47277500697029895,19,LOW
user_2896,7,5,0,0,1,210.2400446798812,60.03976703281868,5.135650541902066,0,2,1,0,0,1,2,1.0,0,1,0.1157188029811144,0,0.21090605726134576,0.39036495643785196,28,LOW
user_2897,19,2,1,0,1,248.56509524078564,11.542473124867232,2.147608973964508,0,2,1,0,1,1,1,1.05,0,1,0.1004614283124124,0,0.02209191694512681,0.4271403470204811,18,LOW
user_2898,13,4,1,0,1,286.1523808498529,40.11027527917621,1.452410345858156,0,1,1,0,1,1,1,0.7999999999999999,0,1,0.2129135634933541,0,0.13356667006213288,0.15609298252120107,14,LOW
user_2899,14,2,2,0,1,212.4868403921281,0.8044452550579326,4.526562244088211,0,1,1,0,2,1,1,0.95,0,1,0.1483955927109178,0,0.007188301157192252,0.31160293273497597,13,LOW
user_2900,13,0,1,0,1,229.7170395435796,6.604647543355798,9.33944885041409,0,1,1,0,1,1,1,0.7999999999999999,0,1,0.2129135634933541,0,0.13356667006213288,0.15609298252120107,14,LOW
user_2901,3,0,0,0,1,225.53646397008075,37.965276646747526,1.582916208016696,0,3,1,0,0,1,1,1.15,0,1,0.0815285198183811,0,0.0013513513513513514,0.47277500697029895,19,LOW
user_2902,12,2,0,1,1,309.8322627326587,27.836098139114306,0.453565034912154,0,1,1,1,0,1,1,0.85,0,1,0.2332993702223167,0,0.24213381063915532,0.10695635049384,19,LOW
user_2903,14,3,0,1,1,224.5739629313648,9.616971440326695,0.3524675059883256,0,1,1,1,0,1,1,0.85,0,1,0.2332993702223167,0,0.24213381063915532,0.10695635049384,19,LOW
user_2904,9,1,0,0,1,165.93566053429527,1.0560907604829768,3.1113393342204816,0,1,1,0,0,1,1,0.65,0,1,0.2776734227293848,0,0.2018966446523599,0.0,12,LOW
user_2905,16,3,1,0,1,145.59390966056918,4.775003153404732,2.108843662791453,0,1,1,0,1,1,1,0.7999999999999999,0,1,0.2129135634933541,0,0.13356667006213288,0.15609298252120107,14,LOW
user_2906,21,3,1,0,1,261.7637739939582,11.770427646049054,7.749113163363452,0,2,1,0,1,1,1,1.05,0,1,0.1004614283124124,0,0.02209191694512681,0.4271403470204811,18,LOW
user_2907,10,3,0,0,1,194.35909560684587,4.841059300354224,6.082918023262163,1,1,1,0,0,1,1,0.65,0,1,0.2776734227293848,0,0.2018966446523599,0.0,12,LOW
user_2908,12,2,0,2,1,280.1234703163487,5.695253075471688,3.9269689133483614,0,1,1,2,0,1,1,1.05,0,1,0.1541262400811022,0,0.4301355521591885,0.2977901503981718,38,MEDIUM
user_2909,17,5,0,2,1,160.12680068957212,36.62877954549899,17.930172648271594,1,1,1,2,0,1,1,1.05,0,1,0.1541262400811022,0,0.4301355521591885,0.2977901503981718,38,MEDIUM
user_2910,12,2,0,1,1,207.6652700033636,13.277138758083076,7.030904372911185,0,1,1,1,0,1,1,0.85,0,1,0.2332993702223167,0,0.24213381063915532,0.10695635049384,19,LOW
user_2911,15,2,0,0,1,160.16586902879112,12.987379259115,0.9599340444164116,0,1,1,0,0,1,1,0.65,0,1,0.2776734227293848,0,0.2018966446523599,0.0,12,LOW
user_2912,11,1,0,2,1,266.0766429329354,84.984727933564,3.5064225450464708,0,1,1,2,0,1,2,1.15,0,1,0.0682545724467911,0,0.5708054293276346,0.5047696724853863,54,MEDIUM
user_2913,16,1,2,0,0,278.930852437479,14.796456271740048,9341.821907396634,1,1,4,0,2,1,1,1.5500000000000005,1,-1,-0.0398435368800551,1,0.9980601933947105,0.7653223742482461,90,HIGH
user_2914,16,0,0,1,1,260.317509458196,65.65880594115431,37.71275494885512,0,1,1,1,0,1,2,0.95,0,1,0.1509357020843734,0,0.04950631867309361,0.30548041714105467,15,LOW
user_2915,5,3,1,0,1,174.84382077576942,0.01,2.9393040005282707,0,3,1,0,1,1,1,1.3,0,1,0.0162490086966805,0,0.009403192227619709,0.6301205248376833,26,LOW
user_2916,13,1,0,0,1,195.25417535336004,12.796748384413666,1.8300514494099849,0,1,1,0,0,1,1,0.65,0,1,0.2776734227293848,0,0.2018966446523599,0.0,12,LOW
user_2917,16,1,0,0,1,254.0588393166932,12.61625809216136,6.845604447567968,0,1,1,0,0,1,1,0.65,0,1,0.2776734227293848,0,0.2018966446523599,0.0,12,LOW
user_2918,14,4,0,0,1,138.73551551253814,19.745793386935865,6.56747593363887,0,1,1,0,0,1,1,0.65,0,1,0.2776734227293848,0,0.2018966446523599,0.0,12,LOW
user_2919,17,1,1,0,1,225.53190333672583,21.941616116099656,5.278661375695512,0,1,1,0,1,1,1,0.7999999999999999,0,1,0.2129135634933541,0,0.13356667006213288,0.15609298252120107,14,LOW
user_2920,11,1,0,1,1,331.0143212001529,7.129630771991337,7.5365591751594,0,1,1,1,0,1,1,0.85,0,1,0.2332993702223167,0,0.24213381063915532,0.10695635049384,19,LOW
user_2921,23,0,1,0,1,229.2026670491775,146.83261590888566,2.642199773116489,0,3,1,0,1,1,2,1.4,0,-1,-0.0218861284163053,1,0.011227614977614979,0.7220389965737833,30,LOW
user_2922,13,4,0,0,1,150.6873216580829,17.155577916654437,1.2208779709762547,0,1,1,0,0,1,1,0.65,0,1,0.2776734227293848,0,0.2018966446523599,0.0,12,LOW
user_2923,13,0,0,0,1,203.55544513943187,0.1767119110367975,8.450438057897449,0,1,1,0,0,1,1,0.65,0,1,0.2776734227293848,0,0.2018966446523599,0.0,12,LOW
user_2924,14,2,0,0,1,202.15846045934543,22.371832856047224,26.97080540175797,0,1,1,0,0,1,1,0.65,0,1,0.2776734227293848,0,0.2018966446523599,0.0,12,LOW
user_2925,14,2,0,2,1,368.4185267901937,39.99454724702742,1.4820918822126252,0,1,1,2,0,1,1,1.05,0,1,0.1541262400811022,0,0.4301355521591885,0.2977901503981718,38,MEDIUM
user_2926,13,3,0,0,1,339.9407448308337,7.2076145814677695,12.201520663326772,0,1,1,0,0,1,1,0.65,0,1,0.2776734227293848,0,0.2018966446523599,0.0,12,LOW
user_2927,14,3,0,0,1,283.8561260460947,0.965168785069446,5.760696156991497,0,1,1,0,0,1,1,0.65,0,1,0.2776734227293848,0,0.2018966446523599,0.0,12,LOW
user_2928,18,4,0,1,1,219.4154441555161,41.14977989318717,3.481068830142864,0,1,1,1,0,1,1,0.85,0,1,0.2332993702223167,0,0.24213381063915532,0.10695635049384,19,LOW
user_2929,6,0,0,1,1,312.0377796587834,78.5032887647595,19.18065950612912,0,2,1,1,0,1,2,1.2,0,1,0.0656383015143167,0,0.07883070542961215,0.5110757629826652,25,LOW
user_2930,16,1,1,0,1,171.99242165697248,1.991334150761891,6.097102910973053,0,1,1,0,1,1,1,0.7999999999999999,0,1,0.2129135634933541,0,0.13356667006213288,0.15609298252120107,14,LOW
user_2931,11,1,0,0,1,304.5945189146556,97.62549330506688,8.754175724260236,0,1,1,0,0,1,2,0.75,0,1,0.2193048404666994,0,0.33007420523328185,0.14068786125229182,25,LOW
user_2932,11,0,1,0,1,295.67841224520265,11.12885033822498,5.8529109791324485,0,1,1,0,1,1,1,0.7999999999999999,0,1,0.2129135634933541,0,0.13356667006213288,0.15609298252120107,14,LOW
user_2933,16,1,0,0,1,230.9192559210432,70.94241813512063,0.8474077312953754,0,1,1,0,0,1,2,0.75,0,1,0.2193048404666994,0,0.33007420523328185,0.14068786125229182,25,LOW
user_2934,16,1,0,0,1,308.3511788010464,26.162784847113468,9.036328985767488,0,1,1,0,0,1,1,0.65,0,1,0.2776734227293848,0,0.2018966446523599,0.0,12,LOW
user_2935,18,2,0,2,1,213.166732232169,55.23746013940275,5.42730850525126,0,1,1,2,0,1,2,1.15,0,1,0.0682545724467911,0,0.5708054293276346,0.5047696724853863,54,MEDIUM
user_2936,12,3,0,0,1,164.09486411410597,38.52498278583136,0.9075284691366832,0,1,1,0,0,1,1,0.65,0,1,0.2776734227293848,0,0.2018966446523599,0.0,12,LOW
user_2937,13,2,0,0,1,298.6779007799953,0.7099288080848272,9.058745056536615,0,1,1,0,0,1,1,0.65,0,1,0.2776734227293848,0,0.2018966446523599,0.0,12,LOW
user_2938,9,3,0,0,1,234.8854242516325,1.692053155930575,0.0991997267360206,0,1,1,0,0,1,1,0.65,0,1,0.2776734227293848,0,0.2018966446523599,0.0,12,LOW
user_2939,12,1,0,0,1,276.1068361979201,18.650232365626515,2.338511590005363,0,1,1,0,0,1,1,0.65,0,1,0.2776734227293848,0,0.2018966446523599,0.0,12,LOW
user_2940,16,1,0,1,1,349.2531954935644,3.4706063740773327,15.190011197009463,0,1,1,1,0,1,1,0.85,0,1,0.2332993702223167,0,0.24213381063915532,0.10695635049384,19,LOW
user_2941,12,3,0,0,1,196.66475565622216,15.45258083933744,0.3866538922724274,0,1,1,0,0,1,1,0.65,0,1,0.2776734227293848,0,0.2018966446523599,0.0,12,LOW
user_2942,15,0,0,0,1,231.39722970960148,77.3227691496557,10.403870552388184,0,1,1,0,0,1,2,0.75,0,1,0.2193048404666994,0,0.33007420523328185,0.14068786125229182,25,LOW
user_2943,13,0,0,0,1,334.17807027466284,8.730331561146185,29.898883069855565,0,1,1,0,0,1,1,0.65,0,1,0.2776734227293848,0,0.2018966446523599,0.0,12,LOW
user_2944,14,2,1,0,1,280.123903851317,16.780372222873872,1.877673078235892,0,1,1,0,1,1,1,0.7999999999999999,0,1,0.2129135634933541,0,0.13356667006213288,0.15609298252120107,14,LOW
user_2945,10,5,0,2,1,198.0130353477242,12.123247041960113,5.397599810403181,0,1,1,2,0,1,1,1.05,0,1,0.1541262400811022,0,0.4301355521591885,0.2977901503981718,38,MEDIUM
user_2946,14,4,0,0,1,182.69893778763128,24.844617961769018,8.56837848913287,0,1,1,0,0,1,1,0.65,0,1,0.2776734227293848,0,0.2018966446523599,0.0,12,LOW
user_2947,5,0,0,0,1,208.31516159379925,5.386979031206304,5.985933571461849,0,3,1,0,0,1,1,1.15,0,1,0.0815285198183811,0,0.0013513513513513514,0.47277500697029895,19,LOW
user_2948,13,4,0,0,1,195.6951177118273,7.525576394749279,9.685784315234244,0,1,1,0,0,1,1,0.65,0,1,0.2776734227293848,0,0.2018966446523599,0.0,12,LOW
user_2949,9,4,0,0,1,254.24088716937183,48.933757457012646,5.176782581366334,0,1,1,0,0,1,1,0.65,0,1,0.2776734227293848,0,0.2018966446523599,0.0,12,LOW
user_2950,17,3,0,0,1,244.706070431856,41.69472025947357,1.6076062800673587,0,1,1,0,0,1,1,0.65,0,1,0.2776734227293848,0,0.2018966446523599,0.0,12,LOW
user_2951,16,4,1,0,1,256.7542652565211,38.91991373088237,0.9326107645819348,0,1,1,0,1,1,1,0.7999999999999999,0,1,0.2129135634933541,0,0.13356667006213288,0.15609298252120107,14,LOW
user_2952,15,2,0,1,1,189.55123190641305,36.84205715045833,13.643104133678648,0,1,1,1,0,1,1,0.85,0,1,0.2332993702223167,0,0.24213381063915532,0.10695635049384,19,LOW
user_2953,18,1,0,0,1,235.74996554848468,15.378625070495476,2.726278901146093,0,1,1,0,0,1,1,0.65,0,1,0.2776734227293848,0,0.2018966446523599,0.0,12,LOW
user_2954,11,2,0,0,1,116.658013562627,32.6308371479987,18.802649180786787,0,1,1,0,0,2,1,0.75,0,1,0.0934671910539906,0,0.40261253039389167,0.44399880482146026,42,MEDIUM
user_2955,19,3,0,2,1,248.700379041682,12.243113066237928,13.587852067949388,0,2,1,2,0,1,1,1.3000000000000005,0,1,0.0461621116072437,0,0.06294630480760484,0.5580199133654522,26,LOW
user_2956,16,2,0,1,1,310.5264386973519,2.6537312264752173,0.5071786454996713,0,1,1,1,0,1,1,0.85,0,1,0.2332993702223167,0,0.24213381063915532,0.10695635049384,19,LOW
user_2957,2,3,0,2,1,154.51524543922918,12.496097013193005,2.246585947427993,1,3,1,2,0,1,1,1.5500000000000005,0,1,0.0178213557717713,0,0.9935488642050614,0.6263306409898065,85,HIGH
user_2958,3,5,0,2,1,269.00569383884766,4.319075960140497,3.4530081325115933,1,3,1,2,0,1,1,1.5500000000000005,0,1,0.0178213557717713,0,0.9935488642050614,0.6263306409898065,85,HIGH
user_2959,14,5,0,0,1,203.33913889436624,77.08432991468092,9.025906303701138,0,1,1,0,0,1,2,0.75,0,1,0.2193048404666994,0,0.33007420523328185,0.14068786125229182,25,LOW
user_2960,11,4,0,0,1,288.15006922160217,8.825085711017946,16.5982109644061,0,1,1,0,0,1,1,0.65,0,1,0.2776734227293848,0,0.2018966446523599,0.0,12,LOW
user_2961,12,4,0,0,1,249.51884707273672,22.85486494921096,0.6222999334183805,0,1,1,0,0,1,1,0.65,0,1,0.2776734227293848,0,0.2018966446523599,0.0,12,LOW
user_2962,12,5,0,0,1,8.068877723686516,960.2523860613404,2.871608108386389,1,1,1,0,0,3,3,1.05,0,-1,-0.0182440342796388,1,1.0,0.7132603280726179,89,HIGH
user_2963,10,0,0,1,1,243.8894339253264,30.56951954848412,4.719411247861701,0,1,1,1,0,1,1,0.85,0,1,0.2332993702223167,0,0.24213381063915532,0.10695635049384,19,LOW
user_2964,17,1,0,0,1,319.69990838306114,17.94351235570748,2.025779242305398,0,1,1,0,0,1,1,0.65,0,1,0.2776734227293848,0,0.2018966446523599,0.0,12,LOW
user_2965,13,2,0,0,1,260.84462866170617,62.98505450235506,7.881000387252195,0,1,1,0,0,1,2,0.75,0,1,0.2193048404666994,0,0.33007420523328185,0.14068786125229182,25,LOW
user_2966,15,4,0,2,1,197.67457715985293,2.385954171993672,6.500924408393422,0,1,1,2,0,1,1,1.05,0,1,0.1541262400811022,0,0.4301355521591885,0.2977901503981718,38,MEDIUM
user_2967,12,2,0,0,0,245.92290313926023,396.48926799930825,3.8052224690745655,0,1,1,0,0,1,3,0.8500000000000001,1,1,0.1140437691094343,0,0.11962363995082598,0.3944023499087308,23,LOW
user_2968,8,4,0,0,1,217.86713742203705,27.898809895541483,7.275044641767372,0,2,1,0,0,1,1,0.8999999999999999,0,1,0.190136950224284,0,0.20789731048021395,0.21099226023493423,21,LOW
user_2969,14,0,0,0,1,249.74399439117536,75.2085599064006,4.3977951726673865,0,1,1,0,0,1,2,0.75,0,1,0.2193048404666994,0,0.33007420523328185,0.14068786125229182,25,LOW
user_2970,8,1,0,0,1,214.81381725799125,11.612544487158544,4.203666884049468,0,2,1,0,0,1,1,0.8999999999999999,0,1,0.190136950224284,0,0.20789731048021395,0.21099226023493423,21,LOW
user_2971,13,4,0,0,1,199.3913558672212,9.111845107676205,3.084230543504778,0,1,1,0,0,1,1,0.65,0,1,0.2776734227293848,0,0.2018966446523599,0.0,12,LOW
user_2972,9,0,0,1,1,251.9563327649068,4.7304352924745645,7.77481274086691,0,1,1,1,0,1,1,0.85,0,1,0.2332993702223167,0,0.24213381063915532,0.10695635049384,19,LOW
user_2973,19,1,0,0,1,243.3473777169932,7.706934868270683,5.871945502507918,0,2,1,0,0,1,1,0.8999999999999999,0,1,0.190136950224284,0,0.20789731048021395,0.21099226023493423,21,LOW
user_2974,16,1,0,1,1,303.8373507027509,17.423397354754997,2.1856005177437923,0,1,1,1,0,1,1,0.85,0,1,0.2332993702223167,0,0.24213381063915532,0.10695635049384,19,LOW
user_2975,14,1,0,0,1,215.10264725203123,45.45971679632152,0.13051056645764,0,1,1,0,0,1,1,0.65,0,1,0.2776734227293848,0,0.2018966446523599,0.0,12,LOW
user_2976,17,3,0,0,1,121.14876915028157,8.361886908685829,1.636131050812801,0,1,1,0,0,1,1,0.65,0,1,0.2776734227293848,0,0.2018966446523599,0.0,12,LOW
user_2977,11,2,0,0,1,218.16775209220123,4.291725921966385,0.4377907226253771,0,1,1,0,0,1,1,0.65,0,1,0.2776734227293848,0,0.2018966446523599,0.0,12,LOW
user_2978,15,3,0,0,1,142.41415446500537,7.940767940351538,5.6492783075290856,0,1,1,0,0,1,1,0.65,0,1,0.2776734227293848,0,0.2018966446523599,0.0,12,LOW
user_2979,14,0,0,2,1,264.94031844579456,2.65977546744036,2.550172302286797,0,1,1,2,0,1,1,1.05,0,1,0.1541262400811022,0,0.4301355521591885,0.2977901503981718,38,MEDIUM
user_2980,14,4,0,0,1,139.56612429907273,65.32830346823654,5.455125398366806,0,1,1,0,0,1,2,0.75,0,1,0.2193048404666994,0,0.33007420523328185,0.14068786125229182,25,LOW
user_2981,17,2,0,2,1,180.697736255154,51.51532825321768,3.996568189802409,0,1,1,2,0,1,2,1.15,0,1,0.0682545724467911,0,0.5708054293276346,0.5047696724853863,54,MEDIUM
user_2982,16,3,1,2,1,218.25993250350825,9.222003740489152,7.722224461773908,0,1,1,2,1,1,1,1.2000000000000002,0,1,0.0547880072036045,0,0.4121174521254879,0.5372286116789389,46,MEDIUM
user_2983,21,4,0,2,1,332.6370362856687,0.01,12.86872025243672,0,2,1,2,0,1,1,1.3000000000000005,0,1,0.0461621116072437,0,0.06294630480760484,0.5580199133654522,26,LOW
user_2984,9,1,0,0,1,175.62659305710494,58.95173526947261,6.526079872411849,0,1,1,0,0,1,2,0.75,0,1,0.2193048404666994,0,0.33007420523328185,0.14068786125229182,25,LOW
user_2985,0,4,0,2,1,240.7442989887952,0.2187243848393788,0.6397128038410405,0,3,1,2,0,1,1,1.5500000000000005,0,1,0.0178213557717713,0,0.9935488642050614,0.6263306409898065,85,HIGH
user_2986,1,3,0,0,1,274.7985946174355,9.773160189808795,0.1766560340240196,0,3,1,0,0,1,1,1.15,0,1,0.0815285198183811,0,0.0013513513513513514,0.47277500697029895,19,LOW
user_2987,14,2,2,0,0,329.0436331932418,61.92458135759789,12871.383385350298,1,1,4,0,2,1,2,1.65,1,-1,-0.0795610185938726,1,1.0,0.8610548272226302,94,HIGH
user_2988,3,1,2,2,1,286.6676851032846,17.760257811869106,5.53328737556375,1,3,1,2,2,1,1,1.8500000000000003,0,-1,-0.0696275775772599,1,0.959253424354354,0.8371119024962153,91,HIGH
user_2989,21,5,1,1,1,305.6344170979479,0.0742842437396208,0.4594449698228411,0,2,1,1,1,1,1,1.25,0,1,0.0530025780073042,0,0.049471929438013235,0.5415320949109698,25,LOW
user_2990,21,4,0,0,1,291.85842353109246,0.01,3.971008931451221,0,2,1,0,0,1,1,0.8999999999999999,0,1,0.190136950224284,0,0.20789731048021395,0.21099226023493423,21,LOW
user_2991,15,1,0,0,1,167.45262171623165,63.91809998140923,21.80594989649566,0,1,1,0,0,1,2,0.75,0,1,0.2193048404666994,0,0.33007420523328185,0.14068786125229182,25,LOW
user_2992,14,1,0,0,1,261.5815262590228,0.4292242769679334,0.9433158282396692,0,1,1,0,0,1,1,0.65,0,1,0.2776734227293848,0,0.2018966446523599,0.0,12,LOW
user_2993,13,4,0,0,1,290.9196571303333,12.554071603889383,29.66494100758547,0,1,1,0,0,1,1,0.65,0,1,0.2776734227293848,0,0.2018966446523599,0.0,12,LOW
user_2994,11,3,0,0,1,182.6099826195588,38.98582244010171,19.4261800268475,0,1,1,0,0,1,1,0.65,0,1,0.2776734227293848,0,0.2018966446523599,0.0,12,LOW
user_2995,14,4,0,1,1,205.21440739655864,45.5180197742487,17.82489504505335,0,1,1,1,0,1,1,0.85,0,1,0.2332993702223167,0,0.24213381063915532,0.10695635049384,19,LOW
user_2996,14,2,0,0,1,191.80846229237665,16.233422152646586,19.925925909734413,0,1,1,0,0,1,1,0.65,0,1,0.2776734227293848,0,0.2018966446523599,0.0,12,LOW
user_2997,10,3,0,1,1,286.357379158082,6.61489073410565,0.8343624657620641,0,1,1,1,0,1,1,0.85,0,1,0.2332993702223167,0,0.24213381063915532,0.10695635049384,19,LOW
user_2998,15,2,0,0,1,235.8431327802521,22.88881996073556,1.6389410282556405,0,1,1,0,0,1,1,0.65,0,1,0.2776734227293848,0,0.2018966446523599,0.0,12,LOW
user_2999,13,1,2,2,1,220.74924633989417,7.655590454090815,1.443005166850272,0,1,1,2,2,1,1,1.3500000000000003,0,-1,-0.0012227218875239,1,0.6588122986256364,0.6722332559162896,66,MEDIUM
user_3000,8,3,0,0,1,163.09980500082074,7.368145806148658,1.1793008356269488,0,2,1,0,0,1,1,0.8999999999999999,0,1,0.190136950224284,0,0.20789731048021395,0.21099226023493423,21,LOW
user_3001,11,6,2,0,1,235.95634480837245,41.20443777515083,3.970672979287549,0,1,1,0,2,1,1,0.95,0,1,0.1483955927109178,0,0.007188301157192252,0.31160293273497597,13,LOW
user_3002,12,1,0,0,1,205.94469870091507,4.188754871855329,17.73233438496561,0,1,1,0,0,1,1,0.65,0,1,0.2776734227293848,0,0.2018966446523599,0.0,12,LOW
user_3003,19,2,0,0,1,254.60037391584973,0.1384194526962348,2.903016921696312,0,2,1,0,0,1,1,0.8999999999999999,0,1,0.190136950224284,0,0.20789731048021395,0.21099226023493423,21,LOW
user_3004,15,3,0,1,1,171.42196808127295,10.266032676255376,2.800071719820444,0,1,1,1,0,1,1,0.85,0,1,0.2332993702223167,0,0.24213381063915532,0.10695635049384,19,LOW
user_3005,9,3,0,0,1,250.67437557037204,16.88140236930486,11.266684808235386,0,1,1,0,0,1,1,0.65,0,1,0.2776734227293848,0,0.2018966446523599,0.0,12,LOW
user_3006,15,4,0,1,1,213.6629537700708,30.526311867016304,1.019497856345713,0,1,1,1,0,1,1,0.85,0,1,0.2332993702223167,0,0.24213381063915532,0.10695635049384,19,LOW
user_3007,9,4,1,0,1,165.0421844558912,37.98024945338991,4.467246864197498,0,1,1,0,1,1,1,0.7999999999999999,0,1,0.2129135634933541,0,0.13356667006213288,0.15609298252120107,14,LOW
user_3008,17,0,2,0,1,160.3629577273112,27.23035556407894,3.501623496281186,0,1,1,0,2,1,1,0.95,0,1,0.1483955927109178,0,0.007188301157192252,0.31160293273497597,13,LOW
user_3009,12,6,0,0,1,169.3787767186383,24.62152626602127,18.79285725774357,0,1,1,0,0,1,1,0.65,0,1,0.2776734227293848,0,0.2018966446523599,0.0,12,LOW
user_3010,18,4,0,0,1,227.61605655356743,0.01,7.225786228205639,0,1,1,0,0,1,1,0.65,0,1,0.2776734227293848,0,0.2018966446523599,0.0,12,LOW
user_3011,17,4,0,0,1,247.25972606181003,7.920101356449358,10.397970131939456,0,1,1,0,0,1,1,0.65,0,1,0.2776734227293848,0,0.2018966446523599,0.0,12,LOW
user_3012,10,3,0,0,1,256.1894179426309,12.04629143747202,1.3815272679453183,0,1,1,0,0,1,1,0.65,0,1,0.2776734227293848,0,0.2018966446523599,0.0,12,LOW
user_3013,9,4,0,2,1,258.45317506370685,23.956252357629428,26.43924804356257,0,1,1,2,0,1,1,1.05,0,1,0.1541262400811022,0,0.4301355521591885,0.2977901503981718,38,MEDIUM
user_3014,12,0,0,0,1,194.488604341248,1.695481698779585,3.892751075042841,0,1,1,0,0,1,1,0.65,0,1,0.2776734227293848,0,0.2018966446523599,0.0,12,LOW
user_3015,17,1,0,0,1,303.50417448571056,8.750476803671312,12.27032779691526,0,1,1,0,0,1,1,0.65,0,1,0.2776734227293848,0,0.2018966446523599,0.0,12,LOW
user_3016,9,4,0,0,1,213.46646843951083,13.03953756653155,30.92819990383565,0,1,1,0,0,1,1,0.65,0,1,0.2776734227293848,0,0.2018966446523599,0.0,12,LOW
user_3017,5,1,0,0,1,267.00898560358394,19.059252829898483,7.105962573268939,0,3,1,0,0,1,1,1.15,0,1,0.0815285198183811,0,0.0013513513513513514,0.47277500697029895,19,LOW
user_3018,12,0,0,1,1,230.150673990371,16.66176014358463,7.083324122705533,0,1,1,1,0,1,1,0.85,0,1,0.2332993702223167,0,0.24213381063915532,0.10695635049384,19,LOW
user_3019,15,4,0,1,1,262.5372739021825,31.657899261403777,1.2471259116728626,0,1,1,1,0,1,1,0.85,0,1,0.2332993702223167,0,0.24213381063915532,0.10695635049384,19,LOW
user_3020,17,4,2,0,1,227.1403160313052,16.034117228501334,4.947481557175411,0,1,1,0,2,1,1,0.95,0,1,0.1483955927109178,0,0.007188301157192252,0.31160293273497597,13,LOW
user_3021,12,0,0,1,1,263.618092594474,58.619050079376855,19.13689428950961,0,1,1,1,0,1,2,0.95,0,1,0.1509357020843734,0,0.04950631867309361,0.30548041714105467,15,LOW
user_3022,12,4,1,0,1,239.5566678071806,11.963734697268624,1.4514890922548846,0,1,1,0,1,1,1,0.7999999999999999,0,1,0.2129135634933541,0,0.13356667006213288,0.15609298252120107,14,LOW
user_3023,17,3,0,0,1,288.8304342390413,18.630583015235995,24.95007054296824,0,1,1,0,0,1,1,0.65,0,1,0.2776734227293848,0,0.2018966446523599,0.0,12,LOW
user_3024,8,2,2,0,1,190.8788974073281,0.080388848968802,11.005423932821971,0,2,1,0,2,1,1,1.2000000000000002,0,1,0.0458866002061858,0,0.0031251686909581646,0.5586839882540799,23,LOW
user_3025,12,4,0,1,1,133.8065198465653,9.293915297836696,5.463834343142972,0,1,1,1,0,1,1,0.85,0,1,0.2332993702223167,0,0.24213381063915532,0.10695635049384,19,LOW
user_3026,14,2,0,0,1,181.5985548339542,50.35501492885719,7.907565221687644,0,1,1,0,0,1,2,0.75,0,1,0.2193048404666994,0,0.33007420523328185,0.14068786125229182,25,LOW
user_3027,15,1,1,0,1,304.135104914282,10.145744162059644,1.631033446311556,0,1,1,0,1,1,1,0.7999999999999999,0,1,0.2129135634933541,0,0.13356667006213288,0.15609298252120107,14,LOW
user_3028,12,1,0,0,1,230.7264708067356,7.298489179433351,2.45240006173042,0,1,1,0,0,1,1,0.65,0,1,0.2776734227293848,0,0.2018966446523599,0.0,12,LOW
user_3029,14,2,0,0,0,245.52373773279373,19.60618878576504,3.374445070162699,0,1,1,0,0,1,1,0.65,1,1,0.2776734227293848,0,0.15500519134380158,0.0,9,LOW
user_3030,6,2,2,2,1,176.78180315721676,2.0500558233835955,4.858828281234635,0,2,1,2,2,1,1,1.6000000000000003,0,-1,-0.0315680296213147,1,0.2480026016431047,0.7453756259827103,45,MEDIUM
user_3031,12,4,0,0,1,243.9332235090167,18.96109007549244,24.71264074276801,0,1,1,0,0,1,1,0.65,0,1,0.2776734227293848,0,0.2018966446523599,0.0,12,LOW
user_3032,15,4,2,0,0,178.63124135563822,9.0481389738857,4.581841947153097,0,1,1,0,2,1,1,0.95,1,1,0.1483955927109178,0,0.0018309859154929577,0.31160293273497597,13,LOW
user_3033,11,3,0,0,1,187.4531234968347,12.076325682194742,7.419913509987537,0,1,1,0,0,1,1,0.65,0,1,0.2776734227293848,0,0.2018966446523599,0.0,12,LOW
user_3034,14,4,1,0,1,215.8509790305672,39.1792246510782,1.7676839786307994,0,1,1,0,1,1,1,0.7999999999999999,0,1,0.2129135634933541,0,0.13356667006213288,0.15609298252120107,14,LOW
user_3035,15,1,0,0,1,266.7058354705287,27.11507338401347,13.317046698213318,0,1,1,0,0,1,1,0.65,0,1,0.2776734227293848,0,0.2018966446523599,0.0,12,LOW
user_3036,12,0,0,0,0,273.1108548385506,14.769552860192627,8.216190491991581,0,1,1,0,0,1,1,0.65,1,1,0.2776734227293848,0,0.15500519134380158,0.0,9,LOW
user_3037,14,4,0,0,1,274.7426938762702,21.54011109455636,5.796532553046928,0,1,1,0,0,1,1,0.65,0,1,0.2776734227293848,0,0.2018966446523599,0.0,12,LOW
user_3038,11,0,1,0,1,144.71495309733757,36.40277021848196,29.409877869927776,0,1,1,0,1,1,1,0.7999999999999999,0,1,0.2129135634933541,0,0.13356667006213288,0.15609298252120107,14,LOW
user_3039,13,1,0,0,1,239.6001299765844,34.23924943327308,22.13209251521865,0,1,1,0,0,1,1,0.65,0,1,0.2776734227293848,0,0.2018966446523599,0.0,12,LOW
user_3040,15,3,0,0,1,228.19308999703583,5.124049513574838,10.773732592107445,0,1,1,0,0,1,1,0.65,0,1,0.2776734227293848,0,0.2018966446523599,0.0,12,LOW
user_3041,14,2,0,0,1,148.06905503511268,8.949724529805748,25.486442905194625,0,1,1,0,0,1,1,0.65,0,1,0.2776734227293848,0,0.2018966446523599,0.0,12,LOW
user_3042,12,4,0,0,0,240.9590260033319,10.701854353754962,8.319077528196196,0,1,1,0,0,1,1,0.65,1,1,0.2776734227293848,0,0.15500519134380158,0.0,9,LOW
user_3043,14,1,0,0,1,224.97436695379432,5.192285384244539,17.54100465573483,0,1,1,0,0,1,1,0.65,0,1,0.2776734227293848,0,0.2018966446523599,0.0,12,LOW
user_3044,16,0,1,0,1,270.69154032707326,0.3059002393522687,5.267181844604033,0,1,1,0,1,1,1,0.7999999999999999,0,1,0.2129135634933541,0,0.13356667006213288,0.15609298252120107,14,LOW
user_3045,7,1,0,0,1,244.87482457438816,4.778022002064726,0.9073925290862888,0,2,1,0,0,1,1,0.8999999999999999,0,1,0.190136950224284,0,0.20789731048021395,0.21099226023493423,21,LOW
user_3046,17,3,0,1,1,207.0407681830048,41.28833135499277,51.41072540664667,0,1,2,1,0,1,1,1.05,0,1,0.0574023346576487,0,0.03386407145826229,0.5309272056165586,23,LOW
user_3047,12,2,0,0,1,295.54574702741866,19.73707197730823,1.8108015264692008,0,1,1,0,0,1,1,0.65,0,1,0.2776734227293848,0,0.2018966446523599,0.0,12,LOW
user_3048,15,2,0,1,1,106.72598995349256,10.450769170934043,2.896974877160621,0,1,1,1,0,2,1,0.95,0,1,0.0868800058507494,0,0.049146048626075106,0.4598761306359884,21,LOW
user_3049,17,4,0,1,1,236.14409229422336,23.43431283235963,1.7805473992742036,0,1,1,1,0,1,1,0.85,0,1,0.2332993702223167,0,0.24213381063915532,0.10695635049384,19,LOW
user_3050,9,5,0,0,1,134.20494408048387,33.66089679883895,4.117038053411594,0,1,1,0,0,1,1,0.65,0,1,0.2776734227293848,0,0.2018966446523599,0.0,12,LOW
user_3051,11,1,0,0,1,185.2684037276328,10.940454934283435,3.4147692643224192,0,1,1,0,0,1,1,0.65,0,1,0.2776734227293848,0,0.2018966446523599,0.0,12,LOW
user_3052,19,2,0,0,1,271.488822180561,114.9431792546698,9.190501569611554,0,2,1,0,0,1,2,1.0,0,1,0.1157188029811144,0,0.21090605726134576,0.39036495643785196,28,LOW
user_3053,11,3,0,0,1,163.54815117355184,1.6591906010407769,56.43632625088944,0,1,2,0,0,1,1,0.85,0,1,0.0725673737099781,0,0.033557155468056085,0.4943743748406145,22,LOW
user_3054,19,5,0,1,1,154.5769308777639,465.5478267357309,0.5393789931193189,0,2,1,1,0,1,3,1.2999999999999998,0,-1,-0.010353334361891,1,0.2314679369928652,0.6942410945710142,42,MEDIUM
user_3055,11,6,0,0,1,382.9166990049375,11.017222217763758,15.070758976099572,0,1,1,0,0,1,1,0.65,0,1,0.2776734227293848,0,0.2018966446523599,0.0,12,LOW
user_3056,12,1,0,0,1,158.44265691479012,14.20799856807548,1.3695659411430463,0,1,1,0,0,1,1,0.65,0,1,0.2776734227293848,0,0.2018966446523599,0.0,12,LOW
user_3057,14,4,0,0,1,339.0312541852784,13.730527049428998,0.2003437927345475,0,1,1,0,0,1,1,0.65,0,1,0.2776734227293848,0,0.2018966446523599,0.0,12,LOW
user_3058,10,2,0,2,1,229.6678701252444,25.01962893584902,10.177057637433006,0,1,1,2,0,1,1,1.05,0,1,0.1541262400811022,0,0.4301355521591885,0.2977901503981718,38,MEDIUM
user_3059,12,0,0,0,0,208.5102527136615,21.24299847032174,20.66053395164652,0,1,1,0,0,1,1,0.65,1,1,0.2776734227293848,0,0.15500519134380158,0.0,9,LOW
user_3060,14,0,1,0,1,274.0071834352923,13.709122520124833,1.939470800566033,0,1,1,0,1,1,1,0.7999999999999999,0,1,0.2129135634933541,0,0.13356667006213288,0.15609298252120107,14,LOW
user_3061,23,2,0,0,1,320.1956445326699,60.26640076629496,4.1796356641491945,0,3,1,0,0,1,2,1.25,0,1,0.0406781887288436,0,0.004507732605558692,0.5712380069206875,23,LOW
user_3062,13,2,0,0,1,171.2359234735003,24.25301091577405,1.8482493269400069,0,1,1,0,0,1,1,0.65,0,1,0.2776734227293848,0,0.2018966446523599,0.0,12,LOW
user_3063,12,0,0,0,1,209.3850126162881,52.91871677172332,23.698748010759505,0,1,1,0,0,1,2,0.75,0,1,0.2193048404666994,0,0.33007420523328185,0.14068786125229182,25,LOW
user_3064,9,3,0,0,1,290.81218408105514,36.69320448782449,3.1520460980945515,0,1,1,0,0,1,1,0.65,0,1,0.2776734227293848,0,0.2018966446523599,0.0,12,LOW
user_3065,14,1,0,0,1,257.27965874562,99.90636385681556,5.882699862140338,0,1,1,0,0,1,2,0.75,0,1,0.2193048404666994,0,0.33007420523328185,0.14068786125229182,25,LOW
user_3066,19,3,0,0,1,306.1150698384829,3.743706974689623,22.513339241830085,0,2,1,0,0,1,1,0.8999999999999999,0,1,0.190136950224284,0,0.20789731048021395,0.21099226023493423,21,LOW
user_3067,14,1,0,0,1,270.9067172659068,6.292435665709132,8.049041181381876,0,1,1,0,0,1,1,0.65,0,1,0.2776734227293848,0,0.2018966446523599,0.0,12,LOW
user_3068,14,0,0,0,1,348.4934405489489,19.37343973052873,27.00823389058332,0,1,1,0,0,1,1,0.65,0,1,0.2776734227293848,0,0.2018966446523599,0.0,12,LOW
user_3069,16,2,0,0,1,250.71531593001905,6.725816548448584,26.09795469571779,0,1,1,0,0,1,1,0.65,0,1,0.2776734227293848,0,0.2018966446523599,0.0,12,LOW
user_3070,10,1,0,0,1,253.3086688998577,0.8790184637039835,6.19155394958244,0,1,1,0,0,1,1,0.65,0,1,0.2776734227293848,0,0.2018966446523599,0.0,12,LOW
user_3071,19,2,0,0,1,9.941310516117005,581.7128615375323,8.731896071055905,1,2,1,0,0,3,3,1.3,0,-1,-0.0690986418510424,1,0.9946871657754012,0.8358369899803251,93,HIGH
user_3072,14,1,0,0,1,231.4506688964065,8.479463078222134,2.61772995128481,0,1,1,0,0,1,1,0.65,0,1,0.2776734227293848,0,0.2018966446523599,0.0,12,LOW
user_3073,18,2,0,0,1,290.88522952805545,7.655006876767326,46.60241006373873,0,1,1,0,0,1,1,0.65,0,1,0.2776734227293848,0,0.2018966446523599,0.0,12,LOW
user_3074,11,0,0,0,1,254.2224734317816,76.53228529653563,3.2616882412505444,0,1,1,0,0,1,2,0.75,0,1,0.2193048404666994,0,0.33007420523328185,0.14068786125229182,25,LOW
user_3075,19,3,0,0,1,287.2908005487086,6.810121351259775,15.29273618218436,0,2,1,0,0,1,1,0.8999999999999999,0,1,0.190136950224284,0,0.20789731048021395,0.21099226023493423,21,LOW
user_3076,16,4,0,0,1,296.6699912174496,3.465251572715407,3.75375951609731,0,1,1,0,0,1,1,0.65,0,1,0.2776734227293848,0,0.2018966446523599,0.0,12,LOW
user_3077,15,0,0,0,1,265.70728089361967,3.3474081346196094,3.754825055221663,0,1,1,0,0,1,1,0.65,0,1,0.2776734227293848,0,0.2018966446523599,0.0,12,LOW
user_3078,14,2,0,0,1,270.1029794540518,41.03922496572785,1.0966189411530898,0,1,1,0,0,1,1,0.65,0,1,0.2776734227293848,0,0.2018966446523599,0.0,12,LOW
user_3079,13,0,0,0,1,179.38021274420797,31.36832922274513,8.207437864568835,0,1,1,0,0,1,1,0.65,0,1,0.2776734227293848,0,0.2018966446523599,0.0,12,LOW
user_3080,4,3,0,2,1,206.9787847308108,3.4667915462289165,2.8081548568235872,1,3,1,2,0,1,1,1.5500000000000005,0,1,0.0178213557717713,0,0.9935488642050614,0.6263306409898065,85,HIGH
user_3081,14,1,0,1,1,290.60300717944386,6.203622377438359,1.60632190225088,0,1,1,1,0,1,1,0.85,0,1,0.2332993702223167,0,0.24213381063915532,0.10695635049384,19,LOW
user_3082,4,2,2,2,1,325.4178709091108,34.3930618683474,2.570451390029092,1,3,1,2,2,1,1,1.8500000000000003,0,-1,-0.0696275775772599,1,0.959253424354354,0.8371119024962153,91,HIGH
user_3083,10,2,0,0,1,123.5741864694984,8.026366440497538,2.8914067845253704,0,1,1,0,0,1,1,0.65,0,1,0.2776734227293848,0,0.2018966446523599,0.0,12,LOW
user_3084,14,5,2,1,1,205.92821116491515,69.47635452883046,7.013476247196416,0,1,1,1,2,1,2,1.25,0,1,0.0075001764854595,0,0.0040416666666666665,0.6512081450014289,26,LOW
user_3085,14,3,0,0,1,241.417236144879,19.4442208324612,4.876350110609748,0,1,1,0,0,1,1,0.65,0,1,0.2776734227293848,0,0.2018966446523599,0.0,12,LOW
user_3086,13,3,0,1,1,187.2435322751593,5.330077121965399,0.7849171552439614,0,1,1,1,0,1,1,0.85,0,1,0.2332993702223167,0,0.24213381063915532,0.10695635049384,19,LOW
user_3087,17,2,0,0,1,190.64882134909905,48.940945796703616,7.679323297219716,0,1,1,0,0,1,1,0.65,0,1,0.2776734227293848,0,0.2018966446523599,0.0,12,LOW
user_3088,8,5,0,0,1,268.4951924276283,9.62228805109016,15.4997844721383,0,2,1,0,0,1,1,0.8999999999999999,0,1,0.190136950224284,0,0.20789731048021395,0.21099226023493423,21,LOW
user_3089,14,4,0,0,1,334.882558150286,8.52029841506198,8.538681060103098,0,1,1,0,0,1,1,0.65,0,1,0.2776734227293848,0,0.2018966446523599,0.0,12,LOW
user_3090,8,1,0,0,1,118.09058662067154,9.91664465304436,36.7065659366986,0,2,1,0,0,2,1,1.0,0,1,0.0618751271830673,0,0.061783675212844294,0.5201462753655137,25,LOW
user_3091,16,4,0,0,1,229.7714310610982,36.54671192013596,1.0441674797387237,0,1,1,0,0,1,1,0.65,0,1,0.2776734227293848,0,0.2018966446523599,0.0,12,LOW
user_3092,13,2,0,0,1,267.79682050742326,4.75520284374872,17.21220878825754,0,1,1,0,0,1,1,0.65,0,1,0.2776734227293848,0,0.2018966446523599,0.0,12,LOW
user_3093,15,4,0,0,1,286.8128383320145,12.023006192652836,7.045978295202907,0,1,1,0,0,1,1,0.65,0,1,0.2776734227293848,0,0.2018966446523599,0.0,12,LOW
user_3094,11,4,2,1,1,259.1476405841423,0.7829526218803728,7.372979960144735,0,1,1,1,2,1,1,1.15,0,1,0.0590725335016217,0,0.024931712964170426,0.5269014661842195,23,LOW
user_3095,8,1,1,0,1,345.6841529961669,9.152799454305809,7.3209579480655265,0,2,1,0,1,1,1,1.05,0,1,0.1004614283124124,0,0.02209191694512681,0.4271403470204811,18,LOW
user_3096,17,3,0,0,1,241.73439559954764,10.415126931389016,3.935150373371157,0,1,1,0,0,1,1,0.65,0,1,0.2776734227293848,0,0.2018966446523599,0.0,12,LOW
user_3097,15,1,1,0,1,318.71956742352586,7.131223200693723,3.923835671490425,0,1,1,0,1,1,1,0.7999999999999999,0,1,0.2129135634933541,0,0.13356667006213288,0.15609298252120107,14,LOW
user_3098,13,1,1,0,1,201.21793977924185,21.68116037959928,9.992498937589094,0,1,1,0,1,1,1,0.7999999999999999,0,1,0.2129135634933541,0,0.13356667006213288,0.15609298252120107,14,LOW
user_3099,23,1,0,0,1,243.478976795331,24.972851724754232,0.4579798485845925,0,3,1,0,0,1,1,1.15,0,1,0.0815285198183811,0,0.0013513513513513514,0.47277500697029895,19,LOW
user_3100,16,4,0,0,1,167.23709545206896,0.01,8.88641628894161,0,1,1,0,0,1,1,0.65,0,1,0.2776734227293848,0,0.2018966446523599,0.0,12,LOW
user_3101,16,1,0,0,1,294.0518664329397,10.68452333121321,12.894969903176616,0,1,1,0,0,1,1,0.65,0,1,0.2776734227293848,0,0.2018966446523599,0.0,12,LOW
user_3102,18,0,0,0,0,232.77342824152944,41.8228716174263,4.40563348164118,0,1,1,0,0,1,1,0.65,1,1,0.2776734227293848,0,0.15500519134380158,0.0,9,LOW
user_3103,17,3,0,1,1,261.46926375119386,15.631653190190312,2.450785483065626,0,1,1,1,0,1,1,0.85,0,1,0.2332993702223167,0,0.24213381063915532,0.10695635049384,19,LOW
user_3104,11,0,0,0,1,221.1978821228956,2.665762697951883,2.400187813436637,0,1,1,0,0,1,1,0.65,0,1,0.2776734227293848,0,0.2018966446523599,0.0,12,LOW
user_3105,15,0,0,0,0,275.185710099541,46.82003283812397,0.8538323405530164,0,1,1,0,0,1,1,0.65,1,1,0.2776734227293848,0,0.15500519134380158,0.0,9,LOW
user_3106,10,1,0,0,1,263.8460384313451,19.83163553040572,0.9400228659669424,0,1,1,0,0,1,1,0.65,0,1,0.2776734227293848,0,0.2018966446523599,0.0,12,LOW
user_3107,15,2,0,0,1,180.3209142017276,23.06209498143513,1.823469989511148,0,1,1,0,0,1,1,0.65,0,1,0.2776734227293848,0,0.2018966446523599,0.0,12,LOW
user_3108,15,2,0,0,1,183.7939540450193,69.31122617776431,0.1935908882805914,0,1,1,0,0,1,2,0.75,0,1,0.2193048404666994,0,0.33007420523328185,0.14068786125229182,25,LOW
user_3109,8,0,0,0,1,238.33387617951888,20.47634914524172,3.0956702050666083,0,2,1,0,0,1,1,0.8999999999999999,0,1,0.190136950224284,0,0.20789731048021395,0.21099226023493423,21,LOW
user_3110,10,6,1,1,1,279.57443744439945,0.1399794213296123,3.6586249084333127,0,1,1,1,1,1,1,1.0,0,1,0.1244119810262747,0,0.2600647053805528,0.3694114814818421,30,LOW
user_3111,13,3,0,0,1,351.77373318683084,51.1242330822344,53.435769752569854,0,1,2,0,0,1,2,0.95,0,1,0.0629723747173235,0,0.055669134498905565,0.5175015407690124,24,LOW
user_3112,13,1,0,0,1,258.17945139994373,8.378116436671085,47.900234636194455,0,1,1,0,0,1,1,0.65,0,1,0.2776734227293848,0,0.2018966446523599,0.0,12,LOW
user_3113,10,1,2,0,1,300.45188414931243,17.417182022385305,2.070842534497712,0,1,1,0,2,1,1,0.95,0,1,0.1483955927109178,0,0.007188301157192252,0.31160293273497597,13,LOW
user_3114,15,2,1,0,1,143.22894391414988,5.731763405303917,2.395678930221142,0,1,1,0,1,1,1,0.7999999999999999,0,1,0.2129135634933541,0,0.13356667006213288,0.15609298252120107,14,LOW
user_3115,14,3,0,0,1,360.77735096603897,341.9050038710396,6.770895384662334,0,1,1,0,0,1,3,0.8500000000000001,0,1,0.1140437691094343,0,0.29646344472155617,0.3944023499087308,34,MEDIUM
user_3116,13,0,0,0,1,276.34117266775155,29.01077065329861,1.6108975565072103,0,1,1,0,0,1,1,0.65,0,1,0.2776734227293848,0,0.2018966446523599,0.0,12,LOW
user_3117,11,1,2,0,1,237.0237293304732,14.034267279853314,7.012588073455196,0,1,1,0,2,1,1,0.95,0,1,0.1483955927109178,0,0.007188301157192252,0.31160293273497597,13,LOW
user_3118,17,4,0,0,1,230.11823715252447,24.66317841785424,5.098089820631284,0,1,1,0,0,1,1,0.65,0,1,0.2776734227293848,0,0.2018966446523599,0.0,12,LOW
user_3119,18,1,0,0,0,173.5680121284601,176.51976615963335,3.9248406418702086,0,1,1,0,0,1,2,0.75,1,1,0.2193048404666994,0,0.06599719639822756,0.14068786125229182,10,LOW
user_3120,12,2,0,0,1,190.7227922567897,10.419042709694851,17.29377357275403,0,1,1,0,0,1,1,0.65,0,1,0.2776734227293848,0,0.2018966446523599,0.0,12,LOW
user_3121,12,4,0,0,1,354.6261379280048,21.00292816097208,17.609453386955792,0,1,1,0,0,1,1,0.65,0,1,0.2776734227293848,0,0.2018966446523599,0.0,12,LOW
user_3122,15,3,0,0,0,180.65973370283925,37.58058204538601,44.136797078297285,0,1,1,0,0,1,1,0.65,1,1,0.2776734227293848,0,0.15500519134380158,0.0,9,LOW
user_3123,12,1,0,0,1,179.5039345280193,31.392461187347287,2.5242833798148805,0,1,1,0,0,1,1,0.65,0,1,0.2776734227293848,0,0.2018966446523599,0.0,12,LOW
user_3124,13,3,2,0,1,197.86677083546525,19.404712271148945,21.9173713521792,0,1,1,0,2,1,1,0.95,0,1,0.1483955927109178,0,0.007188301157192252,0.31160293273497597,13,LOW
user_3125,16,0,0,0,1,168.10915482232363,12.087700540888866,7.7185695794008415,0,1,1,0,0,1,1,0.65,0,1,0.2776734227293848,0,0.2018966446523599,0.0,12,LOW
user_3126,9,4,0,0,1,240.9183944907306,47.55965156488637,8.951640583092088,0,1,1,0,0,1,1,0.65,0,1,0.2776734227293848,0,0.2018966446523599,0.0,12,LOW
user_3127,2,2,0,2,1,305.3346307599143,14.190861820547129,22.66187730328416,1,3,1,2,0,1,1,1.5500000000000005,0,1,0.0178213557717713,0,0.9935488642050614,0.6263306409898065,85,HIGH
user_3128,14,4,2,1,1,203.370460423678,10.7252095548964,28.582476419065745,0,1,1,1,2,1,1,1.15,0,1,0.0590725335016217,0,0.024931712964170426,0.5269014661842195,23,LOW
user_3129,12,6,0,0,1,157.60054321435072,30.022408112809,12.975923589450575,0,1,1,0,0,1,1,0.65,0,1,0.2776734227293848,0,0.2018966446523599,0.0,12,LOW
user_3130,13,5,0,1,1,257.5116787808792,3.350151982384101,4.2746907744152765,0,1,1,1,0,1,1,0.85,0,1,0.2332993702223167,0,0.24213381063915532,0.10695635049384,19,LOW
user_3131,13,5,1,0,1,236.65353973921123,85.62761287196243,6.72693764422779,0,1,1,0,1,1,2,0.8999999999999999,0,1,0.1194195039721256,0,0.26547768987979625,0.3814450257597952,31,MEDIUM
user_3132,8,2,0,0,1,300.16347300489747,37.73817444193413,9.546518611162506,0,2,1,0,0,1,1,0.8999999999999999,0,1,0.190136950224284,0,0.20789731048021395,0.21099226023493423,21,LOW
user_3133,18,2,0,0,1,212.72950204186373,8.851354249464075,17.63988899792627,0,1,1,0,0,1,1,0.65,0,1,0.2776734227293848,0,0.2018966446523599,0.0,12,LOW
user_3134,14,2,1,0,1,224.3905932223995,1.0869809965466404,10.727916453560454,0,1,1,0,1,1,1,0.7999999999999999,0,1,0.2129135634933541,0,0.13356667006213288,0.15609298252120107,14,LOW
user_3135,15,3,2,2,1,231.02817812740383,31.05945452175188,4.548354368235112,0,1,1,2,2,1,1,1.3500000000000003,0,-1,-0.0012227218875239,1,0.6588122986256364,0.6722332559162896,66,MEDIUM
user_3136,16,4,0,0,1,245.3402466332089,33.140241877785584,5.410794423105933,0,1,1,0,0,1,1,0.65,0,1,0.2776734227293848,0,0.2018966446523599,0.0,12,LOW
user_3137,10,1,1,0,1,216.44629935854465,82.84519664211103,0.5175413954908191,0,1,1,0,1,1,2,0.8999999999999999,0,1,0.1194195039721256,0,0.26547768987979625,0.3814450257597952,31,MEDIUM
user_3138,15,5,0,0,1,206.72135351723944,7.315876542761926,25.8055264374178,0,1,1,0,0,1,1,0.65,0,1,0.2776734227293848,0,0.2018966446523599,0.0,12,LOW
user_3139,13,4,0,0,1,128.97733890708952,2.158701476864494,0.9224579449510212,0,1,1,0,0,1,1,0.65,0,1,0.2776734227293848,0,0.2018966446523599,0.0,12,LOW
user_3140,16,6,1,0,1,206.0767674527929,61.667266636676885,8.673357971980924,0,1,1,0,1,1,2,0.8999999999999999,0,1,0.1194195039721256,0,0.26547768987979625,0.3814450257597952,31,MEDIUM
user_3141,7,4,2,0,1,282.9133960849051,7.482028207931432,20.530090288726903,0,2,1,0,2,1,1,1.2000000000000002,0,1,0.0458866002061858,0,0.0031251686909581646,0.5586839882540799,23,LOW
user_3142,13,1,0,0,1,291.0147311621332,31.96125356931797,5.462200988060216,0,1,1,0,0,1,1,0.65,0,1,0.2776734227293848,0,0.2018966446523599,0.0,12,LOW
user_3143,12,0,0,1,1,211.733218584522,1.5644348106096078,16.100655469122763,0,1,1,1,0,1,1,0.85,0,1,0.2332993702223167,0,0.24213381063915532,0.10695635049384,19,LOW
user_3144,15,0,0,0,1,317.9691598909057,35.738900414874564,16.28702690542195,0,1,1,0,0,1,1,0.65,0,1,0.2776734227293848,0,0.2018966446523599,0.0,12,LOW
user_3145,18,1,0,0,1,238.2777556979787,0.01,0.6171162839196318,0,1,1,0,0,1,1,0.65,0,1,0.2776734227293848,0,0.2018966446523599,0.0,12,LOW
user_3146,11,3,0,0,1,159.72921769104312,29.73419513134765,5.312727924765945,0,1,1,0,0,1,1,0.65,0,1,0.2776734227293848,0,0.2018966446523599,0.0,12,LOW
user_3147,11,4,0,2,1,140.85695661274465,19.000506502003773,11.74496486673995,0,1,1,2,0,1,1,1.05,0,1,0.1541262400811022,0,0.4301355521591885,0.2977901503981718,38,MEDIUM
user_3148,13,4,2,0,0,313.09547535718355,77.7999848575888,8859.39651437168,1,1,4,0,2,1,2,1.65,1,-1,-0.0795610185938726,1,1.0,0.8610548272226302,94,HIGH
user_3149,3,3,0,0,1,217.6197764843356,0.01,7.878255060208596,0,3,1,0,0,1,1,1.15,0,1,0.0815285198183811,0,0.0013513513513513514,0.47277500697029895,19,LOW
user_3150,16,0,0,2,1,167.15612861564526,8.634500941469236,9.02530599733631,0,1,1,2,0,1,1,1.05,0,1,0.1541262400811022,0,0.4301355521591885,0.2977901503981718,38,MEDIUM
user_3151,12,1,0,0,1,104.44342971386791,1.801069658121077,1.6396630200236184,0,1,1,0,0,2,1,0.75,0,1,0.0934671910539906,0,0.40261253039389167,0.44399880482146026,42,MEDIUM
user_3152,5,0,0,0,1,216.25703334749144,52.83998544607213,5.309963692618624,0,3,1,0,0,1,2,1.25,0,1,0.0406781887288436,0,0.004507732605558692,0.5712380069206875,23,LOW
user_3153,12,2,0,0,1,264.28505153978165,22.52896712810076,0.2887615363320759,0,1,1,0,0,1,1,0.65,0,1,0.2776734227293848,0,0.2018966446523599,0.0,12,LOW
user_3154,10,2,1,1,1,198.1385313572277,19.141313144050613,1.6207912410322332,0,1,1,1,1,1,1,1.0,0,1,0.1244119810262747,0,0.2600647053805528,0.3694114814818421,30,LOW
user_3155,9,0,0,2,0,176.8052903919677,3.523480275444548,7.1796063037266205,0,1,1,2,0,1,1,1.05,1,1,0.1541262400811022,0,0.09794779748495573,0.2977901503981718,18,LOW
user_3156,10,1,0,1,0,207.0374538835964,16.786220415704896,8.523445688150803,0,1,1,1,0,1,1,0.85,1,1,0.2332993702223167,0,0.5768895551079612,0.10695635049384,39,MEDIUM
user_3157,14,0,0,0,1,314.59152114869136,12.716684493601822,1.5809860365680262,0,1,1,0,0,1,1,0.65,0,1,0.2776734227293848,0,0.2018966446523599,0.0,12,LOW
user_3158,22,3,0,0,1,156.42110293948855,0.01,14.090279018162835,0,2,1,0,0,1,1,0.8999999999999999,0,1,0.190136950224284,0,0.20789731048021395,0.21099226023493423,21,LOW
user_3159,14,2,0,0,1,201.49793817464897,36.98096864548656,4.667894209456753,0,1,1,0,0,1,1,0.65,0,1,0.2776734227293848,0,0.2018966446523599,0.0,12,LOW
user_3160,12,2,0,1,1,312.6454643770554,1.5808453781436498,25.338859350683688,0,1,1,1,0,1,1,0.85,0,1,0.2332993702223167,0,0.24213381063915532,0.10695635049384,19,LOW
user_3161,15,2,0,1,1,269.6505773654252,26.009933184098983,4.904720425626723,0,1,1,1,0,1,1,0.85,0,1,0.2332993702223167,0,0.24213381063915532,0.10695635049384,19,LOW
user_3162,12,6,0,0,1,250.74766882673737,43.28915438611095,1.622965735531663,0,1,1,0,0,1,1,0.65,0,1,0.2776734227293848,0,0.2018966446523599,0.0,12,LOW
user_3163,11,1,0,0,1,201.09323187502508,59.46163433135414,14.186954887084609,0,1,1,0,0,1,2,0.75,0,1,0.2193048404666994,0,0.33007420523328185,0.14068786125229182,25,LOW
user_3164,10,2,0,0,1,241.83028887002567,34.252317468989865,8.388686869224706,0,1,1,0,0,1,1,0.65,0,1,0.2776734227293848,0,0.2018966446523599,0.0,12,LOW
user_3165,8,4,1,0,1,207.73025589280195,8.29801404074922,4.888817745815428,0,2,1,0,1,1,1,1.05,0,1,0.1004614283124124,0,0.02209191694512681,0.4271403470204811,18,LOW
user_3166,12,3,0,0,1,188.4368321357549,22.939004715068886,4.3999003868037,0,1,1,0,0,1,1,0.65,0,1,0.2776734227293848,0,0.2018966446523599,0.0,12,LOW
user_3167,14,5,2,0,0,175.1965514818956,3.811408219611053,12702.066234487102,1,1,4,0,2,1,1,1.5500000000000005,1,-1,-0.0398435368800551,1,0.9980601933947105,0.7653223742482461,90,HIGH
user_3168,13,2,0,0,1,287.0457357823499,3.112468432443673,4.167808312963496,0,1,1,0,0,1,1,0.65,0,1,0.2776734227293848,0,0.2018966446523599,0.0,12,LOW
user_3169,12,2,0,0,1,236.37563206703183,25.445917619169578,0.2978329264531473,0,1,1,0,0,1,1,0.65,0,1,0.2776734227293848,0,0.2018966446523599,0.0,12,LOW
user_3170,11,0,1,1,1,258.87082462816176,515.9146334021174,6.979625841798612,1,1,1,1,1,1,3,1.2000000000000002,0,1,0.0077556794950734,0,0.7256893311414818,0.6505922970473988,70,MEDIUM
user_3171,15,3,0,1,1,249.1003911480842,1.740401436200305,22.70347762899987,0,1,1,1,0,1,1,0.85,0,1,0.2332993702223167,0,0.24213381063915532,0.10695635049384,19,LOW
user_3172,10,1,1,2,1,266.4551296685016,2.80134196157712,15.863602432378883,0,1,1,2,1,1,1,1.2000000000000002,0,1,0.0547880072036045,0,0.4121174521254879,0.5372286116789389,46,MEDIUM
user_3173,16,0,0,0,1,224.7168726008465,20.845158309867145,0.2893582944973653,0,1,1,0,0,1,1,0.65,0,1,0.2776734227293848,0,0.2018966446523599,0.0,12,LOW
user_3174,10,3,1,0,1,211.1005529367256,6.1542874290610685,21.3082179789673,0,1,1,0,1,1,1,0.7999999999999999,0,1,0.2129135634933541,0,0.13356667006213288,0.15609298252120107,14,LOW
user_3175,11,2,0,0,1,191.08318023653263,23.657032336569912,6.020729212172088,0,1,1,0,0,1,1,0.65,0,1,0.2776734227293848,0,0.2018966446523599,0.0,12,LOW
user_3176,9,0,0,2,1,155.1618519955732,6.037265391421635,2.118222119796229,0,1,1,2,0,1,1,1.05,0,1,0.1541262400811022,0,0.4301355521591885,0.2977901503981718,38,MEDIUM
user_3177,12,3,0,0,1,172.678009762625,3.096089620852304,13.959890237291347,0,1,1,0,0,1,1,0.65,0,1,0.2776734227293848,0,0.2018966446523599,0.0,12,LOW
user_3178,16,3,0,0,1,218.0749367339867,19.71805890587987,3.8989724386115134,0,1,1,0,0,1,1,0.65,0,1,0.2776734227293848,0,0.2018966446523599,0.0,12,LOW
user_3179,15,1,0,0,1,143.8176309338713,49.54791595607112,2.9211645398739576,0,1,1,0,0,1,1,0.65,0,1,0.2776734227293848,0,0.2018966446523599,0.0,12,LOW
user_3180,16,2,0,1,1,157.06284575183818,312.7396046452922,1.7592415203306793,0,1,1,1,0,1,3,1.05,0,1,0.0596166766321488,0,0.07429146882479426,0.5255898987230732,25,LOW
user_3181,15,4,0,0,1,302.5283935581107,42.69352056098084,6.667426816935629,0,1,1,0,0,1,1,0.65,0,1,0.2776734227293848,0,0.2018966446523599,0.0,12,LOW
user_3182,10,2,2,0,1,253.4507690912276,7.742574887954631,0.98047321866633,0,1,1,0,2,1,1,0.95,0,1,0.1483955927109178,0,0.007188301157192252,0.31160293273497597,13,LOW
user_3183,13,2,0,0,1,212.8897963077888,54.28423946990042,15.39973088198707,0,1,1,0,0,1,2,0.75,0,1,0.2193048404666994,0,0.33007420523328185,0.14068786125229182,25,LOW
user_3184,11,1,0,1,1,376.2944675342736,11.831791067787703,6.361518692792724,0,1,1,1,0,1,1,0.85,0,1,0.2332993702223167,0,0.24213381063915532,0.10695635049384,19,LOW
user_3185,17,3,1,0,1,141.10501687721828,47.83930929842409,5.923546324720425,0,1,1,0,1,1,1,0.7999999999999999,0,1,0.2129135634933541,0,0.13356667006213288,0.15609298252120107,14,LOW
user_3186,10,5,1,0,1,298.53667658770934,15.927470766794386,0.0185567718590826,0,1,1,0,1,1,1,0.7999999999999999,0,1,0.2129135634933541,0,0.13356667006213288,0.15609298252120107,14,LOW
user_3187,16,3,0,0,1,233.31203503323505,7.794507827720744,17.03000851250447,0,1,1,0,0,1,1,0.65,0,1,0.2776734227293848,0,0.2018966446523599,0.0,12,LOW
user_3188,16,0,0,0,1,287.1028213747687,7.536373140653091,6.789229444557221,0,1,1,0,0,1,1,0.65,0,1,0.2776734227293848,0,0.2018966446523599,0.0,12,LOW
user_3189,19,2,0,0,1,246.53722303624843,20.96402999774568,5.796301554923953,0,2,1,0,0,1,1,0.8999999999999999,0,1,0.190136950224284,0,0.20789731048021395,0.21099226023493423,21,LOW
user_3190,12,4,0,0,1,127.66529626528455,2.057659848412572,14.329034238158489,0,1,1,0,0,1,1,0.65,0,1,0.2776734227293848,0,0.2018966446523599,0.0,12,LOW
user_3191,18,0,0,0,0,245.7276280535297,190.0220485788261,0.6496373056710042,0,1,1,0,0,1,2,0.75,1,1,0.2193048404666994,0,0.06599719639822756,0.14068786125229182,10,LOW
user_3192,20,6,0,1,1,260.13335127837587,7.917938643661627,4.56780175514646,0,2,1,1,0,1,1,1.1,0,1,0.1083396961540713,0,0.5687783155237143,0.4081510789922207,50,MEDIUM
user_3193,12,5,0,0,1,108.48088208853515,10.222706392806828,8.573945619203897,0,1,1,0,0,2,1,0.75,0,1,0.0934671910539906,0,0.40261253039389167,0.44399880482146026,42,MEDIUM
user_3194,9,0,0,0,1,356.642897628114,574.092709905914,6.172562724400833,0,1,1,0,0,1,3,0.8500000000000001,0,1,0.1140437691094343,0,0.29646344472155617,0.3944023499087308,34,MEDIUM
user_3195,8,5,2,0,1,258.6724556503663,0.0753123391609827,2.004515848750423,0,2,1,0,2,1,1,1.2000000000000002,0,1,0.0458866002061858,0,0.0031251686909581646,0.5586839882540799,23,LOW
user_3196,16,2,0,0,1,280.3192644081897,29.4860894204527,3.5564191723789613,0,1,1,0,0,1,1,0.65,0,1,0.2776734227293848,0,0.2018966446523599,0.0,12,LOW
user_3197,8,4,2,1,0,170.0682366254213,22.32368921222004,13502.400275958113,1,2,4,1,2,1,1,2.0,1,-1,-0.0942446413696072,1,0.9978333333333335,0.8964472832952561,96,HIGH
user_3198,12,2,0,0,0,281.4370513287371,41.471552839934255,48.24670726783887,0,1,1,0,0,1,1,0.65,1,1,0.2776734227293848,0,0.15500519134380158,0.0,9,LOW
user_3199,15,2,0,0,1,305.37026757378334,1.0468859552176182,3.948176719823899,0,1,1,0,0,1,1,0.65,0,1,0.2776734227293848,0,0.2018966446523599,0.0,12,LOW
user_3200,14,3,0,0,1,255.2140936882708,66.00592628700043,2.296422000416505,0,1,1,0,0,1,2,0.75,0,1,0.2193048404666994,0,0.33007420523328185,0.14068786125229182,25,LOW
user_3201,15,4,0,0,1,239.4377064887541,10.045055867938322,17.2955766229268,0,1,1,0,0,1,1,0.65,0,1,0.2776734227293848,0,0.2018966446523599,0.0,12,LOW
user_3202,14,0,1,0,1,186.384712506095,61.06626250566589,5.467486223681526,0,1,1,0,1,1,2,0.8999999999999999,0,1,0.1194195039721256,0,0.26547768987979625,0.3814450257597952,31,MEDIUM
user_3203,17,3,0,0,1,227.02758493300044,2.832898632595041,5.867418609765688,0,1,1,0,0,1,1,0.65,0,1,0.2776734227293848,0,0.2018966446523599,0.0,12,LOW
user_3204,11,1,0,1,1,209.2782291444432,34.056691349482826,7.9604199078216915,0,1,1,1,0,1,1,0.85,0,1,0.2332993702223167,0,0.24213381063915532,0.10695635049384,19,LOW
user_3205,11,1,2,0,0,274.31973824356106,21.649342838520027,14142.956348526272,1,1,4,0,2,1,1,1.5500000000000005,1,-1,-0.0398435368800551,1,0.9980601933947105,0.7653223742482461,90,HIGH
user_3206,11,1,0,0,1,189.00744449295584,11.086621568219844,8.929541612452796,0,1,1,0,0,1,1,0.65,0,1,0.2776734227293848,0,0.2018966446523599,0.0,12,LOW
user_3207,16,2,0,0,1,273.8790432902134,2.061246620344511,0.3510888960562782,0,1,1,0,0,1,1,0.65,0,1,0.2776734227293848,0,0.2018966446523599,0.0,12,LOW
user_3208,16,1,0,2,1,189.6608662362206,23.20506681974902,17.083880899380258,0,1,1,2,0,1,1,1.05,0,1,0.1541262400811022,0,0.4301355521591885,0.2977901503981718,38,MEDIUM
user_3209,15,0,0,0,1,224.2588467503989,0.6698925671399456,2.167301848281652,0,1,1,0,0,1,1,0.65,0,1,0.2776734227293848,0,0.2018966446523599,0.0,12,LOW
user_3210,17,0,0,0,1,276.962663820769,17.392866800979885,3.4579453341544184,0,1,1,0,0,1,1,0.65,0,1,0.2776734227293848,0,0.2018966446523599,0.0,12,LOW
user_3211,10,0,0,0,1,197.7721968008373,23.17169782589776,1.904700901246915,0,1,1,0,0,1,1,0.65,0,1,0.2776734227293848,0,0.2018966446523599,0.0,12,LOW
user_3212,19,2,0,1,1,279.0321893386561,32.96811228733564,14.57045881849471,0,2,1,1,0,1,1,1.1,0,1,0.1083396961540713,0,0.5687783155237143,0.4081510789922207,50,MEDIUM
user_3213,18,6,0,0,0,273.1796494602821,118.71052859405408,8.762482233752152,0,1,1,0,0,1,2,0.75,1,1,0.2193048404666994,0,0.06599719639822756,0.14068786125229182,10,LOW
user_3214,16,0,0,0,0,223.7429595973834,7.530793516969641,14.07706586352452,0,1,1,0,0,1,1,0.65,1,1,0.2776734227293848,0,0.15500519134380158,0.0,9,LOW
user_3215,19,5,0,0,1,309.7069920813474,9.729577854283368,10.595793011033098,0,2,1,0,0,1,1,0.8999999999999999,0,1,0.190136950224284,0,0.20789731048021395,0.21099226023493423,21,LOW
user_3216,9,4,0,1,1,244.66706051862687,10.431308135509306,1.0999192902502002,0,1,1,1,0,1,1,0.85,0,1,0.2332993702223167,0,0.24213381063915532,0.10695635049384,19,LOW
user_3217,12,3,1,0,1,306.136591595121,32.880311602665905,3.5881977938467853,0,1,1,0,1,1,1,0.7999999999999999,0,1,0.2129135634933541,0,0.13356667006213288,0.15609298252120107,14,LOW
user_3218,11,3,0,1,1,347.60789549263075,67.13983199500272,7.077840986993239,0,1,1,1,0,1,2,0.95,0,1,0.1509357020843734,0,0.04950631867309361,0.30548041714105467,15,LOW
user_3219,16,4,2,0,0,225.5219386979213,91.5547205641018,6939.309807906408,1,1,4,0,2,1,2,1.65,1,-1,-0.0795610185938726,1,1.0,0.8610548272226302,94,HIGH
user_3220,10,0,0,0,1,278.6972990416438,72.88210269061139,2.3231536460355566,0,1,1,0,0,1,2,0.75,0,1,0.2193048404666994,0,0.33007420523328185,0.14068786125229182,25,LOW
user_3221,16,2,0,0,1,201.74592448062748,52.87837766826681,20.38775481748233,0,1,1,0,0,1,2,0.75,0,1,0.2193048404666994,0,0.33007420523328185,0.14068786125229182,25,LOW
user_3222,18,3,0,0,1,178.0311354295081,117.70049591444123,13.774681280274512,0,1,1,0,0,1,2,0.75,0,1,0.2193048404666994,0,0.33007420523328185,0.14068786125229182,25,LOW
user_3223,16,3,0,0,1,228.2724205568143,11.787948454203857,4.234560701092746,0,1,1,0,0,1,1,0.65,0,1,0.2776734227293848,0,0.2018966446523599,0.0,12,LOW
user_3224,14,4,0,0,1,158.24398321503222,74.06774904011554,14.482223731532542,0,1,1,0,0,1,2,0.75,0,1,0.2193048404666994,0,0.33007420523328185,0.14068786125229182,25,LOW
user_3225,11,0,0,0,1,183.7435332211614,525.9387973592153,9.876219202154743,0,1,1,0,0,1,3,0.8500000000000001,0,1,0.1140437691094343,0,0.29646344472155617,0.3944023499087308,34,MEDIUM
user_3226,11,3,0,0,1,14.357284939072697,909.723557962902,0.0379291765890323,1,1,1,0,0,3,3,1.05,0,-1,-0.0182440342796388,1,1.0,0.7132603280726179,89,HIGH
user_3227,17,2,0,0,1,209.1810590730697,473.706162001414,4.784585128725113,0,1,1,0,0,1,3,0.8500000000000001,0,1,0.1140437691094343,0,0.29646344472155617,0.3944023499087308,34,MEDIUM
user_3228,16,2,0,0,1,282.6308452273117,6.03535996672973,3.431771633608362,0,1,1,0,0,1,1,0.65,0,1,0.2776734227293848,0,0.2018966446523599,0.0,12,LOW
user_3229,13,1,0,1,1,257.9647162810492,37.71167691582507,2.4578369322499856,0,1,1,1,0,1,1,0.85,0,1,0.2332993702223167,0,0.24213381063915532,0.10695635049384,19,LOW
user_3230,12,3,2,0,1,351.0692437211469,24.97122468851477,2.898035132112712,0,1,1,0,2,1,1,0.95,0,1,0.1483955927109178,0,0.007188301157192252,0.31160293273497597,13,LOW
user_3231,7,4,1,0,1,271.4602371345628,6.35154896834991,28.5362259493084,0,2,1,0,1,1,1,1.05,0,1,0.1004614283124124,0,0.02209191694512681,0.4271403470204811,18,LOW
user_3232,10,2,0,0,1,306.8530842167589,33.8622825089873,6.661490676624884,0,1,1,0,0,1,1,0.65,0,1,0.2776734227293848,0,0.2018966446523599,0.0,12,LOW
user_3233,19,4,0,0,1,264.1130797876528,3.809039015013469,18.819602644760373,0,2,1,0,0,1,1,0.8999999999999999,0,1,0.190136950224284,0,0.20789731048021395,0.21099226023493423,21,LOW
user_3234,10,2,0,0,1,258.6836100646844,43.12702699244931,2.4107479972769457,0,1,1,0,0,1,1,0.65,0,1,0.2776734227293848,0,0.2018966446523599,0.0,12,LOW
user_3235,14,0,1,2,1,309.8839825267989,39.51652131061334,1.91649486549766,0,1,1,2,1,1,1,1.2000000000000002,0,1,0.0547880072036045,0,0.4121174521254879,0.5372286116789389,46,MEDIUM
user_3236,17,0,0,1,1,280.1278479519159,89.90839170951638,21.963312712781,0,1,1,1,0,1,2,0.95,0,1,0.1509357020843734,0,0.04950631867309361,0.30548041714105467,15,LOW
user_3237,10,0,1,0,1,252.60381677744567,4.071197079025066,6.845932415993134,0,1,1,0,1,1,1,0.7999999999999999,0,1,0.2129135634933541,0,0.13356667006213288,0.15609298252120107,14,LOW
user_3238,14,2,0,0,1,252.33927995578307,59.27507674802447,22.5524479186743,0,1,1,0,0,1,2,0.75,0,1,0.2193048404666994,0,0.33007420523328185,0.14068786125229182,25,LOW
user_3239,16,1,0,0,1,272.29375870982494,10.429688593762853,0.6510279003668674,0,1,1,0,0,1,1,0.65,0,1,0.2776734227293848,0,0.2018966446523599,0.0,12,LOW
user_3240,14,3,2,0,1,199.7175888324069,13.448920240484648,24.82136755604956,0,1,1,0,2,1,1,0.95,0,1,0.1483955927109178,0,0.007188301157192252,0.31160293273497597,13,LOW
user_3241,22,4,0,0,1,197.1720320316781,15.79871810365292,5.369049461454011,0,2,1,0,0,1,1,0.8999999999999999,0,1,0.190136950224284,0,0.20789731048021395,0.21099226023493423,21,LOW
user_3242,8,0,0,0,1,325.5243559423759,24.64799155990833,1.6885719442387552,0,2,1,0,0,1,1,0.8999999999999999,0,1,0.190136950224284,0,0.20789731048021395,0.21099226023493423,21,LOW
user_3243,15,1,0,0,0,351.86481983159985,183.5304329323324,11.500614565776036,0,1,1,0,0,1,2,0.75,1,1,0.2193048404666994,0,0.06599719639822756,0.14068786125229182,10,LOW
user_3244,13,1,0,0,1,184.2670524953901,22.90469362038968,15.940700221731616,0,1,1,0,0,1,1,0.65,0,1,0.2776734227293848,0,0.2018966446523599,0.0,12,LOW
user_3245,3,3,0,2,1,199.8603340536177,65.33527833394649,0.4853366102964566,1,3,1,2,0,1,2,1.65,0,-1,-0.0271042477178731,1,1.0,0.7346164143529743,89,HIGH
user_3246,15,0,0,0,1,308.5513691702487,7.360222911659522,43.57995658960718,0,1,1,0,0,1,1,0.65,0,1,0.2776734227293848,0,0.2018966446523599,0.0,12,LOW
user_3247,11,0,0,0,1,272.0111995885438,12.704547280013292,11.941112144272267,0,1,1,0,0,1,1,0.65,0,1,0.2776734227293848,0,0.2018966446523599,0.0,12,LOW
user_3248,14,5,0,0,1,280.58568631925533,17.55467438856695,3.877263615874553,0,1,1,0,0,1,1,0.65,0,1,0.2776734227293848,0,0.2018966446523599,0.0,12,LOW
user_3249,8,4,0,0,1,293.7960776911834,9.748481129609262,1.6404220167077868,0,2,1,0,0,1,1,0.8999999999999999,0,1,0.190136950224284,0,0.20789731048021395,0.21099226023493423,21,LOW
user_3250,15,1,2,1,1,225.55607029535545,94.16248901112216,4.98454816508983,0,1,1,1,2,1,2,1.25,0,1,0.0075001764854595,0,0.0040416666666666665,0.6512081450014289,26,LOW
user_3251,14,2,0,1,0,259.7981954994112,32.33682315522387,2.4918682823185354,0,1,1,1,0,1,1,0.85,1,1,0.2332993702223167,0,0.5768895551079612,0.10695635049384,39,MEDIUM
user_3252,15,1,0,0,1,255.1315290418856,16.294438305498456,6.815214689868893,0,1,1,0,0,1,1,0.65,0,1,0.2776734227293848,0,0.2018966446523599,0.0,12,LOW
user_3253,17,4,0,0,1,188.4905039852724,34.788170787173115,15.227681743770734,0,1,1,0,0,1,1,0.65,0,1,0.2776734227293848,0,0.2018966446523599,0.0,12,LOW
user_3254,15,2,0,0,1,258.90545659294224,15.751610107122932,10.79193231839069,0,1,1,0,0,1,1,0.65,0,1,0.2776734227293848,0,0.2018966446523599,0.0,12,LOW
user_3255,14,0,2,0,1,314.2626417689801,0.4343852322454141,5.725856170904418,0,1,1,0,2,1,1,0.95,0,1,0.1483955927109178,0,0.007188301157192252,0.31160293273497597,13,LOW
user_3256,11,4,0,0,1,219.95200566939832,19.587379737653684,1.2663400533263944,0,1,1,0,0,1,1,0.65,0,1,0.2776734227293848,0,0.2018966446523599,0.0,12,LOW
user_3257,11,2,0,0,1,249.15415492445604,24.533082293132363,31.502111958337387,0,1,1,0,0,1,1,0.65,0,1,0.2776734227293848,0,0.2018966446523599,0.0,12,LOW
user_3258,17,1,0,0,1,252.40253496065137,99.357327492894,3.152184428067612,0,1,1,0,0,1,2,0.75,0,1,0.2193048404666994,0,0.33007420523328185,0.14068786125229182,25,LOW
user_3259,18,2,0,0,1,222.92012697388373,495.2499419385374,3.255010055047188,0,1,1,0,0,1,3,0.8500000000000001,0,1,0.1140437691094343,0,0.29646344472155617,0.3944023499087308,34,MEDIUM
user_3260,13,2,1,2,1,280.6140742616615,17.940964404470847,10.370532005571908,0,1,1,2,1,1,1,1.2000000000000002,0,1,0.0547880072036045,0,0.4121174521254879,0.5372286116789389,46,MEDIUM
user_3261,14,1,2,0,1,199.1960621247008,2.5828086067387632,14.718941769273767,0,1,1,0,2,1,1,0.95,0,1,0.1483955927109178,0,0.007188301157192252,0.31160293273497597,13,LOW
user_3262,11,1,0,0,1,319.95873112175605,4.03345836012593,41.44760261851733,0,1,1,0,0,1,1,0.65,0,1,0.2776734227293848,0,0.2018966446523599,0.0,12,LOW
user_3263,17,2,2,0,1,277.5723336979347,23.569932369620112,34.79080892483567,0,1,1,0,2,1,1,0.95,0,1,0.1483955927109178,0,0.007188301157192252,0.31160293273497597,13,LOW
user_3264,15,0,0,0,1,183.7938839596264,6.585070738399609,24.506272505978185,0,1,1,0,0,1,1,0.65,0,1,0.2776734227293848,0,0.2018966446523599,0.0,12,LOW
user_3265,19,4,0,0,1,341.88058109317524,34.57490627622892,5.7148468841692175,0,2,1,0,0,1,1,0.8999999999999999,0,1,0.190136950224284,0,0.20789731048021395,0.21099226023493423,21,LOW
user_3266,11,0,0,0,1,250.0860876756957,18.048889279424905,1.8232514850814248,0,1,1,0,0,1,1,0.65,0,1,0.2776734227293848,0,0.2018966446523599,0.0,12,LOW
user_3267,12,0,0,0,1,196.6231489658969,6.154320179208352,8.78203360918828,0,1,1,0,0,1,1,0.65,0,1,0.2776734227293848,0,0.2018966446523599,0.0,12,LOW
user_3268,14,3,0,2,1,306.2732714994715,17.020174751898253,0.1740713443931326,0,1,1,2,0,1,1,1.05,0,1,0.1541262400811022,0,0.4301355521591885,0.2977901503981718,38,MEDIUM
user_3269,15,4,1,0,1,269.6802911668815,0.0220528964484864,2.184655589466152,0,1,1,0,1,1,1,0.7999999999999999,0,1,0.2129135634933541,0,0.13356667006213288,0.15609298252120107,14,LOW
user_3270,13,4,0,1,1,133.6824177459577,49.64696648921102,0.0253260112332335,0,1,1,1,0,1,1,0.85,0,1,0.2332993702223167,0,0.24213381063915532,0.10695635049384,19,LOW
user_3271,11,2,0,0,1,208.4603809653688,0.3189858379125733,1.9910470429849887,0,1,1,0,0,1,1,0.65,0,1,0.2776734227293848,0,0.2018966446523599,0.0,12,LOW
user_3272,16,1,0,0,1,256.7458402332926,0.1758644303591188,6.438945012647569,0,1,1,0,0,1,1,0.65,0,1,0.2776734227293848,0,0.2018966446523599,0.0,12,LOW
user_3273,16,4,0,0,1,110.42599934144047,23.636806474512635,4.997609158659505,0,1,1,0,0,2,1,0.75,0,1,0.0934671910539906,0,0.40261253039389167,0.44399880482146026,42,MEDIUM
user_3274,11,3,0,0,1,245.10420512324364,90.78501275964112,4.6091951888157165,0,1,1,0,0,1,2,0.75,0,1,0.2193048404666994,0,0.33007420523328185,0.14068786125229182,25,LOW
user_3275,18,1,0,0,1,249.4787623623156,48.43700429617957,17.775776913137328,0,1,1,0,0,1,1,0.65,0,1,0.2776734227293848,0,0.2018966446523599,0.0,12,LOW
user_3276,17,5,0,0,1,168.99048705745065,7.259439638445192,11.239187263960504,0,1,1,0,0,1,1,0.65,0,1,0.2776734227293848,0,0.2018966446523599,0.0,12,LOW
user_3277,14,0,0,0,1,256.2386931755978,5.474643025436329,27.55641349598232,0,1,1,0,0,1,1,0.65,0,1,0.2776734227293848,0,0.2018966446523599,0.0,12,LOW
user_3278,14,6,0,0,1,240.447830347502,24.59498686947161,5.894019319636575,0,1,1,0,0,1,1,0.65,0,1,0.2776734227293848,0,0.2018966446523599,0.0,12,LOW
user_3279,15,4,1,0,1,168.52235364689912,43.23902527255608,3.1776976885349417,0,1,1,0,1,1,1,0.7999999999999999,0,1,0.2129135634933541,0,0.13356667006213288,0.15609298252120107,14,LOW
user_3280,11,3,0,0,1,295.1736328117695,11.238507796530412,1.308886455113217,0,1,1,0,0,1,1,0.65,0,1,0.2776734227293848,0,0.2018966446523599,0.0,12,LOW
user_3281,14,5,0,0,0,290.2712276860683,14.156458350485416,11.148251975165929,0,1,1,0,0,1,1,0.65,1,1,0.2776734227293848,0,0.15500519134380158,0.0,9,LOW
user_3282,7,4,0,0,1,222.61577478885832,3.0680227450693485,18.43522906568056,0,2,1,0,0,1,1,0.8999999999999999,0,1,0.190136950224284,0,0.20789731048021395,0.21099226023493423,21,LOW
user_3283,16,1,0,0,1,228.08512059649053,4.146241793582249,2.030215684754749,0,1,1,0,0,1,1,0.65,0,1,0.2776734227293848,0,0.2018966446523599,0.0,12,LOW
user_3284,9,2,1,0,1,283.5758362557208,21.003597487276966,21.099233845756608,0,1,1,0,1,1,1,0.7999999999999999,0,1,0.2129135634933541,0,0.13356667006213288,0.15609298252120107,14,LOW
user_3285,18,0,0,0,1,227.9602114132916,2.7079038076379267,7.471308311236085,0,1,1,0,0,1,1,0.65,0,1,0.2776734227293848,0,0.2018966446523599,0.0,12,LOW
user_3286,13,2,0,0,1,124.14550796879072,5.6426120924739465,1.555791037035026,0,1,1,0,0,1,1,0.65,0,1,0.2776734227293848,0,0.2018966446523599,0.0,12,LOW
user_3287,13,4,1,1,1,269.2161934439956,6.68643358547341,10.296367270558871,0,1,1,1,1,1,1,1.0,0,1,0.1244119810262747,0,0.2600647053805528,0.3694114814818421,30,LOW
user_3288,4,2,0,2,1,191.2044407556895,14.671281557802445,7.340790593197805,1,3,1,2,0,1,1,1.5500000000000005,0,1,0.0178213557717713,0,0.9935488642050614,0.6263306409898065,85,HIGH
user_3289,13,1,0,0,1,216.6094167349444,1.1671236007755856,0.2858832703709272,0,1,1,0,0,1,1,0.65,0,1,0.2776734227293848,0,0.2018966446523599,0.0,12,LOW
user_3290,18,3,2,0,0,327.47223407708856,17.317230720543215,14430.401144914944,1,1,4,0,2,1,1,1.5500000000000005,1,-1,-0.0398435368800551,1,0.9980601933947105,0.7653223742482461,90,HIGH
user_3291,6,4,0,0,1,231.9612915594721,66.01250148416621,15.361316573760352,0,2,1,0,0,1,2,1.0,0,1,0.1157188029811144,0,0.21090605726134576,0.39036495643785196,28,LOW
user_3292,17,0,0,0,1,240.1040961524324,0.6191967017260858,8.106337053797532,0,1,1,0,0,1,1,0.65,0,1,0.2776734227293848,0,0.2018966446523599,0.0,12,LOW
user_3293,15,2,0,0,0,270.5800365278159,24.92294050212012,3.313429904915861,0,1,1,0,0,1,1,0.65,1,1,0.2776734227293848,0,0.15500519134380158,0.0,9,LOW
user_3294,10,0,1,0,1,270.32003663244194,45.17320311757685,26.40042502094037,0,1,1,0,1,1,1,0.7999999999999999,0,1,0.2129135634933541,0,0.13356667006213288,0.15609298252120107,14,LOW
user_3295,10,3,0,0,1,184.848133957333,9.36591236928132,2.7151878901010424,0,1,1,0,0,1,1,0.65,0,1,0.2776734227293848,0,0.2018966446523599,0.0,12,LOW
user_3296,19,0,0,1,1,236.3820890679376,3.5252261614600413,2.913367519079288,0,2,1,1,0,1,1,1.1,0,1,0.1083396961540713,0,0.5687783155237143,0.4081510789922207,50,MEDIUM
user_3297,10,3,0,0,1,242.16915167554964,0.01,4.379459654003286,0,1,1,0,0,1,1,0.65,0,1,0.2776734227293848,0,0.2018966446523599,0.0,12,LOW
user_3298,10,1,0,0,1,256.32161379772964,25.813807006069023,22.4940326494254,0,1,1,0,0,1,1,0.65,0,1,0.2776734227293848,0,0.2018966446523599,0.0,12,LOW
user_3299,17,1,2,0,0,257.3533164549972,20.087133840564448,14398.35424848324,1,1,4,0,2,1,1,1.5500000000000005,1,-1,-0.0398435368800551,1,0.9980601933947105,0.7653223742482461,90,HIGH
user_3300,15,5,0,0,1,395.2464737266474,6.511239588725721,11.46267134117165,0,1,1,0,0,1,1,0.65,0,1,0.2776734227293848,0,0.2018966446523599,0.0,12,LOW
user_3301,16,0,0,0,1,169.44841376476532,63.51452496407784,37.40769663895008,0,1,1,0,0,1,2,0.75,0,1,0.2193048404666994,0,0.33007420523328185,0.14068786125229182,25,LOW
user_3302,14,2,0,0,1,298.80549721187737,33.24845109177513,15.292242819488438,0,1,1,0,0,1,1,0.65,0,1,0.2776734227293848,0,0.2018966446523599,0.0,12,LOW
user_3303,10,0,0,0,1,311.0025483499836,8.088907662483164,1.894671683571728,0,1,1,0,0,1,1,0.65,0,1,0.2776734227293848,0,0.2018966446523599,0.0,12,LOW
user_3304,17,2,0,0,0,269.56703843541163,34.995943791524155,15.52839876042826,0,1,1,0,0,1,1,0.65,1,1,0.2776734227293848,0,0.15500519134380158,0.0,9,LOW
user_3305,17,2,0,1,1,200.98107630761552,7.025746638127378,13.79664981003666,0,1,1,1,0,1,1,0.85,0,1,0.2332993702223167,0,0.24213381063915532,0.10695635049384,19,LOW
user_3306,15,1,0,0,1,339.88008181605755,28.11883487645865,2.647692469412478,0,1,1,0,0,1,1,0.65,0,1,0.2776734227293848,0,0.2018966446523599,0.0,12,LOW
user_3307,15,0,0,0,1,108.48102811558812,3.154534359819901,3.935609904385315,0,1,1,0,0,2,1,0.75,0,1,0.0934671910539906,0,0.40261253039389167,0.44399880482146026,42,MEDIUM
user_3308,19,2,0,0,1,199.0039981669304,29.460831918904333,12.383166602281149,0,2,1,0,0,1,1,0.8999999999999999,0,1,0.190136950224284,0,0.20789731048021395,0.21099226023493423,21,LOW
user_3309,13,3,0,2,1,310.3009318333687,6.820638448833133,2.723247278830917,0,1,1,2,0,1,1,1.05,0,1,0.1541262400811022,0,0.4301355521591885,0.2977901503981718,38,MEDIUM
user_3310,10,4,1,0,1,7.337563508972074,912.7443574784892,2.334298607176574,1,1,1,0,1,3,3,1.2000000000000002,0,-1,-0.0466531783890061,1,0.9969658119658119,0.7817358943758647,91,HIGH
user_3311,15,2,0,1,1,335.78787148801115,4.732562681210874,12.156162338341876,0,1,1,1,0,1,1,0.85,0,1,0.2332993702223167,0,0.24213381063915532,0.10695635049384,19,LOW
user_3312,20,3,0,0,1,149.29171531929595,32.36266376387887,21.252383301579005,0,2,1,0,0,1,1,0.8999999999999999,0,1,0.190136950224284,0,0.20789731048021395,0.21099226023493423,21,LOW
user_3313,10,1,0,0,1,173.27388636311952,1.5702889803588416,0.7797957689950602,0,1,1,0,0,1,1,0.65,0,1,0.2776734227293848,0,0.2018966446523599,0.0,12,LOW
user_3314,12,1,0,0,1,208.1017097923815,4.520600570528923,5.904240632461829,0,1,1,0,0,1,1,0.65,0,1,0.2776734227293848,0,0.2018966446523599,0.0,12,LOW
user_3315,15,0,0,0,1,265.0439566521917,5.087704818758416,9.343916197894638,0,1,1,0,0,1,1,0.65,0,1,0.2776734227293848,0,0.2018966446523599,0.0,12,LOW
user_3316,13,1,0,0,1,226.67879097719864,1.0555635857270524,11.278664055520425,0,1,1,0,0,1,1,0.65,0,1,0.2776734227293848,0,0.2018966446523599,0.0,12,LOW
user_3317,11,1,0,0,1,210.57604484625475,34.16352045024188,55.71679099556136,0,1,2,0,0,1,1,0.85,0,1,0.0725673737099781,0,0.033557155468056085,0.4943743748406145,22,LOW
user_3318,17,2,0,0,1,325.22378586591145,99.02049171162916,11.478822429160662,0,1,1,0,0,1,2,0.75,0,1,0.2193048404666994,0,0.33007420523328185,0.14068786125229182,25,LOW
user_3319,20,3,0,0,1,330.80669852334904,37.67178360167808,9.679896690424416,0,2,1,0,0,1,1,0.8999999999999999,0,1,0.190136950224284,0,0.20789731048021395,0.21099226023493423,21,LOW
user_3320,14,5,0,0,1,215.13721405754663,49.2659272615775,45.789326512098654,0,1,1,0,0,1,1,0.65,0,1,0.2776734227293848,0,0.2018966446523599,0.0,12,LOW
user_3321,11,1,0,1,1,137.41393156022025,0.1506444733250613,0.6258644408375023,0,1,1,1,0,1,1,0.85,0,1,0.2332993702223167,0,0.24213381063915532,0.10695635049384,19,LOW
user_3322,9,3,0,1,1,110.5509702487572,3.135395012010915,0.7735296577390265,0,1,1,1,0,2,1,0.95,0,1,0.0868800058507494,0,0.049146048626075106,0.4598761306359884,21,LOW
user_3323,14,4,2,0,1,254.35740688682137,20.46891313622296,8.225329528389851,0,1,1,0,2,1,1,0.95,0,1,0.1483955927109178,0,0.007188301157192252,0.31160293273497597,13,LOW
user_3324,17,3,0,2,1,279.3573373331279,95.26926831984572,4.442027363511146,0,1,1,2,0,1,2,1.15,0,1,0.0682545724467911,0,0.5708054293276346,0.5047696724853863,54,MEDIUM
user_3325,15,1,0,0,1,243.7798671347128,27.022717971916205,1.0169780241902993,0,1,1,0,0,1,1,0.65,0,1,0.2776734227293848,0,0.2018966446523599,0.0,12,LOW
user_3326,13,1,0,0,1,235.7455135751545,11.715582308253609,3.659303520976438,0,1,1,0,0,1,1,0.65,0,1,0.2776734227293848,0,0.2018966446523599,0.0,12,LOW
user_3327,0,0,0,0,1,191.72744311835504,1.3225252885780336,11.21945873933108,0,3,1,0,0,1,1,1.15,0,1,0.0815285198183811,0,0.0013513513513513514,0.47277500697029895,19,LOW
user_3328,10,1,0,0,1,279.2987876348303,4.146515444055902,21.254014098859727,0,1,1,0,0,1,1,0.65,0,1,0.2776734227293848,0,0.2018966446523599,0.0,12,LOW
user_3329,16,4,0,0,1,340.6911227339346,11.2649565237806,0.9907417909234886,0,1,1,0,0,1,1,0.65,0,1,0.2776734227293848,0,0.2018966446523599,0.0,12,LOW
user_3330,16,0,0,0,1,106.98733935986664,31.277501065683865,7.768441924595947,0,1,1,0,0,2,1,0.75,0,1,0.0934671910539906,0,0.40261253039389167,0.44399880482146026,42,MEDIUM
user_3331,9,1,0,0,1,235.3499286727371,0.8084131575781207,3.5114109083929783,0,1,1,0,0,1,1,0.65,0,1,0.2776734227293848,0,0.2018966446523599,0.0,12,LOW
user_3332,18,3,0,0,1,181.779099035184,591.0109972698272,11.005927383460191,0,1,1,0,0,1,3,0.8500000000000001,0,1,0.1140437691094343,0,0.29646344472155617,0.3944023499087308,34,MEDIUM
user_3333,15,4,0,1,1,150.57204035676892,70.99020385163921,7.972895372692084,0,1,1,1,0,1,2,0.95,0,1,0.1509357020843734,0,0.04950631867309361,0.30548041714105467,15,LOW
user_3334,18,2,0,1,0,172.20144775293505,54.91432336197583,26.133448317340232,0,1,1,1,0,1,2,0.95,1,1,0.1509357020843734,0,0.059833691066340094,0.30548041714105467,16,LOW
user_3335,9,3,1,0,1,262.78037134106427,61.05391278960708,0.3841228244934396,0,1,1,0,1,1,2,0.8999999999999999,0,1,0.1194195039721256,0,0.26547768987979625,0.3814450257597952,31,MEDIUM
user_3336,9,2,0,0,1,264.29773185547,0.3864535813786872,6.349486049849837,0,1,1,0,0,1,1,0.65,0,1,0.2776734227293848,0,0.2018966446523599,0.0,12,LOW
user_3337,13,0,0,0,1,327.617265670488,317.7054206269902,2.141337063301413,0,1,1,0,0,1,3,0.8500000000000001,0,1,0.1140437691094343,0,0.29646344472155617,0.3944023499087308,34,MEDIUM
user_3338,3,2,0,0,1,240.52689282872768,114.00825500388312,7.695568644361971,0,3,1,0,0,1,2,1.25,0,1,0.0406781887288436,0,0.004507732605558692,0.5712380069206875,23,LOW
user_3339,19,3,0,0,1,134.5067022078253,50.86765508330464,19.21271594967932,0,2,1,0,0,1,2,1.0,0,1,0.1157188029811144,0,0.21090605726134576,0.39036495643785196,28,LOW
user_3340,16,5,0,0,1,225.7098274574417,5.1697276418397164,24.22681740580813,0,1,1,0,0,1,1,0.65,0,1,0.2776734227293848,0,0.2018966446523599,0.0,12,LOW
user_3341,13,0,0,0,1,156.81725566705296,14.788500919747005,5.078827303564784,0,1,1,0,0,1,1,0.65,0,1,0.2776734227293848,0,0.2018966446523599,0.0,12,LOW
user_3342,10,2,0,0,1,167.5922468146797,1.12923338360546,16.7014656763094,0,1,1,0,0,1,1,0.65,0,1,0.2776734227293848,0,0.2018966446523599,0.0,12,LOW
user_3343,17,1,1,2,1,274.8335435043897,1.0225290257946442,3.292099754077595,0,1,1,2,1,1,1,1.2000000000000002,0,1,0.0547880072036045,0,0.4121174521254879,0.5372286116789389,46,MEDIUM
user_3344,11,2,0,1,1,251.6508543356652,71.73899134687395,0.0632490643576361,0,1,1,1,0,1,2,0.95,0,1,0.1509357020843734,0,0.04950631867309361,0.30548041714105467,15,LOW
user_3345,18,0,0,0,1,275.25393572611983,41.59822529689357,19.326715696900006,0,1,1,0,0,1,1,0.65,0,1,0.2776734227293848,0,0.2018966446523599,0.0,12,LOW
user_3346,13,1,0,0,1,218.55042916369632,18.866313362159463,1.2716568810394775,1,1,1,0,0,1,1,0.65,0,1,0.2776734227293848,0,0.2018966446523599,0.0,12,LOW
user_3347,18,4,0,1,1,11.571994867406424,612.5820666641265,0.1776804429479838,1,1,1,1,0,3,3,1.25,0,-1,-0.0451238481195181,1,0.9956032697075936,0.7780496954581945,91,HIGH
user_3348,16,3,0,0,1,215.1958261025933,34.53313004431435,4.366426096402894,0,1,1,0,0,1,1,0.65,0,1,0.2776734227293848,0,0.2018966446523599,0.0,12,LOW
user_3349,2,2,0,2,1,307.0009699645348,10.451177570808037,4.770362838926941,1,3,1,2,0,1,1,1.5500000000000005,0,1,0.0178213557717713,0,0.9935488642050614,0.6263306409898065,85,HIGH
user_3350,12,1,0,0,1,260.67833636829255,35.873387375377106,0.8036461114886309,0,1,1,0,0,1,1,0.65,0,1,0.2776734227293848,0,0.2018966446523599,0.0,12,LOW
user_3351,12,1,0,0,1,227.5801877709229,16.590116257059638,16.829910580642945,0,1,1,0,0,1,1,0.65,0,1,0.2776734227293848,0,0.2018966446523599,0.0,12,LOW
user_3352,15,2,2,1,1,252.7255826505658,25.39707311075093,5.201905551828769,0,1,1,1,2,1,1,1.15,0,1,0.0590725335016217,0,0.024931712964170426,0.5269014661842195,23,LOW
user_3353,14,4,0,0,1,238.9283579415049,83.6886549305798,6.7319478755684505,1,1,1,0,0,1,2,0.75,0,1,0.2193048404666994,0,0.33007420523328185,0.14068786125229182,25,LOW
user_3354,12,6,2,0,0,335.7663909187754,15.934088554061333,12043.56294089096,1,1,4,0,2,1,1,1.5500000000000005,1,-1,-0.0398435368800551,1,0.9980601933947105,0.7653223742482461,90,HIGH
user_3355,13,2,2,0,0,254.72625735472727,13.549509118465334,8316.00030795431,1,1,4,0,2,1,1,1.5500000000000005,1,-1,-0.0398435368800551,1,0.9980601933947105,0.7653223742482461,90,HIGH
user_3356,14,2,0,0,1,239.9032396563295,59.04489220361264,14.555646594461106,0,1,1,0,0,1,2,0.75,0,1,0.2193048404666994,0,0.33007420523328185,0.14068786125229182,25,LOW
user_3357,7,4,0,0,1,225.69054857695204,58.218220771252696,23.66406170228233,0,2,1,0,0,1,2,1.0,0,1,0.1157188029811144,0,0.21090605726134576,0.39036495643785196,28,LOW
user_3358,15,2,0,0,1,290.59105315470066,122.0517709618177,35.243689341447805,0,1,1,0,0,1,2,0.75,0,1,0.2193048404666994,0,0.33007420523328185,0.14068786125229182,25,LOW
user_3359,11,3,0,0,1,282.4748003432103,20.0106828436452,5.563878713206889,0,1,1,0,0,1,1,0.65,0,1,0.2776734227293848,0,0.2018966446523599,0.0,12,LOW
user_3360,10,1,0,0,1,223.5695021812423,10.549831503140132,46.08561807886709,0,1,1,0,0,1,1,0.65,0,1,0.2776734227293848,0,0.2018966446523599,0.0,12,LOW
user_3361,8,4,2,0,0,170.66150912263146,6.873755461957781,14172.493208191352,1,2,4,0,2,1,1,1.8000000000000005,1,-1,-0.0706838426998131,1,0.99875,0.8396578557341853,94,HIGH
user_3362,8,2,0,0,1,185.8819116972988,0.8672799535496674,0.0700038087518384,0,2,1,0,0,1,1,0.8999999999999999,0,1,0.190136950224284,0,0.20789731048021395,0.21099226023493423,21,LOW
user_3363,9,4,0,0,1,228.95024762746823,32.43224817571582,14.593685953238875,0,1,1,0,0,1,1,0.65,0,1,0.2776734227293848,0,0.2018966446523599,0.0,12,LOW
user_3364,5,4,2,0,1,320.935650367145,0.01,1.965450104780628,0,3,1,0,2,1,1,1.4500000000000002,0,-1,-0.0255640932305964,1,0.08941457091003371,0.7309041254397726,35,MEDIUM
user_3365,19,1,0,0,1,224.9894022451852,23.325807657552986,0.5388067891223862,0,2,1,0,0,1,1,0.8999999999999999,0,1,0.190136950224284,0,0.20789731048021395,0.21099226023493423,21,LOW
user_3366,12,3,0,0,1,204.35258340206613,62.10038578534613,25.771393481893305,0,1,1,0,0,1,2,0.75,0,1,0.2193048404666994,0,0.33007420523328185,0.14068786125229182,25,LOW
user_3367,14,4,0,0,1,134.35684120508122,75.00033932856411,15.6930814383247,1,1,1,0,0,1,2,0.75,0,1,0.2193048404666994,0,0.33007420523328185,0.14068786125229182,25,LOW
user_3368,15,1,1,2,1,330.8124861361378,0.110497182684718,1.0832579836429992,0,1,1,2,1,1,1,1.2000000000000002,0,1,0.0547880072036045,0,0.4121174521254879,0.5372286116789389,46,MEDIUM
user_3369,14,0,0,0,1,274.1416887588876,9.53425702620486,15.001806845599535,0,1,1,0,0,1,1,0.65,0,1,0.2776734227293848,0,0.2018966446523599,0.0,12,LOW
user_3370,13,0,0,0,1,287.76059820035147,45.408174271406864,18.578973321639445,0,1,1,0,0,1,1,0.65,0,1,0.2776734227293848,0,0.2018966446523599,0.0,12,LOW
user_3371,10,2,0,0,1,297.7012831157625,19.220767041432254,23.570588627099703,0,1,1,0,0,1,1,0.65,0,1,0.2776734227293848,0,0.2018966446523599,0.0,12,LOW
user_3372,18,1,0,0,1,230.1161862744622,41.19261237554866,7.845917897446496,0,1,1,0,0,1,1,0.65,0,1,0.2776734227293848,0,0.2018966446523599,0.0,12,LOW
user_3373,19,3,0,0,1,245.07543802485213,47.988107924519454,12.154115464250204,0,2,1,0,0,1,1,0.8999999999999999,0,1,0.190136950224284,0,0.20789731048021395,0.21099226023493423,21,LOW
user_3374,8,1,0,0,1,329.31611651711967,14.612980119079849,14.364904848236389,0,2,1,0,0,1,1,0.8999999999999999,0,1,0.190136950224284,0,0.20789731048021395,0.21099226023493423,21,LOW
user_3375,10,4,0,0,1,250.7748533591482,11.117480116741712,11.668020600138124,0,1,1,0,0,1,1,0.65,0,1,0.2776734227293848,0,0.2018966446523599,0.0,12,LOW
user_3376,13,1,0,0,1,275.25151740383967,15.194119601621509,10.408160025111528,0,1,1,0,0,1,1,0.65,0,1,0.2776734227293848,0,0.2018966446523599,0.0,12,LOW
user_3377,11,1,0,0,1,292.2330430320307,26.446011974124456,7.930984697817378,0,1,1,0,0,1,1,0.65,0,1,0.2776734227293848,0,0.2018966446523599,0.0,12,LOW
user_3378,15,2,0,0,1,278.5758799453586,11.438407870308746,6.523804596227398,0,1,1,0,0,1,1,0.65,0,1,0.2776734227293848,0,0.2018966446523599,0.0,12,LOW
user_3379,11,2,0,0,0,232.3098497840104,37.29007069750183,55.53214665178108,0,1,2,0,0,1,1,0.85,1,1,0.0725673737099781,0,0.04307199997981872,0.4943743748406145,22,LOW
user_3380,20,1,1,0,1,237.9669694311648,58.58330061376447,4.118264693639447,0,2,1,0,1,1,2,1.15,0,1,0.0482891388139982,0,0.06259772921450295,0.5528930643493671,26,LOW
user_3381,8,1,1,1,1,286.65842627855653,0.01,0.9241003677650332,0,2,1,1,1,1,1,1.25,0,1,0.0530025780073042,0,0.049471929438013235,0.5415320949109698,25,LOW
user_3382,14,0,0,1,1,286.5601715960836,83.80278451301953,14.483270750983657,0,1,1,1,0,1,2,0.95,0,1,0.1509357020843734,0,0.04950631867309361,0.30548041714105467,15,LOW
user_3383,17,3,0,0,0,310.0939559411677,24.3695392111125,2.405750736863726,0,1,1,0,0,1,1,0.65,1,1,0.2776734227293848,0,0.15500519134380158,0.0,9,LOW
user_3384,17,4,0,0,1,273.0658189985903,52.62796406607634,7.607696192733715,0,1,1,0,0,1,2,0.75,0,1,0.2193048404666994,0,0.33007420523328185,0.14068786125229182,25,LOW
user_3385,12,2,0,0,1,275.7963368155233,2.743040153770069,1.0070638140745682,0,1,1,0,0,1,1,0.65,0,1,0.2776734227293848,0,0.2018966446523599,0.0,12,LOW
user_3386,11,3,0,0,1,213.2259979929332,7.242073055641048,9.657012230506824,0,1,1,0,0,1,1,0.65,0,1,0.2776734227293848,0,0.2018966446523599,0.0,12,LOW
user_3387,14,4,0,0,1,205.1310293356859,9.679056278246431,28.825358095453787,0,1,1,0,0,1,1,0.65,0,1,0.2776734227293848,0,0.2018966446523599,0.0,12,LOW
user_3388,16,0,1,0,1,286.8378404610897,9.01786843656262,12.82672321120602,0,1,1,0,1,1,1,0.7999999999999999,0,1,0.2129135634933541,0,0.13356667006213288,0.15609298252120107,14,LOW
user_3389,14,6,1,0,0,205.5488959190175,4.714361334675169,2.4147909753922243,0,1,1,0,1,1,1,0.7999999999999999,1,1,0.2129135634933541,0,0.04680970107273437,0.15609298252120107,9,LOW
user_3390,9,4,0,0,1,238.75793981298827,50.66192115126478,35.45230997121333,0,1,1,0,0,1,2,0.75,0,1,0.2193048404666994,0,0.33007420523328185,0.14068786125229182,25,LOW
user_3391,11,1,0,0,1,322.74139445827745,13.558429348159365,3.6685072925455326,0,1,1,0,0,1,1,0.65,0,1,0.2776734227293848,0,0.2018966446523599,0.0,12,LOW
user_3392,13,1,1,0,1,313.23421754070534,82.50907073363148,5.7379202398480444,0,1,1,0,1,1,2,0.8999999999999999,0,1,0.1194195039721256,0,0.26547768987979625,0.3814450257597952,31,MEDIUM
user_3393,13,0,1,0,1,258.107329847831,21.89506183334776,6.893882947767258,0,1,1,0,1,1,1,0.7999999999999999,0,1,0.2129135634933541,0,0.13356667006213288,0.15609298252120107,14,LOW
user_3394,19,0,2,0,1,222.23162520997727,3.7239481780103993,46.79758329010155,0,2,1,0,2,1,1,1.2000000000000002,0,1,0.0458866002061858,0,0.0031251686909581646,0.5586839882540799,23,LOW
user_3395,9,4,0,0,0,232.5972653793897,19.7362053182772,0.7137936051563359,0,1,1,0,0,1,1,0.65,1,1,0.2776734227293848,0,0.15500519134380158,0.0,9,LOW
user_3396,15,2,0,0,1,292.0596084633369,126.07307850470517,11.93126157249772,0,1,1,0,0,1,2,0.75,0,1,0.2193048404666994,0,0.33007420523328185,0.14068786125229182,25,LOW
user_3397,18,4,0,0,1,237.81004335323007,20.82010021970304,4.493086561970848,0,1,1,0,0,1,1,0.65,0,1,0.2776734227293848,0,0.2018966446523599,0.0,12,LOW
user_3398,20,4,0,0,1,206.50305641938417,0.046777363391795,0.8156295836355748,0,2,1,0,0,1,1,0.8999999999999999,0,1,0.190136950224284,0,0.20789731048021395,0.21099226023493423,21,LOW
user_3399,12,3,0,0,1,312.9464853844784,67.60639905488453,27.338551682347347,0,1,1,0,0,1,2,0.75,0,1,0.2193048404666994,0,0.33007420523328185,0.14068786125229182,25,LOW
user_3400,15,3,0,0,1,250.8960083477569,6.693535586901255,8.91252615911254,0,1,1,0,0,1,1,0.65,0,1,0.2776734227293848,0,0.2018966446523599,0.0,12,LOW
user_3401,15,0,1,0,1,205.3646507404952,29.1612303345885,14.004663412663817,0,1,1,0,1,1,1,0.7999999999999999,0,1,0.2129135634933541,0,0.13356667006213288,0.15609298252120107,14,LOW
user_3402,14,1,1,0,1,268.7364113359579,18.09429174130681,2.7494412641434023,0,1,1,0,1,1,1,0.7999999999999999,0,1,0.2129135634933541,0,0.13356667006213288,0.15609298252120107,14,LOW
user_3403,13,3,0,0,1,298.2731047915505,9.84213493486182,14.335575667277295,0,1,1,0,0,1,1,0.65,0,1,0.2776734227293848,0,0.2018966446523599,0.0,12,LOW
user_3404,15,0,1,0,1,179.53961611273436,8.304420208583624,17.630288157675555,0,1,1,0,1,1,1,0.7999999999999999,0,1,0.2129135634933541,0,0.13356667006213288,0.15609298252120107,14,LOW
user_3405,6,0,0,0,1,227.972765198824,66.0424722641704,5.635750606470349,0,2,1,0,0,1,2,1.0,0,1,0.1157188029811144,0,0.21090605726134576,0.39036495643785196,28,LOW
user_3406,16,4,0,0,1,225.1989979446953,60.73941817610733,8.48530389384355,0,1,1,0,0,1,2,0.75,0,1,0.2193048404666994,0,0.33007420523328185,0.14068786125229182,25,LOW
user_3407,14,3,0,0,1,267.13722994700856,17.994201829953393,35.71008775349153,0,1,1,0,0,1,1,0.65,0,1,0.2776734227293848,0,0.2018966446523599,0.0,12,LOW
user_3408,13,1,0,1,1,277.9204993715915,7.476840950973755,18.75551869319971,0,1,1,1,0,1,1,0.85,0,1,0.2332993702223167,0,0.24213381063915532,0.10695635049384,19,LOW
user_3409,20,3,0,0,1,206.9115653232309,2.699154134635322,5.885170414848663,0,2,1,0,0,1,1,0.8999999999999999,0,1,0.190136950224284,0,0.20789731048021395,0.21099226023493423,21,LOW
user_3410,11,4,0,1,0,150.4349294456385,4.257148394010927,10.923534921288775,0,1,1,1,0,1,1,0.85,1,1,0.2332993702223167,0,0.5768895551079612,0.10695635049384,39,MEDIUM
user_3411,12,1,2,0,0,301.90792527596403,18.466782702337763,6098.83164411105,1,1,4,0,2,1,1,1.5500000000000005,1,-1,-0.0398435368800551,1,0.9980601933947105,0.7653223742482461,90,HIGH
user_3412,19,0,0,2,1,172.8032837653672,9.19809079606168,0.2462965566490501,0,2,1,2,0,1,1,1.3000000000000005,0,1,0.0461621116072437,0,0.06294630480760484,0.5580199133654522,26,LOW
user_3413,11,5,2,0,1,256.27105230263265,1.074465831219834,8.87620641471645,0,1,1,0,2,1,1,0.95,0,1,0.1483955927109178,0,0.007188301157192252,0.31160293273497597,13,LOW
user_3414,12,1,0,2,1,232.08114607615903,15.181916512596496,41.687629876903145,0,1,1,2,0,1,1,1.05,0,1,0.1541262400811022,0,0.4301355521591885,0.2977901503981718,38,MEDIUM
user_3415,13,0,0,0,1,249.7466343122445,34.27916339299706,29.40877674845613,0,1,1,0,0,1,1,0.65,0,1,0.2776734227293848,0,0.2018966446523599,0.0,12,LOW
user_3416,16,2,0,0,1,339.0740383024115,55.570125716741934,17.864161388528693,0,1,1,0,0,1,2,0.75,0,1,0.2193048404666994,0,0.33007420523328185,0.14068786125229182,25,LOW
user_3417,14,4,0,0,1,422.29689681730974,22.00403601304117,1.122890102628198,0,1,1,0,0,1,1,0.65,0,1,0.2776734227293848,0,0.2018966446523599,0.0,12,LOW
user_3418,10,1,0,2,1,141.99375531608348,32.119823199612135,51.22928538370885,0,1,2,2,0,1,1,1.2500000000000002,0,1,0.0222998575527429,0,0.09714621242798346,0.6155359495178796,30,LOW
user_3419,16,1,0,0,1,299.03436931997544,0.01,9.4042501777388,0,1,1,0,0,1,1,0.65,0,1,0.2776734227293848,0,0.2018966446523599,0.0,12,LOW
user_3420,12,1,0,0,1,230.62513363934124,17.14129251055607,2.5219685248342154,0,1,1,0,0,1,1,0.65,0,1,0.2776734227293848,0,0.2018966446523599,0.0,12,LOW
user_3421,13,6,0,0,1,302.8712708227532,32.6988065289714,11.216824387269511,0,1,1,0,0,1,1,0.65,0,1,0.2776734227293848,0,0.2018966446523599,0.0,12,LOW
user_3422,15,1,0,0,1,297.43578457074983,32.51743711073411,19.415844529412688,0,1,1,0,0,1,1,0.65,0,1,0.2776734227293848,0,0.2018966446523599,0.0,12,LOW
user_3423,15,3,0,0,1,324.5846884318898,13.814042242218775,1.1915270417780182,0,1,1,0,0,1,1,0.65,0,1,0.2776734227293848,0,0.2018966446523599,0.0,12,LOW
user_3424,8,5,0,0,1,257.0978949097618,19.61333053268384,24.8216812245237,0,2,1,0,0,1,1,0.8999999999999999,0,1,0.190136950224284,0,0.20789731048021395,0.21099226023493423,21,LOW
user_3425,17,0,1,2,1,186.6254109026985,64.37800802391313,25.28285427832794,0,1,1,2,1,1,2,1.3,0,-1,-0.0066553003840512,1,0.07226061812118971,0.6853275922892705,32,MEDIUM
user_3426,14,6,0,1,1,295.6589693225772,381.6401938318578,0.1355587331006943,0,1,1,1,0,1,3,1.05,0,1,0.0596166766321488,0,0.07429146882479426,0.5255898987230732,25,LOW
user_3427,18,5,0,0,1,247.07985456864387,25.72071704543091,23.05781412418756,0,1,1,0,0,1,1,0.65,0,1,0.2776734227293848,0,0.2018966446523599,0.0,12,LOW
user_3428,15,4,1,0,1,225.9694070919521,38.38381816537177,29.34033748392931,0,1,1,0,1,1,1,0.7999999999999999,0,1,0.2129135634933541,0,0.13356667006213288,0.15609298252120107,14,LOW
user_3429,17,1,0,0,1,211.4265671577023,3.060488148509059,0.3842050226698948,0,1,1,0,0,1,1,0.65,0,1,0.2776734227293848,0,0.2018966446523599,0.0,12,LOW
user_3430,15,3,0,0,1,300.38013414630774,18.49990605876231,3.483756549490207,0,1,1,0,0,1,1,0.65,0,1,0.2776734227293848,0,0.2018966446523599,0.0,12,LOW
user_3431,18,4,2,0,1,336.2021695204426,80.11922998995144,4.669802152772214,0,1,1,0,2,1,2,1.05,0,1,0.0515919801040551,0,0.01030309988802873,0.5449321090007749,22,LOW
user_3432,15,6,0,0,1,168.27884647802193,11.222120914866734,4.29077405251536,0,1,1,0,0,1,1,0.65,0,1,0.2776734227293848,0,0.2018966446523599,0.0,12,LOW
user_3433,13,1,0,0,1,277.31713454873585,8.736318120209651,14.229717782380876,0,1,1,0,0,1,1,0.65,0,1,0.2776734227293848,0,0.2018966446523599,0.0,12,LOW
user_3434,20,4,1,1,1,217.65676887464127,22.98288037569077,4.433296976021769,0,2,1,1,1,1,1,1.25,0,1,0.0530025780073042,0,0.049471929438013235,0.5415320949109698,25,LOW
user_3435,16,1,1,1,0,151.96365610847317,6.247438745641855,31.368077057584284,0,1,1,1,1,1,1,1.0,1,1,0.1244119810262747,0,0.16068524346768412,0.3694114814818421,24,LOW
user_3436,15,0,0,0,1,248.86234924578048,20.295180070872807,52.96843514149869,0,1,2,0,0,1,1,0.85,0,1,0.0725673737099781,0,0.033557155468056085,0.4943743748406145,22,LOW
user_3437,10,2,0,2,1,190.01173318862635,4.229763998799239,3.809952579463979,0,1,1,2,0,1,1,1.05,0,1,0.1541262400811022,0,0.4301355521591885,0.2977901503981718,38,MEDIUM
user_3438,10,4,0,0,0,145.33480633198815,21.67522320840209,7.109054355512491,0,1,1,0,0,1,1,0.65,1,1,0.2776734227293848,0,0.15500519134380158,0.0,9,LOW
user_3439,14,2,0,0,1,193.09557166652792,23.05641126382588,8.157800985812148,0,1,1,0,0,1,1,0.65,0,1,0.2776734227293848,0,0.2018966446523599,0.0,12,LOW
user_3440,14,2,0,0,1,178.3335649251688,13.549329409358691,8.660797441409802,0,1,1,0,0,1,1,0.65,0,1,0.2776734227293848,0,0.2018966446523599,0.0,12,LOW
user_3441,12,6,0,0,1,201.19878881619653,12.061883991644526,4.687388201665531,0,1,1,0,0,1,1,0.65,0,1,0.2776734227293848,0,0.2018966446523599,0.0,12,LOW
user_3442,14,2,0,0,1,160.44695538277864,7.041117632144001,1.8151408523747183,0,1,1,0,0,1,1,0.65,0,1,0.2776734227293848,0,0.2018966446523599,0.0,12,LOW
user_3443,18,3,1,0,1,216.2915934824272,10.046377345208336,0.5610542437859862,0,1,1,0,1,1,1,0.7999999999999999,0,1,0.2129135634933541,0,0.13356667006213288,0.15609298252120107,14,LOW
user_3444,16,2,1,0,1,197.20505231496165,17.246114363863665,1.1243958620059011,0,1,1,0,1,1,1,0.7999999999999999,0,1,0.2129135634933541,0,0.13356667006213288,0.15609298252120107,14,LOW
user_3445,10,2,2,0,1,262.53683262873943,7.114136720391752,23.1558155830535,0,1,1,0,2,1,1,0.95,0,1,0.1483955927109178,0,0.007188301157192252,0.31160293273497597,13,LOW
user_3446,13,3,1,0,1,275.61233918389894,38.17738436632815,3.290250451861038,0,1,1,0,1,1,1,0.7999999999999999,0,1,0.2129135634933541,0,0.13356667006213288,0.15609298252120107,14,LOW
user_3447,11,5,0,0,1,255.6089146067065,30.86382808391564,0.7993427869746855,0,1,1,0,0,1,1,0.65,0,1,0.2776734227293848,0,0.2018966446523599,0.0,12,LOW
user_3448,12,3,0,0,1,225.87333252758947,7.844008242599718,9.769161181055694,0,1,1,0,0,1,1,0.65,0,1,0.2776734227293848,0,0.2018966446523599,0.0,12,LOW
user_3449,12,4,0,0,1,224.25434425846112,2.562868747921141,0.7829365202992502,0,1,1,0,0,1,1,0.65,0,1,0.2776734227293848,0,0.2018966446523599,0.0,12,LOW
user_3450,12,0,0,0,1,189.7755007553181,0.01,0.7262761883038407,0,1,1,0,0,1,1,0.65,0,1,0.2776734227293848,0,0.2018966446523599,0.0,12,LOW
user_3451,10,1,0,0,1,191.2203204354037,22.70303308750917,9.717255005269603,0,1,1,0,0,1,1,0.65,0,1,0.2776734227293848,0,0.2018966446523599,0.0,12,LOW
user_3452,13,2,0,1,1,282.2162320847242,5.936252164021558,8.950069574067589,0,1,1,1,0,1,1,0.85,0,1,0.2332993702223167,0,0.24213381063915532,0.10695635049384,19,LOW
user_3453,12,0,1,0,1,134.41784408097217,0.3165574930306423,0.4236202032436193,0,1,1,0,1,1,1,0.7999999999999999,0,1,0.2129135634933541,0,0.13356667006213288,0.15609298252120107,14,LOW
user_3454,5,1,0,0,1,235.15650370122344,11.121471458876384,6.170714097469256,0,3,1,0,0,1,1,1.15,0,1,0.0815285198183811,0,0.0013513513513513514,0.47277500697029895,19,LOW
user_3455,20,2,0,0,1,220.588256306328,81.75321636859374,5.722903102549028,0,2,1,0,0,1,2,1.0,0,1,0.1157188029811144,0,0.21090605726134576,0.39036495643785196,28,LOW
user_3456,17,0,0,0,1,275.94792608249355,29.274962675067343,7.911771409622908,0,1,1,0,0,1,1,0.65,0,1,0.2776734227293848,0,0.2018966446523599,0.0,12,LOW
user_3457,12,1,0,0,1,154.49928099465896,48.75663851187058,13.388182425466669,0,1,1,0,0,1,1,0.65,0,1,0.2776734227293848,0,0.2018966446523599,0.0,12,LOW
user_3458,14,2,0,0,1,240.7488423291564,3.908717709014137,3.324006035676619,0,1,1,0,0,1,1,0.65,0,1,0.2776734227293848,0,0.2018966446523599,0.0,12,LOW
user_3459,10,3,0,1,1,260.57906048154643,1.9028152036549884,5.670085434089356,0,1,1,1,0,1,1,0.85,0,1,0.2332993702223167,0,0.24213381063915532,0.10695635049384,19,LOW
user_3460,19,5,0,0,1,125.7161268825603,0.2899186649218841,15.737941869695211,0,2,1,0,0,1,1,0.8999999999999999,0,1,0.190136950224284,0,0.20789731048021395,0.21099226023493423,21,LOW
user_3461,19,3,0,0,1,175.54032162829577,77.89799307340435,25.582052263119536,0,2,1,0,0,1,2,1.0,0,1,0.1157188029811144,0,0.21090605726134576,0.39036495643785196,28,LOW
user_3462,4,2,0,1,1,234.49260919123253,0.01,22.19374850796314,0,3,1,1,0,1,1,1.35,0,1,0.0315454029659408,0,0.6610978799349574,0.593251083929748,63,MEDIUM
user_3463,17,5,0,0,1,270.84881445805826,15.381744649026736,6.493809525724245,0,1,1,0,0,1,1,0.65,0,1,0.2776734227293848,0,0.2018966446523599,0.0,12,LOW
user_3464,14,4,2,1,1,250.949958666762,12.543493294548217,7.357745475391503,0,1,1,1,2,1,1,1.15,0,1,0.0590725335016217,0,0.024931712964170426,0.5269014661842195,23,LOW
user_3465,9,1,0,0,1,273.62725517698846,32.77567767345567,7.531210787162911,0,1,1,0,0,1,1,0.65,0,1,0.2776734227293848,0,0.2018966446523599,0.0,12,LOW
user_3466,12,0,1,0,1,175.23764924156072,9.275319674132826,20.30389085873652,0,1,1,0,1,1,1,0.7999999999999999,0,1,0.2129135634933541,0,0.13356667006213288,0.15609298252120107,14,LOW
user_3467,14,3,0,0,1,144.6749790163184,19.167307227226978,18.32203453565668,0,1,1,0,0,1,1,0.65,0,1,0.2776734227293848,0,0.2018966446523599,0.0,12,LOW
user_3468,12,3,0,0,1,245.07034834540733,135.5532036898768,3.732872074565407,1,1,1,0,0,1,2,0.75,0,1,0.2193048404666994,0,0.33007420523328185,0.14068786125229182,25,LOW
user_3469,13,4,0,0,1,166.23880570715312,14.67753230608129,1.7775164208525027,0,1,1,0,0,1,1,0.65,0,1,0.2776734227293848,0,0.2018966446523599,0.0,12,LOW
user_3470,13,4,0,0,1,188.08066043713183,20.033433547277603,4.763832341068163,0,1,1,0,0,1,1,0.65,0,1,0.2776734227293848,0,0.2018966446523599,0.0,12,LOW
user_3471,13,3,0,0,1,295.9367012895824,17.455403265733878,3.402482935080948,0,1,1,0,0,1,1,0.65,0,1,0.2776734227293848,0,0.2018966446523599,0.0,12,LOW
user_3472,14,6,0,0,1,251.34597340601107,40.63742405406796,30.11469960151823,0,1,1,0,0,1,1,0.65,0,1,0.2776734227293848,0,0.2018966446523599,0.0,12,LOW
user_3473,10,2,2,0,1,205.9113056846752,7.759771199866685,3.091313788166347,0,1,1,0,2,1,1,0.95,0,1,0.1483955927109178,0,0.007188301157192252,0.31160293273497597,13,LOW
user_3474,11,0,0,0,1,198.1181097215422,4.671436194566525,1.9992358561781456,0,1,1,0,0,1,1,0.65,0,1,0.2776734227293848,0,0.2018966446523599,0.0,12,LOW
user_3475,10,4,0,2,1,277.2552934133499,35.070062672633334,22.973892404371348,0,1,1,2,0,1,1,1.05,0,1,0.1541262400811022,0,0.4301355521591885,0.2977901503981718,38,MEDIUM
user_3476,2,1,0,2,1,252.718256138999,13.430017982928891,0.9044848182486092,1,3,1,2,0,1,1,1.5500000000000005,0,1,0.0178213557717713,0,0.9935488642050614,0.6263306409898065,85,HIGH
user_3477,7,4,0,0,1,167.12660146063854,61.255677623926594,3.0146468638462736,0,2,1,0,0,1,2,1.0,0,1,0.1157188029811144,0,0.21090605726134576,0.39036495643785196,28,LOW
user_3478,17,6,0,0,1,123.13057601394316,25.831802006539988,5.782325998796668,0,1,1,0,0,1,1,0.65,0,1,0.2776734227293848,0,0.2018966446523599,0.0,12,LOW
user_3479,18,3,2,0,0,352.908109958409,20.77250747277076,8783.436903681502,1,1,4,0,2,1,1,1.5500000000000005,1,-1,-0.0398435368800551,1,0.9980601933947105,0.7653223742482461,90,HIGH
user_3480,13,3,0,0,1,166.65124648094653,1.826556761033244,3.970102955396167,0,1,1,0,0,1,1,0.65,0,1,0.2776734227293848,0,0.2018966446523599,0.0,12,LOW
user_3481,6,2,0,1,1,271.6617901980074,32.77150148604977,6.85643398327084,0,2,1,1,0,1,1,1.1,0,1,0.1083396961540713,0,0.5687783155237143,0.4081510789922207,50,MEDIUM
user_3482,12,2,0,0,1,330.64157594029047,28.962271348162872,2.2168360059933896,0,1,1,0,0,1,1,0.65,0,1,0.2776734227293848,0,0.2018966446523599,0.0,12,LOW
user_3483,13,1,0,1,1,248.85585412998927,25.54627644337017,8.539596145391839,0,1,1,1,0,1,1,0.85,0,1,0.2332993702223167,0,0.24213381063915532,0.10695635049384,19,LOW
user_3484,10,3,0,0,1,203.9737994119677,347.83037347048185,5.239392464929589,0,1,1,0,0,1,3,0.8500000000000001,0,1,0.1140437691094343,0,0.29646344472155617,0.3944023499087308,34,MEDIUM
user_3485,12,4,0,0,1,154.43705749825727,73.31392406402824,18.921967059268688,0,1,1,0,0,1,2,0.75,0,1,0.2193048404666994,0,0.33007420523328185,0.14068786125229182,25,LOW
user_3486,18,3,0,1,1,153.5993678207982,9.702486454325529,5.373991487023996,0,1,1,1,0,1,1,0.85,0,1,0.2332993702223167,0,0.24213381063915532,0.10695635049384,19,LOW
user_3487,15,1,0,0,1,262.6016909205832,343.3307357898456,5.866550575989326,0,1,1,0,0,1,3,0.8500000000000001,0,1,0.1140437691094343,0,0.29646344472155617,0.3944023499087308,34,MEDIUM
user_3488,11,2,0,0,1,327.0585793769991,108.9600085356357,8.969170920270242,0,1,1,0,0,1,2,0.75,0,1,0.2193048404666994,0,0.33007420523328185,0.14068786125229182,25,LOW
user_3489,9,4,0,0,1,216.27245419772825,34.2847771295499,1.314421526948871,0,1,1,0,0,1,1,0.65,0,1,0.2776734227293848,0,0.2018966446523599,0.0,12,LOW
user_3490,13,2,0,0,1,206.65677227103816,13.394479859420946,1.7054538098640086,0,1,1,0,0,1,1,0.65,0,1,0.2776734227293848,0,0.2018966446523599,0.0,12,LOW
user_3491,0,2,0,0,1,281.8488654486712,202.53947474873007,15.617805192610714,0,3,1,0,0,1,3,1.35,0,-1,-0.032686997864732,1,0.1735604640457581,0.7480727147738536,40,MEDIUM
user_3492,15,4,0,1,1,198.8431647657152,2.3884829464315125,3.1940500475273814,0,1,1,1,0,1,1,0.85,0,1,0.2332993702223167,0,0.24213381063915532,0.10695635049384,19,LOW
user_3493,12,3,0,0,1,256.46897445770526,2.2935971167601306,11.54220972321424,0,1,1,0,0,1,1,0.65,0,1,0.2776734227293848,0,0.2018966446523599,0.0,12,LOW
user_3494,15,2,0,1,0,242.5080870051308,28.67808001280365,1.0250567235607198,0,1,1,1,0,1,1,0.85,1,1,0.2332993702223167,0,0.5768895551079612,0.10695635049384,39,MEDIUM
user_3495,19,4,0,0,1,215.43191648531663,4.8995220024698485,17.25110640645231,0,2,1,0,0,1,1,0.8999999999999999,0,1,0.190136950224284,0,0.20789731048021395,0.21099226023493423,21,LOW
user_3496,16,0,0,0,1,239.0677104758088,62.26492478590544,44.42040870924849,0,1,1,0,0,1,2,0.75,0,1,0.2193048404666994,0,0.33007420523328185,0.14068786125229182,25,LOW
user_3497,13,6,0,2,1,345.7891268789988,45.8707206636329,4.67911331959534,0,1,1,2,0,1,1,1.05,0,1,0.1541262400811022,0,0.4301355521591885,0.2977901503981718,38,MEDIUM
user_3498,13,0,0,0,1,276.2719766460574,9.145314996905022,7.0426900320984025,0,1,1,0,0,1,1,0.65,0,1,0.2776734227293848,0,0.2018966446523599,0.0,12,LOW
user_3499,12,0,0,0,1,305.5500482553587,54.91952290481782,5.846730808512268,0,1,1,0,0,1,2,0.75,0,1,0.2193048404666994,0,0.33007420523328185,0.14068786125229182,25,LOW
user_3500,17,4,0,0,1,184.8783383447964,1.0958633741571622,22.460889688992083,0,1,1,0,0,1,1,0.65,0,1,0.2776734227293848,0,0.2018966446523599,0.0,12,LOW
user_3501,12,1,0,0,1,305.75616885645445,19.887131860574435,0.0998370948407679,0,1,1,0,0,1,1,0.65,0,1,0.2776734227293848,0,0.2018966446523599,0.0,12,LOW
user_3502,14,4,0,0,1,278.3412285281391,68.55159412194337,10.59755068004362,0,1,1,0,0,1,2,0.75,0,1,0.2193048404666994,0,0.33007420523328185,0.14068786125229182,25,LOW
user_3503,14,4,0,1,1,150.02423420643794,48.34165662033826,10.56611614737606,0,1,1,1,0,1,1,0.85,0,1,0.2332993702223167,0,0.24213381063915532,0.10695635049384,19,LOW
user_3504,12,4,0,2,1,272.387444002266,11.004260404845198,4.8189000643722055,0,1,1,2,0,1,1,1.05,0,1,0.1541262400811022,0,0.4301355521591885,0.2977901503981718,38,MEDIUM
user_3505,5,6,0,0,1,209.20355179231936,0.01,2.4760741903110968,0,3,1,0,0,1,1,1.15,0,1,0.0815285198183811,0,0.0013513513513513514,0.47277500697029895,19,LOW
user_3506,14,1,0,0,1,147.25177942046304,5.910171421809855,2.740194083869404,0,1,1,0,0,1,1,0.65,0,1,0.2776734227293848,0,0.2018966446523599,0.0,12,LOW
user_3507,13,3,0,1,1,247.7865439396572,18.0648054528613,16.117612152827366,0,1,1,1,0,1,1,0.85,0,1,0.2332993702223167,0,0.24213381063915532,0.10695635049384,19,LOW
user_3508,15,0,0,0,0,272.3425554637566,22.706386522403733,0.683892284035589,0,1,1,0,0,1,1,0.65,1,1,0.2776734227293848,0,0.15500519134380158,0.0,9,LOW
user_3509,12,2,0,0,1,249.09648411867377,0.8341195481181483,8.297097827173681,0,1,1,0,0,1,1,0.65,0,1,0.2776734227293848,0,0.2018966446523599,0.0,12,LOW
user_3510,17,4,0,0,1,233.45168490925468,13.341763119670755,3.66495296108136,0,1,1,0,0,1,1,0.65,0,1,0.2776734227293848,0,0.2018966446523599,0.0,12,LOW
user_3511,11,2,2,0,0,220.16487969250008,44.35591473572719,3.082219964412958,0,1,1,0,2,1,1,0.95,1,1,0.1483955927109178,0,0.0018309859154929577,0.31160293273497597,13,LOW
user_3512,19,3,0,0,0,387.99528056049337,14.68946992331493,7.046888613116686,0,2,1,0,0,1,1,0.8999999999999999,1,1,0.190136950224284,0,0.04363754974933547,0.21099226023493423,11,LOW
user_3513,8,2,0,0,1,169.04583668828124,4.633414162765042,22.81425605078812,0,2,1,0,0,1,1,0.8999999999999999,0,1,0.190136950224284,0,0.20789731048021395,0.21099226023493423,21,LOW
user_3514,15,3,0,0,1,292.3753189414322,77.4498249738505,9.62575325082758,0,1,1,0,0,1,2,0.75,0,1,0.2193048404666994,0,0.33007420523328185,0.14068786125229182,25,LOW
user_3515,15,6,0,0,1,240.92537825333903,7.740542896028691,15.5405348001373,0,1,1,0,0,1,1,0.65,0,1,0.2776734227293848,0,0.2018966446523599,0.0,12,LOW
user_3516,11,0,0,0,1,188.7320096239781,40.04024897832334,9.180016428051202,0,1,1,0,0,1,1,0.65,0,1,0.2776734227293848,0,0.2018966446523599,0.0,12,LOW
user_3517,15,3,0,0,1,237.09605696228527,5.385404808197485,11.963875779397114,1,1,1,0,0,1,1,0.65,0,1,0.2776734227293848,0,0.2018966446523599,0.0,12,LOW
user_3518,17,4,0,0,1,156.42404174468294,13.75531036733778,5.66351809462339,0,1,1,0,0,1,1,0.65,0,1,0.2776734227293848,0,0.2018966446523599,0.0,12,LOW
user_3519,7,2,1,0,1,204.2705755915888,16.854335150742802,26.034420437053782,0,2,1,0,1,1,1,1.05,0,1,0.1004614283124124,0,0.02209191694512681,0.4271403470204811,18,LOW
user_3520,15,0,0,0,1,237.18394044986368,17.360464508567993,6.970327605363934,0,1,1,0,0,1,1,0.65,0,1,0.2776734227293848,0,0.2018966446523599,0.0,12,LOW
user_3521,6,3,0,1,1,146.9329764840522,18.16624795469433,8.024592025384289,0,2,1,1,0,1,1,1.1,0,1,0.1083396961540713,0,0.5687783155237143,0.4081510789922207,50,MEDIUM
user_3522,11,1,0,2,1,270.3829523092835,6.37061406217626,7.443678528579111,0,1,1,2,0,1,1,1.05,0,1,0.1541262400811022,0,0.4301355521591885,0.2977901503981718,38,MEDIUM
user_3523,18,0,0,0,1,182.17433754530805,18.13739615232128,3.800737448203254,0,1,1,0,0,1,1,0.65,0,1,0.2776734227293848,0,0.2018966446523599,0.0,12,LOW
user_3524,12,4,0,0,1,152.89674251918686,16.430641530590663,2.6297441685154554,0,1,1,0,0,1,1,0.65,0,1,0.2776734227293848,0,0.2018966446523599,0.0,12,LOW
user_3525,4,2,0,1,1,175.17493585029777,0.01,0.7670283571881578,0,3,1,1,0,1,1,1.35,0,1,0.0315454029659408,0,0.6610978799349574,0.593251083929748,63,MEDIUM
user_3526,13,5,0,0,1,370.5572497101292,110.97351767293236,12.664689041911648,0,1,1,0,0,1,2,0.75,0,1,0.2193048404666994,0,0.33007420523328185,0.14068786125229182,25,LOW
user_3527,20,4,0,2,1,121.3161514878696,592.9358069647035,3.414700734659605,0,2,1,2,0,1,3,1.5000000000000002,0,-1,-0.0398437106992786,1,0.24409157472644313,0.7653227932108773,45,MEDIUM
user_3528,8,3,0,0,1,266.1673853261874,54.63702408744274,4.929823709929367,0,2,1,0,0,1,2,1.0,0,1,0.1157188029811144,0,0.21090605726134576,0.39036495643785196,28,LOW
user_3529,10,0,0,0,1,194.9018237388428,28.924928593281944,25.2483108131612,0,1,1,0,0,1,1,0.65,0,1,0.2776734227293848,0,0.2018966446523599,0.0,12,LOW
user_3530,18,2,2,0,0,218.9923097089463,4.35577030368965,9693.723929596665,1,1,4,0,2,1,1,1.5500000000000005,1,-1,-0.0398435368800551,1,0.9980601933947105,0.7653223742482461,90,HIGH
user_3531,19,1,0,0,1,276.23585572082,20.98857060821063,1.0211917880814798,0,2,1,0,0,1,1,0.8999999999999999,0,1,0.190136950224284,0,0.20789731048021395,0.21099226023493423,21,LOW
user_3532,13,5,0,0,1,273.28912289033525,43.0707134193162,16.07499356767156,0,1,1,0,0,1,1,0.65,0,1,0.2776734227293848,0,0.2018966446523599,0.0,12,LOW
user_3533,10,0,0,0,1,199.15821485029247,0.9876675570120635,2.9588979599480894,0,1,1,0,0,1,1,0.65,0,1,0.2776734227293848,0,0.2018966446523599,0.0,12,LOW
user_3534,20,1,0,0,1,158.53055960200237,17.121693908868483,8.045388306590093,0,2,1,0,0,1,1,0.8999999999999999,0,1,0.190136950224284,0,0.20789731048021395,0.21099226023493423,21,LOW
user_3535,18,2,0,0,1,277.32845842203835,12.60961363612486,7.133120821920896,0,1,1,0,0,1,1,0.65,0,1,0.2776734227293848,0,0.2018966446523599,0.0,12,LOW
user_3536,16,1,0,0,1,273.14263158056065,5.960387200563552,2.7191219630202443,0,1,1,0,0,1,1,0.65,0,1,0.2776734227293848,0,0.2018966446523599,0.0,12,LOW
user_3537,11,1,0,0,1,222.9018294727087,11.880430058865564,1.2303923946853,0,1,1,0,0,1,1,0.65,0,1,0.2776734227293848,0,0.2018966446523599,0.0,12,LOW
user_3538,13,3,0,0,1,266.5166630285027,102.6061013264121,2.373205802840694,0,1,1,0,0,1,2,0.75,0,1,0.2193048404666994,0,0.33007420523328185,0.14068786125229182,25,LOW
user_3539,13,0,0,0,1,213.25023114146788,32.11541483408873,1.0240688144859962,0,1,1,0,0,1,1,0.65,0,1,0.2776734227293848,0,0.2018966446523599,0.0,12,LOW
user_3540,14,0,0,0,1,190.3777460979127,8.900346206157081,3.224502325614837,0,1,1,0,0,1,1,0.65,0,1,0.2776734227293848,0,0.2018966446523599,0.0,12,LOW
user_3541,18,2,1,0,1,240.2377308672645,23.244219570259787,59.13581981618668,0,1,2,0,1,1,1,1.0,0,1,0.0560620547821283,0,0.05391746019990748,0.5341577296734534,25,LOW
user_3542,16,4,0,0,1,271.14196446549107,7.0808408787737,5.143188266366943,0,1,1,0,0,1,1,0.65,0,1,0.2776734227293848,0,0.2018966446523599,0.0,12,LOW
user_3543,10,3,0,0,0,258.55501617314604,23.59436884248553,19.942800778483267,0,1,1,0,0,1,1,0.65,1,1,0.2776734227293848,0,0.15500519134380158,0.0,9,LOW
user_3544,18,2,0,1,1,270.54976080460034,56.62421122953337,7.966820129677947,0,1,1,1,0,1,2,0.95,0,1,0.1509357020843734,0,0.04950631867309361,0.30548041714105467,15,LOW
user_3545,14,3,0,0,1,194.36526760265244,20.347686090839776,10.983615581048433,0,1,1,0,0,1,1,0.65,0,1,0.2776734227293848,0,0.2018966446523599,0.0,12,LOW
user_3546,16,2,0,0,1,334.9128674854952,33.044518706002194,1.7001515583390758,0,1,1,0,0,1,1,0.65,0,1,0.2776734227293848,0,0.2018966446523599,0.0,12,LOW
user_3547,18,5,0,0,1,219.4571486796825,449.6408045845677,3.213158908980648,0,1,1,0,0,1,3,0.8500000000000001,0,1,0.1140437691094343,0,0.29646344472155617,0.3944023499087308,34,MEDIUM
user_3548,10,0,0,0,1,232.86506091140453,18.56494474674141,7.142552425443385,0,1,1,0,0,1,1,0.65,0,1,0.2776734227293848,0,0.2018966446523599,0.0,12,LOW
user_3549,13,3,1,0,1,160.88064544692793,29.6922423132274,21.29837842501928,0,1,1,0,1,1,1,0.7999999999999999,0,1,0.2129135634933541,0,0.13356667006213288,0.15609298252120107,14,LOW
user_3550,12,4,0,2,1,228.36869062216297,41.8367480536091,0.4383489947698252,0,1,1,2,0,1,1,1.05,0,1,0.1541262400811022,0,0.4301355521591885,0.2977901503981718,38,MEDIUM
user_3551,9,4,0,0,0,271.93426421109103,26.929934818324742,7.070837642953353,0,1,1,0,0,1,1,0.65,1,1,0.2776734227293848,0,0.15500519134380158,0.0,9,LOW
user_3552,15,1,1,0,1,285.75063676155986,94.84710514890592,0.52359349273169,0,1,1,0,1,1,2,0.8999999999999999,0,1,0.1194195039721256,0,0.26547768987979625,0.3814450257597952,31,MEDIUM
user_3553,21,1,1,1,1,333.71644423120694,42.84533225392034,6.103194496496935,0,2,1,1,1,1,1,1.25,0,1,0.0530025780073042,0,0.049471929438013235,0.5415320949109698,25,LOW
user_3554,8,3,0,0,1,271.21409374952765,37.53255430032084,9.91197913821906,0,2,1,0,0,1,1,0.8999999999999999,0,1,0.190136950224284,0,0.20789731048021395,0.21099226023493423,21,LOW
user_3555,13,0,0,0,1,256.61479174798217,46.62464312905277,13.6540679876809,0,1,1,0,0,1,1,0.65,0,1,0.2776734227293848,0,0.2018966446523599,0.0,12,LOW
user_3556,15,4,0,0,1,213.22229330914084,8.254683440839356,1.491173743259915,0,1,1,0,0,1,1,0.65,0,1,0.2776734227293848,0,0.2018966446523599,0.0,12,LOW
user_3557,14,3,0,0,1,200.2955755060196,14.142922030547126,1.8221190295977376,1,1,1,0,0,1,1,0.65,0,1,0.2776734227293848,0,0.2018966446523599,0.0,12,LOW
user_3558,13,4,0,0,1,12.479780687612475,1795.8536731677464,6.350007736970381,1,1,1,0,0,3,4,1.15,0,-1,-0.0665595353490385,1,1.0,0.8297168916429857,93,HIGH
user_3559,10,0,0,0,1,297.06422110433454,15.515376019291608,62.330052831433946,0,1,2,0,0,1,1,0.85,0,1,0.0725673737099781,0,0.033557155468056085,0.4943743748406145,22,LOW
user_3560,14,3,0,0,1,175.37923794907363,47.00785298431463,4.401292816975585,0,1,1,0,0,1,1,0.65,0,1,0.2776734227293848,0,0.2018966446523599,0.0,12,LOW
user_3561,11,3,0,0,1,283.3857532292089,0.6860404566920519,5.577904527588552,0,1,1,0,0,1,1,0.65,0,1,0.2776734227293848,0,0.2018966446523599,0.0,12,LOW
user_3562,5,4,0,1,1,279.02302148375054,0.01,5.664206887690682,0,3,1,1,0,1,1,1.35,0,1,0.0315454029659408,0,0.6610978799349574,0.593251083929748,63,MEDIUM
user_3563,17,0,0,0,0,173.17146689914836,53.364670029339,0.8414366157208475,0,1,1,0,0,1,2,0.75,1,1,0.2193048404666994,0,0.06599719639822756,0.14068786125229182,10,LOW
user_3564,16,0,0,0,1,272.4274082873506,1.522964032354709,14.879822747773543,0,1,1,0,0,1,1,0.65,0,1,0.2776734227293848,0,0.2018966446523599,0.0,12,LOW
user_3565,14,2,0,0,1,177.02721243109156,6.436527483583504,2.918260126254933,0,1,1,0,0,1,1,0.65,0,1,0.2776734227293848,0,0.2018966446523599,0.0,12,LOW
user_3566,14,0,0,0,1,94.24242193959068,10.817708843825354,12.16271648952462,0,1,1,0,0,2,1,0.75,0,1,0.0934671910539906,0,0.40261253039389167,0.44399880482146026,42,MEDIUM
user_3567,21,3,0,0,1,230.39385517847705,75.23605983976286,6.445282288286039,0,2,1,0,0,1,2,1.0,0,1,0.1157188029811144,0,0.21090605726134576,0.39036495643785196,28,LOW
user_3568,14,5,0,0,1,255.4688823152993,20.53478273813996,9.4618242573288,0,1,1,0,0,1,1,0.65,0,1,0.2776734227293848,0,0.2018966446523599,0.0,12,LOW
user_3569,16,2,0,0,1,233.0957517070132,77.30866911925067,0.5548272781629794,0,1,1,0,0,1,2,0.75,0,1,0.2193048404666994,0,0.33007420523328185,0.14068786125229182,25,LOW
user_3570,13,4,0,0,1,412.0264090312785,6.465221112187256,22.069630019896792,0,1,1,0,0,1,1,0.65,0,1,0.2776734227293848,0,0.2018966446523599,0.0,12,LOW
user_3571,18,0,0,0,1,262.7310737540985,54.95938730163422,2.795244623080551,0,1,1,0,0,1,2,0.75,0,1,0.2193048404666994,0,0.33007420523328185,0.14068786125229182,25,LOW
user_3572,17,0,0,1,1,248.828509157922,0.01,11.089517193383305,1,1,1,1,0,1,1,0.85,0,1,0.2332993702223167,0,0.24213381063915532,0.10695635049384,19,LOW
user_3573,14,0,0,0,1,265.77547819884546,7.042442336405823,15.995822002460564,0,1,1,0,0,1,1,0.65,0,1,0.2776734227293848,0,0.2018966446523599,0.0,12,LOW
user_3574,10,1,0,0,1,213.5208597359941,17.247571132759028,7.766129610482721,0,1,1,0,0,1,1,0.65,0,1,0.2776734227293848,0,0.2018966446523599,0.0,12,LOW
user_3575,14,5,0,0,1,295.76874372561235,1.8466674807726544,4.114842197883282,0,1,1,0,0,1,1,0.65,0,1,0.2776734227293848,0,0.2018966446523599,0.0,12,LOW
user_3576,11,0,0,0,1,261.6601167706261,12.125170935160268,38.12330373568395,0,1,1,0,0,1,1,0.65,0,1,0.2776734227293848,0,0.2018966446523599,0.0,12,LOW
user_3577,12,3,0,0,1,258.91030223354943,10.988838107719433,3.263393467685708,0,1,1,0,0,1,1,0.65,0,1,0.2776734227293848,0,0.2018966446523599,0.0,12,LOW
user_3578,11,2,0,0,1,202.5527866279837,4.361857352467436,29.69330627038711,1,1,1,0,0,1,1,0.65,0,1,0.2776734227293848,0,0.2018966446523599,0.0,12,LOW
user_3579,10,5,0,1,1,146.1401804130544,49.29516251741016,1.6986838089164324,0,1,1,1,0,1,1,0.85,0,1,0.2332993702223167,0,0.24213381063915532,0.10695635049384,19,LOW
user_3580,20,0,0,0,1,209.9168346553625,12.189515840319052,4.930219399587243,0,2,1,0,0,1,1,0.8999999999999999,0,1,0.190136950224284,0,0.20789731048021395,0.21099226023493423,21,LOW
user_3581,17,1,0,0,1,256.9580313755935,100.32397132303794,1.4907509725515045,0,1,1,0,0,1,2,0.75,0,1,0.2193048404666994,0,0.33007420523328185,0.14068786125229182,25,LOW
user_3582,19,0,0,1,1,213.3180312153032,57.49172099436963,0.0224298668865256,0,2,1,1,0,1,2,1.2,0,1,0.0656383015143167,0,0.07883070542961215,0.5110757629826652,25,LOW
user_3583,10,2,0,1,1,257.50363002404225,5.416946834865277,3.014545327451091,0,1,1,1,0,1,1,0.85,0,1,0.2332993702223167,0,0.24213381063915532,0.10695635049384,19,LOW
user_3584,14,1,2,0,0,226.0582873886217,17.586108992016385,12097.97022966413,1,1,4,0,2,1,1,1.5500000000000005,1,-1,-0.0398435368800551,1,0.9980601933947105,0.7653223742482461,90,HIGH
user_3585,10,4,1,0,1,265.83476907759143,23.02028200223758,42.9368783239529,0,1,1,0,1,1,1,0.7999999999999999,0,1,0.2129135634933541,0,0.13356667006213288,0.15609298252120107,14,LOW
user_3586,11,3,1,0,1,181.3905524474812,42.72600139352033,14.340290179308264,0,1,1,0,1,1,1,0.7999999999999999,0,1,0.2129135634933541,0,0.13356667006213288,0.15609298252120107,14,LOW
user_3587,11,3,0,0,1,251.5734007131049,54.2106988909576,0.037116760772202,0,1,1,0,0,1,2,0.75,0,1,0.2193048404666994,0,0.33007420523328185,0.14068786125229182,25,LOW
user_3588,18,2,0,0,0,201.54275121891607,354.0457976264021,2.531474305482008,0,1,1,0,0,1,3,0.8500000000000001,1,1,0.1140437691094343,0,0.11962363995082598,0.3944023499087308,23,LOW
user_3589,12,0,0,0,1,147.70302347216182,0.8941564482015071,11.090391841498256,0,1,1,0,0,1,1,0.65,0,1,0.2776734227293848,0,0.2018966446523599,0.0,12,LOW
user_3590,17,2,1,2,1,230.0907526182975,16.40960489400028,5.084153859986466,0,1,1,2,1,1,1,1.2000000000000002,0,1,0.0547880072036045,0,0.4121174521254879,0.5372286116789389,46,MEDIUM
user_3591,17,6,0,0,1,332.17905442908284,6.469312434944378,17.828546136693863,0,1,1,0,0,1,1,0.65,0,1,0.2776734227293848,0,0.2018966446523599,0.0,12,LOW
user_3592,20,4,0,1,1,152.48541552924104,31.301920321472675,7.029163001518437,0,2,1,1,0,1,1,1.1,0,1,0.1083396961540713,0,0.5687783155237143,0.4081510789922207,50,MEDIUM
user_3593,9,4,0,2,1,247.163535023652,51.03283205081189,10.603095536483258,0,1,1,2,0,1,2,1.15,0,1,0.0682545724467911,0,0.5708054293276346,0.5047696724853863,54,MEDIUM
user_3594,17,4,0,0,1,287.85462379585346,28.02756703307882,9.089115193426476,0,1,1,0,0,1,1,0.65,0,1,0.2776734227293848,0,0.2018966446523599,0.0,12,LOW
user_3595,17,0,0,0,1,378.0018411086671,1.1258496936668794,10.165777523453423,0,1,1,0,0,1,1,0.65,0,1,0.2776734227293848,0,0.2018966446523599,0.0,12,LOW
user_3596,11,1,0,0,1,210.4240210531988,86.0556851068834,2.6149315396977006,0,1,1,0,0,1,2,0.75,0,1,0.2193048404666994,0,0.33007420523328185,0.14068786125229182,25,LOW
user_3597,17,0,0,0,1,202.07996372374123,62.53155404479097,4.672704704592987,0,1,1,0,0,1,2,0.75,0,1,0.2193048404666994,0,0.33007420523328185,0.14068786125229182,25,LOW
user_3598,15,1,0,0,1,169.99846824364403,3.38345531030797,0.5195588528873393,0,1,1,0,0,1,1,0.65,0,1,0.2776734227293848,0,0.2018966446523599,0.0,12,LOW
user_3599,13,0,1,0,1,308.4309800907732,2.9890545023720194,8.858500726803713,0,1,1,0,1,1,1,0.7999999999999999,0,1,0.2129135634933541,0,0.13356667006213288,0.15609298252120107,14,LOW
user_3600,11,2,0,0,1,187.95514024565549,19.36318833789256,6.1481386304769625,0,1,1,0,0,1,1,0.65,0,1,0.2776734227293848,0,0.2018966446523599,0.0,12,LOW
user_3601,11,3,0,1,1,217.76421409347896,35.37257633083503,14.301047707539784,0,1,1,1,0,1,1,0.85,0,1,0.2332993702223167,0,0.24213381063915532,0.10695635049384,19,LOW
user_3602,20,4,0,0,1,129.0637273577247,12.03867847567414,2.3115362726471247,0,2,1,0,0,1,1,0.8999999999999999,0,1,0.190136950224284,0,0.20789731048021395,0.21099226023493423,21,LOW
user_3603,14,4,0,0,1,293.0383105607116,3.665623173643451,5.741419872741878,0,1,1,0,0,1,1,0.65,0,1,0.2776734227293848,0,0.2018966446523599,0.0,12,LOW
user_3604,16,5,0,0,1,309.4954968466816,17.862135695778555,1.993604168778734,0,1,1,0,0,1,1,0.65,0,1,0.2776734227293848,0,0.2018966446523599,0.0,12,LOW
user_3605,11,0,0,0,1,290.74650381506194,10.295863858999612,9.518640903656916,0,1,1,0,0,1,1,0.65,0,1,0.2776734227293848,0,0.2018966446523599,0.0,12,LOW
user_3606,4,0,0,2,1,143.68048311877692,45.11281554346302,18.8407383394653,0,3,1,2,0,1,1,1.5500000000000005,0,1,0.0178213557717713,0,0.9935488642050614,0.6263306409898065,85,HIGH
user_3607,17,3,0,1,1,276.4290624467584,25.88991872604818,14.500577094971831,1,1,1,1,0,1,1,0.85,0,1,0.2332993702223167,0,0.24213381063915532,0.10695635049384,19,LOW
user_3608,9,1,0,0,1,139.63977691655992,54.20312500008491,28.859450774750925,0,1,1,0,0,1,2,0.75,0,1,0.2193048404666994,0,0.33007420523328185,0.14068786125229182,25,LOW
user_3609,12,1,2,0,1,243.4824181238544,20.444626285823727,35.65804909478673,0,1,1,0,2,1,1,0.95,0,1,0.1483955927109178,0,0.007188301157192252,0.31160293273497597,13,LOW
user_3610,14,1,0,0,0,252.30465479902784,29.086972456891285,14.785582030874306,0,1,1,0,0,1,1,0.65,1,1,0.2776734227293848,0,0.15500519134380158,0.0,9,LOW
user_3611,14,1,0,0,1,258.6109930864959,26.96634415584356,3.3800192553131847,0,1,1,0,0,1,1,0.65,0,1,0.2776734227293848,0,0.2018966446523599,0.0,12,LOW
user_3612,13,2,0,0,1,272.0781919582481,20.026451003822547,2.4751485508691498,0,1,1,0,0,1,1,0.65,0,1,0.2776734227293848,0,0.2018966446523599,0.0,12,LOW
user_3613,15,2,0,0,1,239.5179837864437,9.304076179667522,5.933905998436016,0,1,1,0,0,1,1,0.65,0,1,0.2776734227293848,0,0.2018966446523599,0.0,12,LOW
user_3614,16,2,0,0,1,122.25422923628685,11.862108713712862,50.96797053823525,0,1,2,0,0,1,1,0.85,0,1,0.0725673737099781,0,0.033557155468056085,0.4943743748406145,22,LOW
user_3615,11,3,0,2,1,272.1072605279719,294.68029825466635,5.321650667478503,0,1,1,2,0,1,3,1.25,0,1,6.435378355384991e-05,0,0.14420627252247073,0.6691309718378642,35,MEDIUM
user_3616,11,2,0,0,1,245.8564884676649,62.3733478240722,2.2197974201838133,0,1,1,0,0,1,2,0.75,0,1,0.2193048404666994,0,0.33007420523328185,0.14068786125229182,25,LOW
user_3617,13,1,0,0,1,185.842812517726,43.80654733758658,28.88545227117925,0,1,1,0,0,1,1,0.65,0,1,0.2776734227293848,0,0.2018966446523599,0.0,12,LOW
user_3618,17,0,0,0,1,145.83615473180348,21.64869748885636,4.876267727797786,0,1,1,0,0,1,1,0.65,0,1,0.2776734227293848,0,0.2018966446523599,0.0,12,LOW
user_3619,16,1,0,2,1,332.40133115546155,60.82972536379129,11.740868298105305,0,1,1,2,0,1,2,1.15,0,1,0.0682545724467911,0,0.5708054293276346,0.5047696724853863,54,MEDIUM
user_3620,9,4,1,0,1,313.878032297441,54.37870749532896,15.518908620253423,0,1,1,0,1,1,2,0.8999999999999999,0,1,0.1194195039721256,0,0.26547768987979625,0.3814450257597952,31,MEDIUM
user_3621,15,4,0,1,1,282.35744443844726,65.67134235840822,18.52502973740287,0,1,1,1,0,1,2,0.95,0,1,0.1509357020843734,0,0.04950631867309361,0.30548041714105467,15,LOW
user_3622,8,3,0,0,1,199.4220053259178,6.268453141164351,17.219371097490356,0,2,1,0,0,1,1,0.8999999999999999,0,1,0.190136950224284,0,0.20789731048021395,0.21099226023493423,21,LOW
user_3623,14,1,0,0,1,88.98026686730896,31.60218703999967,18.09395247398244,0,1,1,0,0,2,1,0.75,0,1,0.0934671910539906,0,0.40261253039389167,0.44399880482146026,42,MEDIUM
user_3624,19,3,0,0,1,285.8807505261141,23.4905513124248,11.01576961705184,0,2,1,0,0,1,1,0.8999999999999999,0,1,0.190136950224284,0,0.20789731048021395,0.21099226023493423,21,LOW
user_3625,11,3,0,0,1,262.0012064313045,33.090561823447665,5.172312112605269,0,1,1,0,0,1,1,0.65,0,1,0.2776734227293848,0,0.2018966446523599,0.0,12,LOW
user_3626,11,2,1,0,1,217.5202614556694,7.642056501191637,11.004745838553532,0,1,1,0,1,1,1,0.7999999999999999,0,1,0.2129135634933541,0,0.13356667006213288,0.15609298252120107,14,LOW
user_3627,16,3,0,1,1,307.4883784018726,29.670442573594308,18.12376552550188,0,1,1,1,0,1,1,0.85,0,1,0.2332993702223167,0,0.24213381063915532,0.10695635049384,19,LOW
user_3628,9,2,0,0,1,290.879852037771,13.183553305057638,4.3177181200337325,0,1,1,0,0,1,1,0.65,0,1,0.2776734227293848,0,0.2018966446523599,0.0,12,LOW
user_3629,12,3,0,0,1,250.5657292938509,44.908015834445806,3.516987604055426,0,1,1,0,0,1,1,0.65,0,1,0.2776734227293848,0,0.2018966446523599,0.0,12,LOW
user_3630,15,3,0,0,1,242.10350507226684,509.1256457817459,4.211482742186657,0,1,1,0,0,1,3,0.8500000000000001,0,1,0.1140437691094343,0,0.29646344472155617,0.3944023499087308,34,MEDIUM
user_3631,2,0,0,0,1,243.05806305598088,0.01,8.013637620701182,0,3,1,0,0,1,1,1.15,0,1,0.0815285198183811,0,0.0013513513513513514,0.47277500697029895,19,LOW
user_3632,13,4,0,0,1,280.79639237008473,5.079089559877298,0.5386910875501979,0,1,1,0,0,1,1,0.65,0,1,0.2776734227293848,0,0.2018966446523599,0.0,12,LOW
user_3633,2,0,2,0,0,188.5514192074207,41.45533447534328,6695.5855130678765,1,3,4,0,2,1,1,2.0500000000000003,1,-1,-0.0954538463736069,1,0.9703000799379347,0.8993618729466317,94,HIGH
user_3634,15,0,2,0,1,265.5589873071022,19.989089376996176,1.4948884792952737,0,1,1,0,2,1,1,0.95,0,1,0.1483955927109178,0,0.007188301157192252,0.31160293273497597,13,LOW
user_3635,14,6,0,1,0,184.76454333182457,20.36626066651311,1.4253022584024864,0,1,1,1,0,1,1,0.85,1,1,0.2332993702223167,0,0.5768895551079612,0.10695635049384,39,MEDIUM
user_3636,12,6,0,0,1,320.19331030513405,34.9101652964292,2.202217481364908,0,1,1,0,0,1,1,0.65,0,1,0.2776734227293848,0,0.2018966446523599,0.0,12,LOW
user_3637,15,0,0,1,1,271.9277142945141,48.27050323523535,8.602115661202525,0,1,1,1,0,1,1,0.85,0,1,0.2332993702223167,0,0.24213381063915532,0.10695635049384,19,LOW
user_3638,13,2,0,0,1,198.70630430166423,6.82686213658254,3.3626798360781835,0,1,1,0,0,1,1,0.65,0,1,0.2776734227293848,0,0.2018966446523599,0.0,12,LOW
user_3639,15,1,0,1,1,244.835749441785,20.27235492859403,4.590088206617515,0,1,1,1,0,1,1,0.85,0,1,0.2332993702223167,0,0.24213381063915532,0.10695635049384,19,LOW
user_3640,12,2,0,0,1,188.7728171983176,44.14567251940903,26.83100708993005,0,1,1,0,0,1,1,0.65,0,1,0.2776734227293848,0,0.2018966446523599,0.0,12,LOW
user_3641,13,4,0,0,1,330.2467702620478,51.54872012968352,18.78639669216576,0,1,1,0,0,1,2,0.75,0,1,0.2193048404666994,0,0.33007420523328185,0.14068786125229182,25,LOW
user_3642,11,6,0,0,1,337.3725590682725,8.471205016589032,19.1183122045421,0,1,1,0,0,1,1,0.65,0,1,0.2776734227293848,0,0.2018966446523599,0.0,12,LOW
user_3643,13,3,0,0,1,281.7734209537709,2.7496648926121985,8.619015887246805,0,1,1,0,0,1,1,0.65,0,1,0.2776734227293848,0,0.2018966446523599,0.0,12,LOW
user_3644,11,1,0,1,1,333.39939405927464,6.625951648298479,20.134002549389287,0,1,1,1,0,1,1,0.85,0,1,0.2332993702223167,0,0.24213381063915532,0.10695635049384,19,LOW
user_3645,10,3,0,0,1,249.10775693235,72.73864150470148,15.076299135306927,0,1,1,0,0,1,2,0.75,0,1,0.2193048404666994,0,0.33007420523328185,0.14068786125229182,25,LOW
user_3646,15,1,2,1,1,285.81075403048783,82.9084978255273,30.62658772411492,0,1,1,1,2,1,2,1.25,0,1,0.0075001764854595,0,0.0040416666666666665,0.6512081450014289,26,LOW
user_3647,14,5,0,0,1,313.48347131458536,13.556780299760767,0.6653347509231488,0,1,1,0,0,1,1,0.65,0,1,0.2776734227293848,0,0.2018966446523599,0.0,12,LOW
user_3648,16,4,0,0,1,239.655384269045,0.3292675727747636,0.2914783436396302,0,1,1,0,0,1,1,0.65,0,1,0.2776734227293848,0,0.2018966446523599,0.0,12,LOW
user_3649,12,3,0,1,1,244.26623143904072,1.3090488121223882,1.9240818509255355,0,1,1,1,0,1,1,0.85,0,1,0.2332993702223167,0,0.24213381063915532,0.10695635049384,19,LOW
user_3650,15,1,0,0,1,296.01939608573383,27.617967080703565,26.46270771151913,0,1,1,0,0,1,1,0.65,0,1,0.2776734227293848,0,0.2018966446523599,0.0,12,LOW
user_3651,15,1,0,0,1,278.7898779357596,22.279410615297788,9.303011864203867,0,1,1,0,0,1,1,0.65,0,1,0.2776734227293848,0,0.2018966446523599,0.0,12,LOW
user_3652,15,0,0,0,1,194.67235678793685,21.422748464377253,5.553219257371329,0,1,1,0,0,1,1,0.65,0,1,0.2776734227293848,0,0.2018966446523599,0.0,12,LOW
user_3653,11,4,1,1,1,8.800685518124354,1131.6882096778077,7.18898028910429,1,1,1,1,1,3,4,1.5,0,-1,-0.1138011039552953,1,0.9969230769230769,0.9435849177585801,98,HIGH
user_3654,14,2,1,0,1,229.46831624417712,10.84897461407455,17.696335911681594,0,1,1,0,1,1,1,0.7999999999999999,0,1,0.2129135634933541,0,0.13356667006213288,0.15609298252120107,14,LOW
user_3655,15,1,0,0,1,114.18514924648926,41.83050314313388,26.466258399238463,0,1,1,0,0,2,1,0.75,0,1,0.0934671910539906,0,0.40261253039389167,0.44399880482146026,42,MEDIUM
user_3656,19,2,0,0,1,180.5389598336671,0.01,13.08218513133784,0,2,1,0,0,1,1,0.8999999999999999,0,1,0.190136950224284,0,0.20789731048021395,0.21099226023493423,21,LOW
user_3657,7,4,0,0,1,187.54278256797693,53.57279604879961,14.264825271239532,0,2,1,0,0,1,2,1.0,0,1,0.1157188029811144,0,0.21090605726134576,0.39036495643785196,28,LOW
user_3658,14,0,0,1,0,205.8814613435924,3.23786677154959,3.862185827077473,0,1,1,1,0,1,1,0.85,1,1,0.2332993702223167,0,0.5768895551079612,0.10695635049384,39,MEDIUM
user_3659,20,4,0,1,1,289.2262886498125,4.63262998953472,6.2929988940654535,0,2,1,1,0,1,1,1.1,0,1,0.1083396961540713,0,0.5687783155237143,0.4081510789922207,50,MEDIUM
user_3660,12,4,0,0,1,302.26077244381565,16.240220104073593,21.64652592341869,0,1,1,0,0,1,1,0.65,0,1,0.2776734227293848,0,0.2018966446523599,0.0,12,LOW
user_3661,11,5,0,0,1,270.52444318843243,72.64724556820643,15.414714144936813,0,1,1,0,0,1,2,0.75,0,1,0.2193048404666994,0,0.33007420523328185,0.14068786125229182,25,LOW
user_3662,15,2,0,0,1,277.9504185637083,9.995067178346822,11.52870770021697,0,1,1,0,0,1,1,0.65,0,1,0.2776734227293848,0,0.2018966446523599,0.0,12,LOW
user_3663,14,1,0,0,1,279.3672273821188,26.8395538303722,0.6747278014869105,0,1,1,0,0,1,1,0.65,0,1,0.2776734227293848,0,0.2018966446523599,0.0,12,LOW
user_3664,17,2,0,0,1,90.19020052674456,22.209063010822906,0.4030881315154441,0,1,1,0,0,2,1,0.75,0,1,0.0934671910539906,0,0.40261253039389167,0.44399880482146026,42,MEDIUM
user_3665,5,1,0,0,1,240.6118609204269,53.559394657071415,1.3973452733204872,0,3,1,0,0,1,2,1.25,0,1,0.0406781887288436,0,0.004507732605558692,0.5712380069206875,23,LOW
user_3666,16,0,0,0,1,132.21247672979968,7.131023075216704,8.708182059326411,0,1,1,0,0,1,1,0.65,0,1,0.2776734227293848,0,0.2018966446523599,0.0,12,LOW
user_3667,15,3,0,0,1,270.5483685402924,66.53612220808957,7.687047972139553,0,1,1,0,0,1,2,0.75,0,1,0.2193048404666994,0,0.33007420523328185,0.14068786125229182,25,LOW
user_3668,13,2,0,0,1,114.4135111608182,5.108953421423515,28.59294572910452,0,1,1,0,0,2,1,0.75,0,1,0.0934671910539906,0,0.40261253039389167,0.44399880482146026,42,MEDIUM
user_3669,15,4,0,0,1,229.17368787895805,29.686898208176043,11.866557473037547,0,1,1,0,0,1,1,0.65,0,1,0.2776734227293848,0,0.2018966446523599,0.0,12,LOW
user_3670,17,0,0,2,1,272.8661865611752,83.59290067454599,3.4810125661132982,0,1,1,2,0,1,2,1.15,0,1,0.0682545724467911,0,0.5708054293276346,0.5047696724853863,54,MEDIUM
user_3671,16,3,0,0,1,172.93452310102128,3.181803913076718,1.7613627771158429,0,1,1,0,0,1,1,0.65,0,1,0.2776734227293848,0,0.2018966446523599,0.0,12,LOW
user_3672,10,4,0,0,1,297.7029576307932,12.736580064888342,18.940130785110163,0,1,1,0,0,1,1,0.65,0,1,0.2776734227293848,0,0.2018966446523599,0.0,12,LOW
user_3673,16,4,0,0,0,270.3973301971048,6.337882997334486,6.154902773124398,0,1,1,0,0,1,1,0.65,1,1,0.2776734227293848,0,0.15500519134380158,0.0,9,LOW
user_3674,13,4,0,0,1,262.8494817502746,6.261632781502255,10.597844336605489,0,1,1,0,0,1,1,0.65,0,1,0.2776734227293848,0,0.2018966446523599,0.0,12,LOW
user_3675,8,4,0,0,1,281.88009525063194,17.43734721295498,8.327394324921881,0,2,1,0,0,1,1,0.8999999999999999,0,1,0.190136950224284,0,0.20789731048021395,0.21099226023493423,21,LOW
user_3676,14,5,2,0,1,218.44799473400064,26.213515363262456,1.1367985463276502,0,1,1,0,2,1,1,0.95,0,1,0.1483955927109178,0,0.007188301157192252,0.31160293273497597,13,LOW
user_3677,13,1,0,0,1,249.11513182540853,34.29435821266889,0.5875091097142346,0,1,1,0,0,1,1,0.65,0,1,0.2776734227293848,0,0.2018966446523599,0.0,12,LOW
user_3678,17,2,1,0,1,240.603094334052,28.236627744056857,4.732379575975107,0,1,1,0,1,1,1,0.7999999999999999,0,1,0.2129135634933541,0,0.13356667006213288,0.15609298252120107,14,LOW
user_3679,13,0,0,1,1,239.2470633230313,64.64242648074776,4.487123811554394,0,1,1,1,0,1,2,0.95,0,1,0.1509357020843734,0,0.04950631867309361,0.30548041714105467,15,LOW
user_3680,10,0,0,0,1,199.67813540117533,3.9362013424647193,11.202388039220306,0,1,1,0,0,1,1,0.65,0,1,0.2776734227293848,0,0.2018966446523599,0.0,12,LOW
user_3681,12,1,0,2,1,165.44807311663766,9.6358778645193,10.002170791049812,0,1,1,2,0,1,1,1.05,0,1,0.1541262400811022,0,0.4301355521591885,0.2977901503981718,38,MEDIUM
user_3682,14,0,0,0,1,219.78849904263149,10.561701425215722,34.71864354303185,0,1,1,0,0,1,1,0.65,0,1,0.2776734227293848,0,0.2018966446523599,0.0,12,LOW
user_3683,16,1,0,0,1,216.483125568344,0.01,19.526291907459697,0,1,1,0,0,1,1,0.65,0,1,0.2776734227293848,0,0.2018966446523599,0.0,12,LOW
user_3684,15,0,0,0,1,195.7961407489866,3.834751767005233,6.8633548447831325,0,1,1,0,0,1,1,0.65,0,1,0.2776734227293848,0,0.2018966446523599,0.0,12,LOW
user_3685,11,0,0,0,1,291.12322690860145,16.67253952908649,6.931978869708847,0,1,1,0,0,1,1,0.65,0,1,0.2776734227293848,0,0.2018966446523599,0.0,12,LOW
user_3686,21,5,0,0,1,169.66760292866323,44.9604841367764,11.212543845271265,0,2,1,0,0,1,1,0.8999999999999999,0,1,0.190136950224284,0,0.20789731048021395,0.21099226023493423,21,LOW
user_3687,14,0,0,0,1,229.7094504665255,77.27291061433189,1.2114057149679327,0,1,1,0,0,1,2,0.75,0,1,0.2193048404666994,0,0.33007420523328185,0.14068786125229182,25,LOW
user_3688,17,4,0,0,1,309.9803826936751,3.462611509710248,91.201764239957,0,1,2,0,0,1,1,0.85,0,1,0.0725673737099781,0,0.033557155468056085,0.4943743748406145,22,LOW
user_3689,13,0,1,0,1,294.54776115597315,43.312355884291065,7.314891305254598,0,1,1,0,1,1,1,0.7999999999999999,0,1,0.2129135634933541,0,0.13356667006213288,0.15609298252120107,14,LOW
user_3690,15,5,0,0,1,312.97763310583696,43.514464551500645,24.068892102701795,0,1,1,0,0,1,1,0.65,0,1,0.2776734227293848,0,0.2018966446523599,0.0,12,LOW
user_3691,16,4,0,0,1,204.5531653575464,12.315562821133634,34.22104458996367,0,1,1,0,0,1,1,0.65,0,1,0.2776734227293848,0,0.2018966446523599,0.0,12,LOW
user_3692,17,3,0,0,1,287.0572875436624,2.91417755916545,8.714195222672082,0,1,1,0,0,1,1,0.65,0,1,0.2776734227293848,0,0.2018966446523599,0.0,12,LOW
user_3693,17,3,0,0,1,176.2217761813121,115.14927955974694,1.0908817422412318,0,1,1,0,0,1,2,0.75,0,1,0.2193048404666994,0,0.33007420523328185,0.14068786125229182,25,LOW
user_3694,16,0,0,0,1,223.4475626510076,26.648281751838944,8.51781449648344,0,1,1,0,0,1,1,0.65,0,1,0.2776734227293848,0,0.2018966446523599,0.0,12,LOW
user_3695,13,6,1,0,1,229.0946513531884,100.70787498322188,9.104141259119633,0,1,1,0,1,1,2,0.8999999999999999,0,1,0.1194195039721256,0,0.26547768987979625,0.3814450257597952,31,MEDIUM
user_3696,18,4,0,0,1,205.4495872681194,105.99788908665344,15.56812904843654,0,1,1,0,0,1,2,0.75,0,1,0.2193048404666994,0,0.33007420523328185,0.14068786125229182,25,LOW
user_3697,14,4,1,0,1,218.29116071492848,12.571147000127622,0.4943109986949372,0,1,1,0,1,1,1,0.7999999999999999,0,1,0.2129135634933541,0,0.13356667006213288,0.15609298252120107,14,LOW
user_3698,4,3,0,2,1,210.39744435015885,7.098409938820957,6.2795018975192,1,3,1,2,0,1,1,1.5500000000000005,0,1,0.0178213557717713,0,0.9935488642050614,0.6263306409898065,85,HIGH
user_3699,13,1,0,1,1,181.05637133389828,102.71920476884102,25.60970641438453,0,1,1,1,0,1,2,0.95,0,1,0.1509357020843734,0,0.04950631867309361,0.30548041714105467,15,LOW
user_3700,17,4,0,0,1,291.3848103603475,7.300863918345043,47.443263599231486,0,1,1,0,0,1,1,0.65,0,1,0.2776734227293848,0,0.2018966446523599,0.0,12,LOW
user_3701,18,1,0,0,1,229.05299982754383,0.6012411115547132,2.124295007326228,0,1,1,0,0,1,1,0.65,0,1,0.2776734227293848,0,0.2018966446523599,0.0,12,LOW
user_3702,13,3,2,1,0,252.08619263503715,0.01,11572.415601361734,1,1,4,1,2,1,1,1.7500000000000002,1,-1,-0.0761863267491658,1,1.0,0.8529206879372072,94,HIGH
user_3703,11,0,0,0,1,249.8266122715713,11.832245292877223,1.5811752593705386,0,1,1,0,0,1,1,0.65,0,1,0.2776734227293848,0,0.2018966446523599,0.0,12,LOW
user_3704,13,5,0,0,1,243.2835855066013,7.574377200325875,18.399487517407856,0,1,1,0,0,1,1,0.65,0,1,0.2776734227293848,0,0.2018966446523599,0.0,12,LOW
user_3705,14,0,0,0,1,245.5682727633857,25.16962119692722,3.247302626647799,0,1,1,0,0,1,1,0.65,0,1,0.2776734227293848,0,0.2018966446523599,0.0,12,LOW
user_3706,12,1,0,0,1,221.6749667981387,11.32447888313422,32.09551086913471,0,1,1,0,0,1,1,0.65,0,1,0.2776734227293848,0,0.2018966446523599,0.0,12,LOW
user_3707,18,3,0,0,0,325.1038121108918,12.864603968645184,11.890735216120586,0,1,1,0,0,1,1,0.65,1,1,0.2776734227293848,0,0.15500519134380158,0.0,9,LOW
user_3708,15,4,0,0,1,285.6446856981215,0.5828826376193431,5.093443903170396,0,1,1,0,0,1,1,0.65,0,1,0.2776734227293848,0,0.2018966446523599,0.0,12,LOW
user_3709,14,3,0,1,1,241.1029219662612,22.233366373341536,3.2985682863632686,0,1,1,1,0,1,1,0.85,0,1,0.2332993702223167,0,0.24213381063915532,0.10695635049384,19,LOW
user_3710,1,1,0,0,1,11.81693073543958,675.749115974166,2.681899867993142,1,3,1,0,0,3,3,1.55,0,-1,-0.099064237907961,1,0.998073717948718,0.9080641275425323,96,HIGH
user_3711,10,0,0,0,1,232.8707494362552,6.013756156042218,11.41913375473546,0,1,1,0,0,1,1,0.65,0,1,0.2776734227293848,0,0.2018966446523599,0.0,12,LOW
user_3712,14,4,0,0,1,265.0572909823047,31.56811988200725,22.61356805759917,0,1,1,0,0,1,1,0.65,0,1,0.2776734227293848,0,0.2018966446523599,0.0,12,LOW
user_3713,7,6,0,1,1,329.9964055521787,9.394359060304687,14.062602377670428,0,2,1,1,0,1,1,1.1,0,1,0.1083396961540713,0,0.5687783155237143,0.4081510789922207,50,MEDIUM
user_3714,17,4,1,0,1,157.61714732009733,4.454559299426652,18.005471965469393,0,1,1,0,1,1,1,0.7999999999999999,0,1,0.2129135634933541,0,0.13356667006213288,0.15609298252120107,14,LOW
user_3715,3,2,0,2,1,279.58648551850666,93.13394762638964,15.2043744997887,1,3,1,2,0,1,2,1.65,0,-1,-0.0271042477178731,1,1.0,0.7346164143529743,89,HIGH
user_3716,23,5,0,0,1,307.60341820671806,6.048747652514289,38.70289418439517,0,3,1,0,0,1,1,1.15,0,1,0.0815285198183811,0,0.0013513513513513514,0.47277500697029895,19,LOW
user_3717,20,2,2,0,0,150.79689180568607,7.901291564742824,13461.933366892676,1,2,4,0,2,1,1,1.8000000000000005,1,-1,-0.0706838426998131,1,0.99875,0.8396578557341853,94,HIGH
user_3718,13,2,0,0,1,229.1309473961235,24.277868797149537,2.360116392523601,0,1,1,0,0,1,1,0.65,0,1,0.2776734227293848,0,0.2018966446523599,0.0,12,LOW
user_3719,13,2,0,2,1,176.12892161501765,33.66355447706078,15.68288605763983,0,1,1,2,0,1,1,1.05,0,1,0.1541262400811022,0,0.4301355521591885,0.2977901503981718,38,MEDIUM
user_3720,16,2,0,0,1,265.8317767006221,33.6441400184895,3.887102986124469,0,1,1,0,0,1,1,0.65,0,1,0.2776734227293848,0,0.2018966446523599,0.0,12,LOW
user_3721,19,4,0,0,1,218.4989440586669,16.456251356253336,54.72638054907934,0,2,2,0,0,1,1,1.1,0,1,0.048979375940097,0,0.11288582324389246,0.5512293613560215,29,LOW
user_3722,9,2,0,1,1,232.1916559871925,15.142006105096865,4.726834088100272,0,1,1,1,0,1,1,0.85,0,1,0.2332993702223167,0,0.24213381063915532,0.10695635049384,19,LOW
user_3723,8,1,0,0,1,215.33665156329155,38.73741860076375,3.464329382961409,0,2,1,0,0,1,1,0.8999999999999999,0,1,0.190136950224284,0,0.20789731048021395,0.21099226023493423,21,LOW
user_3724,12,1,0,0,1,283.2098059660961,5.361866037930085,2.7340577941874464,0,1,1,0,0,1,1,0.65,0,1,0.2776734227293848,0,0.2018966446523599,0.0,12,LOW
user_3725,15,0,0,0,1,253.7419776358883,523.3542350820856,10.744505058942853,0,1,1,0,0,1,3,0.8500000000000001,0,1,0.1140437691094343,0,0.29646344472155617,0.3944023499087308,34,MEDIUM
user_3726,15,3,0,0,1,253.85560584237933,27.31787276314487,1.156590174170133,0,1,1,0,0,1,1,0.65,0,1,0.2776734227293848,0,0.2018966446523599,0.0,12,LOW
user_3727,17,1,0,0,1,249.6373095048872,13.169934666597332,30.69591575492724,0,1,1,0,0,1,1,0.65,0,1,0.2776734227293848,0,0.2018966446523599,0.0,12,LOW
user_3728,10,0,0,1,1,274.34945282712823,30.946726190925503,3.4858302718908507,0,1,1,1,0,1,1,0.85,0,1,0.2332993702223167,0,0.24213381063915532,0.10695635049384,19,LOW
user_3729,3,3,0,2,1,224.2816887086206,7.413033042881464,3.5012588028864897,0,3,1,2,0,1,1,1.5500000000000005,0,1,0.0178213557717713,0,0.9935488642050614,0.6263306409898065,85,HIGH
user_3730,6,3,0,0,1,342.0464872524556,0.01,0.4716089264581046,0,2,1,0,0,1,1,0.8999999999999999,0,1,0.190136950224284,0,0.20789731048021395,0.21099226023493423,21,LOW
user_3731,11,4,0,0,1,165.91231492688885,56.74753895646744,2.823861444981544,0,1,1,0,0,1,2,0.75,0,1,0.2193048404666994,0,0.33007420523328185,0.14068786125229182,25,LOW
user_3732,7,2,0,0,1,136.44489310982107,13.689683563741289,5.429689903625841,0,2,1,0,0,1,1,0.8999999999999999,0,1,0.190136950224284,0,0.20789731048021395,0.21099226023493423,21,LOW
user_3733,14,4,1,0,1,131.47916588348562,22.348159086134043,4.614108772668452,0,1,1,0,1,1,1,0.7999999999999999,0,1,0.2129135634933541,0,0.13356667006213288,0.15609298252120107,14,LOW
user_3734,8,5,1,0,1,115.22471284245384,0.01,3.18856204074713,0,2,1,0,1,2,1,1.15,0,1,0.0169687118422976,0,0.013377253109926377,0.6283857988538017,26,LOW
user_3735,9,4,0,0,1,280.3901888892151,0.01,0.4159712593950666,0,1,1,0,0,1,1,0.65,0,1,0.2776734227293848,0,0.2018966446523599,0.0,12,LOW
user_3736,12,3,2,0,0,273.08206195695846,0.9136881819014292,9798.804683688855,1,1,4,0,2,1,1,1.5500000000000005,1,-1,-0.0398435368800551,1,0.9980601933947105,0.7653223742482461,90,HIGH
user_3737,13,1,0,0,1,312.4665895065357,13.807289900374004,15.065697222247344,0,1,1,0,0,1,1,0.65,0,1,0.2776734227293848,0,0.2018966446523599,0.0,12,LOW
user_3738,12,6,1,0,1,176.6017071176687,112.56535008377904,5.776641840726066,0,1,1,0,1,1,2,0.8999999999999999,0,1,0.1194195039721256,0,0.26547768987979625,0.3814450257597952,31,MEDIUM
user_3739,9,1,0,0,1,284.72768728473005,51.761678836251214,3.4358294452711102,0,1,1,0,0,1,2,0.75,0,1,0.2193048404666994,0,0.33007420523328185,0.14068786125229182,25,LOW
user_3740,11,1,0,0,1,243.4094437289584,25.05363183870377,3.635443905782169,0,1,1,0,0,1,1,0.65,0,1,0.2776734227293848,0,0.2018966446523599,0.0,12,LOW
user_3741,15,2,0,0,1,249.9951899493516,49.349394341374754,8.084179217837004,0,1,1,0,0,1,1,0.65,0,1,0.2776734227293848,0,0.2018966446523599,0.0,12,LOW
user_3742,14,0,0,0,1,277.53737372097646,22.545483506947576,3.5995557323616865,0,1,1,0,0,1,1,0.65,0,1,0.2776734227293848,0,0.2018966446523599,0.0,12,LOW
user_3743,14,6,0,0,1,194.62309493625327,11.502080207002043,9.96409517079124,0,1,1,0,0,1,1,0.65,0,1,0.2776734227293848,0,0.2018966446523599,0.0,12,LOW
user_3744,7,3,0,0,1,395.2349481242693,124.74226539485328,45.52057351853374,0,2,1,0,0,1,2,1.0,0,1,0.1157188029811144,0,0.21090605726134576,0.39036495643785196,28,LOW
user_3745,13,3,0,0,1,319.91281825652123,26.46427437673417,0.4204816028121374,0,1,1,0,0,1,1,0.65,0,1,0.2776734227293848,0,0.2018966446523599,0.0,12,LOW
user_3746,7,3,0,0,1,208.0976427602784,5.362378806214029,1.848087541433553,0,2,1,0,0,1,1,0.8999999999999999,0,1,0.190136950224284,0,0.20789731048021395,0.21099226023493423,21,LOW
user_3747,10,2,0,0,1,174.55571653659914,144.15098489603318,1.973631711539252,0,1,1,0,0,1,2,0.75,0,1,0.2193048404666994,0,0.33007420523328185,0.14068786125229182,25,LOW
user_3748,18,0,0,0,1,234.7257502917185,43.689044739093866,5.92524442745715,0,1,1,0,0,1,1,0.65,0,1,0.2776734227293848,0,0.2018966446523599,0.0,12,LOW
user_3749,9,3,0,0,1,250.93550661492253,3.4594150087670186,0.4230091263633515,0,1,1,0,0,1,1,0.65,0,1,0.2776734227293848,0,0.2018966446523599,0.0,12,LOW
user_3750,12,3,0,0,1,303.9369155824986,3.453447344290255,6.491715931107848,0,1,1,0,0,1,1,0.65,0,1,0.2776734227293848,0,0.2018966446523599,0.0,12,LOW
user_3751,14,2,0,0,1,169.87674530590044,6.353036752491568,26.440162176753688,0,1,1,0,0,1,1,0.65,0,1,0.2776734227293848,0,0.2018966446523599,0.0,12,LOW
user_3752,17,4,0,0,1,257.12921659195,20.06943703210187,0.1163147276030119,0,1,1,0,0,1,1,0.65,0,1,0.2776734227293848,0,0.2018966446523599,0.0,12,LOW
user_3753,12,1,0,0,1,148.25909853511266,7.249567196307853,4.540340125739901,0,1,1,0,0,1,1,0.65,0,1,0.2776734227293848,0,0.2018966446523599,0.0,12,LOW
user_3754,11,1,0,0,1,266.1814556046671,17.48908990770712,14.308473576423788,0,1,1,0,0,1,1,0.65,0,1,0.2776734227293848,0,0.2018966446523599,0.0,12,LOW
user_3755,8,0,0,0,1,233.54974677251693,8.987781600203453,1.6782060603285942,0,2,1,0,0,1,1,0.8999999999999999,0,1,0.190136950224284,0,0.20789731048021395,0.21099226023493423,21,LOW
user_3756,14,2,0,0,1,356.2007857371458,17.642754384103682,0.8073186449130851,0,1,1,0,0,1,1,0.65,0,1,0.2776734227293848,0,0.2018966446523599,0.0,12,LOW
user_3757,20,4,0,0,1,147.23984734681935,8.130495297063678,9.963586449516576,0,2,1,0,0,1,1,0.8999999999999999,0,1,0.190136950224284,0,0.20789731048021395,0.21099226023493423,21,LOW
user_3758,14,4,0,0,1,322.2365028894063,538.3366227026313,0.1000075026420798,0,1,1,0,0,1,3,0.8500000000000001,0,1,0.1140437691094343,0,0.29646344472155617,0.3944023499087308,34,MEDIUM
user_3759,14,2,0,0,1,137.77011989002688,43.91691153405412,16.183297840599916,0,1,1,0,0,1,1,0.65,0,1,0.2776734227293848,0,0.2018966446523599,0.0,12,LOW
user_3760,14,3,0,0,1,160.36738353560975,34.02964920208792,0.6919227018637095,0,1,1,0,0,1,1,0.65,0,1,0.2776734227293848,0,0.2018966446523599,0.0,12,LOW
user_3761,13,4,0,0,1,139.3743264916701,30.14490822326989,7.430819443163889,0,1,1,0,0,1,1,0.65,0,1,0.2776734227293848,0,0.2018966446523599,0.0,12,LOW
user_3762,11,1,0,1,1,255.02115650706324,16.861049214130432,13.475649618250651,0,1,1,1,0,1,1,0.85,0,1,0.2332993702223167,0,0.24213381063915532,0.10695635049384,19,LOW
user_3763,16,0,0,0,1,169.578071354776,6.823516955991503,2.7708639047186336,0,1,1,0,0,1,1,0.65,0,1,0.2776734227293848,0,0.2018966446523599,0.0,12,LOW
user_3764,18,6,0,1,1,159.10010968316772,0.01,1.0930178551571452,0,1,1,1,0,1,1,0.85,0,1,0.2332993702223167,0,0.24213381063915532,0.10695635049384,19,LOW
user_3765,14,3,0,0,1,13.650714913797833,1694.9274270910464,1.9312704609018736,1,1,1,0,0,3,4,1.15,0,-1,-0.0665595353490385,1,1.0,0.8297168916429857,93,HIGH
user_3766,11,6,0,0,1,267.10652315248143,549.0916265264616,19.28841651720712,0,1,1,0,0,1,3,0.8500000000000001,0,1,0.1140437691094343,0,0.29646344472155617,0.3944023499087308,34,MEDIUM
user_3767,17,1,0,0,0,242.39095824901955,2.136907732394535,12.234284834324814,0,1,1,0,0,1,1,0.65,1,1,0.2776734227293848,0,0.15500519134380158,0.0,9,LOW
user_3768,15,3,1,0,1,230.26685105870683,0.4536723232601043,2.2076893446865595,0,1,1,0,1,1,1,0.7999999999999999,0,1,0.2129135634933541,0,0.13356667006213288,0.15609298252120107,14,LOW
user_3769,12,1,1,0,1,349.7345779462308,9.932840863194912,12.592064733150464,0,1,1,0,1,1,1,0.7999999999999999,0,1,0.2129135634933541,0,0.13356667006213288,0.15609298252120107,14,LOW
user_3770,17,1,2,1,0,248.7501759745182,4.069560166688902,13562.224066914489,1,1,4,1,2,1,1,1.7500000000000002,1,-1,-0.0761863267491658,1,1.0,0.8529206879372072,94,HIGH
user_3771,12,2,0,1,1,288.3414884353349,59.16216100951382,60.85818351008163,0,1,2,1,0,1,2,1.15,0,1,0.0251293235462506,0,0.06449479392439639,0.6087159874135888,28,LOW
user_3772,11,1,0,0,1,248.5753275413975,4.834542485083986,4.968504390361732,0,1,1,0,0,1,1,0.65,0,1,0.2776734227293848,0,0.2018966446523599,0.0,12,LOW
user_3773,11,0,0,0,0,174.12742270471895,12.533548163523063,20.01395860406481,0,1,1,0,0,1,1,0.65,1,1,0.2776734227293848,0,0.15500519134380158,0.0,9,LOW
user_3774,8,1,0,1,1,272.993260914121,31.126599355192912,5.913899838162774,0,2,1,1,0,1,1,1.1,0,1,0.1083396961540713,0,0.5687783155237143,0.4081510789922207,50,MEDIUM
user_3775,2,0,0,2,1,200.65216131181245,42.242032466564034,22.804344755322106,1,3,1,2,0,1,1,1.5500000000000005,0,1,0.0178213557717713,0,0.9935488642050614,0.6263306409898065,85,HIGH
user_3776,8,3,1,0,1,234.54083171764583,16.23845817607862,0.9607101817729288,0,2,1,0,1,1,1,1.05,0,1,0.1004614283124124,0,0.02209191694512681,0.4271403470204811,18,LOW
user_3777,10,2,0,0,1,258.3241609136056,4.99590139036261,1.9275091007184288,0,1,1,0,0,1,1,0.65,0,1,0.2776734227293848,0,0.2018966446523599,0.0,12,LOW
user_3778,7,0,0,0,1,13.99758406321778,942.3053469523944,18.968157849373103,1,2,1,0,0,3,3,1.3,0,-1,-0.0690986418510424,1,0.9946871657754012,0.8358369899803251,93,HIGH
user_3779,13,0,0,0,1,143.42987256649627,13.573755415470488,17.10918874995939,0,1,1,0,0,1,1,0.65,0,1,0.2776734227293848,0,0.2018966446523599,0.0,12,LOW
user_3780,13,0,0,0,0,294.5675503498538,11.337301044997108,3.6446778923218432,0,1,1,0,0,1,1,0.65,1,1,0.2776734227293848,0,0.15500519134380158,0.0,9,LOW
user_3781,0,3,1,0,1,200.17521320406337,14.941720873589343,9.08318390937682,0,3,1,0,1,1,1,1.3,0,1,0.0162490086966805,0,0.009403192227619709,0.6301205248376833,26,LOW
user_3782,10,0,0,0,1,203.0206806534684,3.534878683720119,4.823996993993914,0,1,1,0,0,1,1,0.65,0,1,0.2776734227293848,0,0.2018966446523599,0.0,12,LOW
user_3783,10,4,0,0,1,249.9863038422492,61.13549127468658,0.1037094209423201,0,1,1,0,0,1,2,0.75,0,1,0.2193048404666994,0,0.33007420523328185,0.14068786125229182,25,LOW
user_3784,5,0,0,0,1,216.85964417268784,0.01,0.2645088718088296,0,3,1,0,0,1,1,1.15,0,1,0.0815285198183811,0,0.0013513513513513514,0.47277500697029895,19,LOW
user_3785,12,1,0,2,1,265.0553028985674,14.495557375957214,0.5578374610922927,0,1,1,2,0,1,1,1.05,0,1,0.1541262400811022,0,0.4301355521591885,0.2977901503981718,38,MEDIUM
user_3786,14,4,0,2,1,236.93269267601733,98.20570572013489,9.01579855188218,0,1,1,2,0,1,2,1.15,0,1,0.0682545724467911,0,0.5708054293276346,0.5047696724853863,54,MEDIUM
user_3787,11,3,0,0,1,14.098020051606126,1705.6584520284437,3.2743205193211007,1,1,1,0,0,3,4,1.15,0,-1,-0.0665595353490385,1,1.0,0.8297168916429857,93,HIGH
user_3788,14,0,0,0,1,197.88849658546485,10.978546322912104,1.5542450549950355,0,1,1,0,0,1,1,0.65,0,1,0.2776734227293848,0,0.2018966446523599,0.0,12,LOW
user_3789,17,4,0,0,1,251.6156893968557,3.9484589808040766,28.32442484790667,0,1,1,0,0,1,1,0.65,0,1,0.2776734227293848,0,0.2018966446523599,0.0,12,LOW
user_3790,15,2,0,0,1,306.30534521012663,218.8113425086616,1.2933298068143229,0,1,1,0,0,1,3,0.8500000000000001,0,1,0.1140437691094343,0,0.29646344472155617,0.3944023499087308,34,MEDIUM
user_3791,12,4,0,0,1,205.93510703314809,0.352127317587657,11.208018146018464,0,1,1,0,0,1,1,0.65,0,1,0.2776734227293848,0,0.2018966446523599,0.0,12,LOW
user_3792,14,3,1,0,1,294.9190980163291,28.594496743837084,22.45828486526311,0,1,1,0,1,1,1,0.7999999999999999,0,1,0.2129135634933541,0,0.13356667006213288,0.15609298252120107,14,LOW
user_3793,13,3,0,0,1,236.90638090064104,53.03524470684474,1.7892293932867358,0,1,1,0,0,1,2,0.75,0,1,0.2193048404666994,0,0.33007420523328185,0.14068786125229182,25,LOW
user_3794,14,6,0,0,1,284.0688993586763,0.6370606636178019,2.417272666271371,0,1,1,0,0,1,1,0.65,0,1,0.2776734227293848,0,0.2018966446523599,0.0,12,LOW
user_3795,13,1,2,0,1,247.72627910118663,32.29050632465677,8.52878313871432,0,1,1,0,2,1,1,0.95,0,1,0.1483955927109178,0,0.007188301157192252,0.31160293273497597,13,LOW
user_3796,13,3,1,1,1,237.9953447941244,168.93517952538335,7.101889427667075,0,1,1,1,1,1,2,1.1,0,1,0.0660906907717865,0,0.06773171811602267,0.5099853531316857,24,LOW
user_3797,14,2,0,0,1,260.983780924582,25.5164649380064,7.361119209677521,0,1,1,0,0,1,1,0.65,0,1,0.2776734227293848,0,0.2018966446523599,0.0,12,LOW
user_3798,11,0,0,0,1,312.81585373813493,13.389869379613078,8.089578741031438,0,1,1,0,0,1,1,0.65,0,1,0.2776734227293848,0,0.2018966446523599,0.0,12,LOW
user_3799,1,0,0,0,1,254.1658376529045,0.01,29.93792475400422,0,3,1,0,0,1,1,1.15,0,1,0.0815285198183811,0,0.0013513513513513514,0.47277500697029895,19,LOW
user_3800,9,0,0,0,1,268.71184985450384,20.195957638830645,0.5534152158905155,0,1,1,0,0,1,1,0.65,0,1,0.2776734227293848,0,0.2018966446523599,0.0,12,LOW
user_3801,9,3,0,0,1,217.8909051853979,34.60150614437224,14.289869403217049,0,1,1,0,0,1,1,0.65,0,1,0.2776734227293848,0,0.2018966446523599,0.0,12,LOW
user_3802,21,3,0,0,1,334.25318843970155,0.01,2.6462516751245224,0,2,1,0,0,1,1,0.8999999999999999,0,1,0.190136950224284,0,0.20789731048021395,0.21099226023493423,21,LOW
user_3803,11,3,0,0,1,278.4202266557803,0.01,4.678901365215691,0,1,1,0,0,1,1,0.65,0,1,0.2776734227293848,0,0.2018966446523599,0.0,12,LOW
user_3804,11,0,0,1,1,244.6625076015004,5.99278191286366,0.9353199697049014,0,1,1,1,0,1,1,0.85,0,1,0.2332993702223167,0,0.24213381063915532,0.10695635049384,19,LOW
user_3805,15,2,2,0,1,232.6407796647196,2.0509642475279226,5.899171171811864,0,1,1,0,2,1,1,0.95,0,1,0.1483955927109178,0,0.007188301157192252,0.31160293273497597,13,LOW
user_3806,14,5,0,0,1,298.6744961563866,2.820477725806476,16.307598799464284,0,1,1,0,0,1,1,0.65,0,1,0.2776734227293848,0,0.2018966446523599,0.0,12,LOW
user_3807,8,2,0,0,1,203.6277553772844,0.3881347796541964,1.0396187036604665,0,2,1,0,0,1,1,0.8999999999999999,0,1,0.190136950224284,0,0.20789731048021395,0.21099226023493423,21,LOW
user_3808,15,3,0,0,0,133.02749902372005,13.668444496498037,3.224165201584606,0,1,1,0,0,1,1,0.65,1,1,0.2776734227293848,0,0.15500519134380158,0.0,9,LOW
user_3809,16,4,2,0,1,244.3439759654673,555.6698871913491,4.66907162135302,0,1,1,0,2,1,3,1.15,0,1,0.0057788241369982,0,0.10169334419705707,0.6553571815375012,32,MEDIUM
user_3810,11,4,0,1,1,311.4002743868606,48.39591751230341,1.0970237578049875,0,1,1,1,0,1,1,0.85,0,1,0.2332993702223167,0,0.24213381063915532,0.10695635049384,19,LOW
user_3811,15,2,0,0,1,335.4785286710804,34.66111306390491,14.368166264138702,0,1,1,0,0,1,1,0.65,0,1,0.2776734227293848,0,0.2018966446523599,0.0,12,LOW
user_3812,11,4,1,0,1,233.5623633939672,21.28464648625577,15.462144503769885,0,1,1,0,1,1,1,0.7999999999999999,0,1,0.2129135634933541,0,0.13356667006213288,0.15609298252120107,14,LOW
user_3813,14,2,0,1,0,242.615259836507,16.785686534344567,18.072487985960684,1,1,1,1,0,1,1,0.85,1,1,0.2332993702223167,0,0.5768895551079612,0.10695635049384,39,MEDIUM
user_3814,10,4,0,0,1,271.1718259509573,7.388442534200379,8.768205421656178,0,1,1,0,0,1,1,0.65,0,1,0.2776734227293848,0,0.2018966446523599,0.0,12,LOW
user_3815,8,1,1,0,1,224.1390348681741,16.10661436777421,7.077306459501925,0,2,1,0,1,1,1,1.05,0,1,0.1004614283124124,0,0.02209191694512681,0.4271403470204811,18,LOW
user_3816,12,1,2,0,1,270.9843569034689,25.62679364878639,3.045603058001551,0,1,1,0,2,1,1,0.95,0,1,0.1483955927109178,0,0.007188301157192252,0.31160293273497597,13,LOW
user_3817,13,0,0,0,1,234.87589493590391,38.10776462588408,10.64668843012582,0,1,1,0,0,1,1,0.65,0,1,0.2776734227293848,0,0.2018966446523599,0.0,12,LOW
user_3818,12,4,0,0,1,300.6820954314108,2.130290381763553,5.880009620420893,0,1,1,0,0,1,1,0.65,0,1,0.2776734227293848,0,0.2018966446523599,0.0,12,LOW
user_3819,10,2,0,0,1,283.3788307858694,30.81485360372766,35.327788849247455,0,1,1,0,0,1,1,0.65,0,1,0.2776734227293848,0,0.2018966446523599,0.0,12,LOW
user_3820,12,1,0,0,1,288.613669938146,33.94071707203559,34.47644447726569,0,1,1,0,0,1,1,0.65,0,1,0.2776734227293848,0,0.2018966446523599,0.0,12,LOW
user_3821,14,1,0,0,1,227.6809413118748,20.4661842267608,23.560400042830626,0,1,1,0,0,1,1,0.65,0,1,0.2776734227293848,0,0.2018966446523599,0.0,12,LOW
user_3822,13,5,0,0,1,355.5556392301357,6.030116760950018,4.46426390475915,0,1,1,0,0,1,1,0.65,0,1,0.2776734227293848,0,0.2018966446523599,0.0,12,LOW
user_3823,14,4,0,0,1,269.0347165427683,19.3689430724182,4.588223024844647,0,1,1,0,0,1,1,0.65,0,1,0.2776734227293848,0,0.2018966446523599,0.0,12,LOW
user_3824,11,3,0,0,1,254.8376432092099,17.464290748752674,19.151017863892,0,1,1,0,0,1,1,0.65,0,1,0.2776734227293848,0,0.2018966446523599,0.0,12,LOW
user_3825,17,3,0,1,1,194.3434211659817,16.142762411946578,13.061344852023884,0,1,1,1,0,1,1,0.85,0,1,0.2332993702223167,0,0.24213381063915532,0.10695635049384,19,LOW
user_3826,10,2,0,0,1,234.1756907910868,15.43429676920988,12.186160614728196,0,1,1,0,0,1,1,0.65,0,1,0.2776734227293848,0,0.2018966446523599,0.0,12,LOW
user_3827,15,2,0,0,1,246.8627856421581,2.936546233004929,3.279639504780416,0,1,1,0,0,1,1,0.65,0,1,0.2776734227293848,0,0.2018966446523599,0.0,12,LOW
user_3828,17,5,0,0,1,192.739362214542,5.049614882462937,17.918511427567992,0,1,1,0,0,1,1,0.65,0,1,0.2776734227293848,0,0.2018966446523599,0.0,12,LOW
user_3829,15,0,0,0,1,222.46097125385472,2.5600138625772337,8.661219286143266,0,1,1,0,0,1,1,0.65,0,1,0.2776734227293848,0,0.2018966446523599,0.0,12,LOW
user_3830,5,2,0,0,1,230.0519989138194,17.236542528935324,5.921542224405244,0,3,1,0,0,1,1,1.15,0,1,0.0815285198183811,0,0.0013513513513513514,0.47277500697029895,19,LOW
user_3831,12,1,0,1,1,243.3552396553931,7.6453629947260655,20.05612244583822,0,1,1,1,0,1,1,0.85,0,1,0.2332993702223167,0,0.24213381063915532,0.10695635049384,19,LOW
user_3832,17,2,0,0,1,134.23758059750375,7.028450339504516,5.012214976897548,0,1,1,0,0,1,1,0.65,0,1,0.2776734227293848,0,0.2018966446523599,0.0,12,LOW
user_3833,9,2,0,1,0,231.8837675577441,5.922476531791536,10.61102110341208,1,1,1,1,0,1,1,0.85,1,1,0.2332993702223167,0,0.5768895551079612,0.10695635049384,39,MEDIUM
user_3834,11,2,0,2,1,217.3592290152041,33.24048367603296,6.271818939941691,0,1,1,2,0,1,1,1.05,0,1,0.1541262400811022,0,0.4301355521591885,0.2977901503981718,38,MEDIUM
user_3835,7,0,0,0,1,238.746951022506,98.41344057678742,8.982980900723721,0,2,1,0,0,1,2,1.0,0,1,0.1157188029811144,0,0.21090605726134576,0.39036495643785196,28,LOW
user_3836,17,2,0,0,0,302.11659397081536,9.904306141887478,0.4139139790009383,0,1,1,0,0,1,1,0.65,1,1,0.2776734227293848,0,0.15500519134380158,0.0,9,LOW
user_3837,15,1,0,0,1,363.14372952727234,9.10072265693625,6.182533917114805,0,1,1,0,0,1,1,0.65,0,1,0.2776734227293848,0,0.2018966446523599,0.0,12,LOW
user_3838,11,1,2,0,1,280.70263197867763,46.45266658612898,8.130378776427818,0,1,1,0,2,1,1,0.95,0,1,0.1483955927109178,0,0.007188301157192252,0.31160293273497597,13,LOW
user_3839,13,0,0,0,1,165.93466967601984,24.449094172086127,6.786908481845143,0,1,1,0,0,1,1,0.65,0,1,0.2776734227293848,0,0.2018966446523599,0.0,12,LOW
user_3840,12,4,0,1,1,219.275582890048,8.683619595923165,18.80003134308413,0,1,1,1,0,1,1,0.85,0,1,0.2332993702223167,0,0.24213381063915532,0.10695635049384,19,LOW
user_3841,11,2,0,0,1,275.75779852986545,31.26021914648291,3.726939585444127,0,1,1,0,0,1,1,0.65,0,1,0.2776734227293848,0,0.2018966446523599,0.0,12,LOW
user_3842,16,3,0,0,1,268.99742978574136,10.56246431834002,21.54825055645741,0,1,1,0,0,1,1,0.65,0,1,0.2776734227293848,0,0.2018966446523599,0.0,12,LOW
user_3843,9,4,0,0,1,299.23954412718444,22.080806753980227,5.166122840814683,0,1,1,0,0,1,1,0.65,0,1,0.2776734227293848,0,0.2018966446523599,0.0,12,LOW
user_3844,18,3,0,1,1,234.15894034256425,122.77211330195648,11.858930075073287,0,1,1,1,0,1,2,0.95,0,1,0.1509357020843734,0,0.04950631867309361,0.30548041714105467,15,LOW
user_3845,16,2,0,0,1,218.18998533806968,8.973880516869775,0.907157511819114,0,1,1,0,0,1,1,0.65,0,1,0.2776734227293848,0,0.2018966446523599,0.0,12,LOW
user_3846,17,2,0,1,1,345.14544023496234,66.6700676829901,2.2333617432585933,0,1,1,1,0,1,2,0.95,0,1,0.1509357020843734,0,0.04950631867309361,0.30548041714105467,15,LOW
user_3847,12,2,0,2,1,243.52023620217827,9.66555935334557,14.319865756876926,0,1,1,2,0,1,1,1.05,0,1,0.1541262400811022,0,0.4301355521591885,0.2977901503981718,38,MEDIUM
user_3848,13,3,0,0,1,178.9995374387331,19.42880635481937,0.1240531425445023,0,1,1,0,0,1,1,0.65,0,1,0.2776734227293848,0,0.2018966446523599,0.0,12,LOW
user_3849,9,2,0,0,1,328.5080194219753,15.403903015333723,34.58648728957839,0,1,1,0,0,1,1,0.65,0,1,0.2776734227293848,0,0.2018966446523599,0.0,12,LOW
user_3850,12,4,0,0,1,150.2342705163333,38.21483765639104,2.1149775395229344,0,1,1,0,0,1,1,0.65,0,1,0.2776734227293848,0,0.2018966446523599,0.0,12,LOW
user_3851,15,4,0,0,1,30.29728665068368,1.575963153505842,23.15710720846881,0,1,1,0,0,2,1,0.75,0,1,0.0934671910539906,0,0.40261253039389167,0.44399880482146026,42,MEDIUM
user_3852,17,0,0,0,1,286.1632054822544,24.66262015131117,7.25556800670139,0,1,1,0,0,1,1,0.65,0,1,0.2776734227293848,0,0.2018966446523599,0.0,12,LOW
user_3853,10,0,0,0,1,294.64205826147787,35.74747897086365,8.314335559830738,0,1,1,0,0,1,1,0.65,0,1,0.2776734227293848,0,0.2018966446523599,0.0,12,LOW
user_3854,12,3,2,0,1,264.84077651668144,15.973334316319196,0.8788279798958063,0,1,1,0,2,1,1,0.95,0,1,0.1483955927109178,0,0.007188301157192252,0.31160293273497597,13,LOW
user_3855,13,1,0,0,1,161.85263496047702,2.781463721029679,4.544748341774007,0,1,1,0,0,1,1,0.65,0,1,0.2776734227293848,0,0.2018966446523599,0.0,12,LOW
user_3856,9,0,0,0,1,236.4678086854608,7.019482569788581,1.6986213173476965,0,1,1,0,0,1,1,0.65,0,1,0.2776734227293848,0,0.2018966446523599,0.0,12,LOW
user_3857,15,4,0,0,1,223.3098855867677,28.46027408809445,7.46403441065355,0,1,1,0,0,1,1,0.65,0,1,0.2776734227293848,0,0.2018966446523599,0.0,12,LOW
user_3858,11,1,0,0,1,207.76265934645664,56.44923012999639,8.001360115860884,0,1,1,0,0,1,2,0.75,0,1,0.2193048404666994,0,0.33007420523328185,0.14068786125229182,25,LOW
user_3859,13,5,0,1,1,324.7241658485568,13.6876122238635,12.367265652562336,0,1,1,1,0,1,1,0.85,0,1,0.2332993702223167,0,0.24213381063915532,0.10695635049384,19,LOW
user_3860,12,3,0,0,0,177.20003648209865,20.5479358541629,21.06016820344444,0,1,1,0,0,1,1,0.65,1,1,0.2776734227293848,0,0.15500519134380158,0.0,9,LOW
user_3861,11,4,1,0,1,258.966267186384,6.481740140312417,6.314498472827959,0,1,1,0,1,1,1,0.7999999999999999,0,1,0.2129135634933541,0,0.13356667006213288,0.15609298252120107,14,LOW
user_3862,13,1,0,0,1,311.6428190197545,13.284779396949816,2.657384316773721,0,1,1,0,0,1,1,0.65,0,1,0.2776734227293848,0,0.2018966446523599,0.0,12,LOW
user_3863,13,1,0,2,1,262.8864915191423,10.266582675498292,4.058226641861952,1,1,1,2,0,1,1,1.05,0,1,0.1541262400811022,0,0.4301355521591885,0.2977901503981718,38,MEDIUM
user_3864,12,2,0,0,1,314.46710234972244,26.64338377118474,18.77904542621888,0,1,1,0,0,1,1,0.65,0,1,0.2776734227293848,0,0.2018966446523599,0.0,12,LOW
user_3865,11,0,0,0,1,273.82288334573576,104.49584837410988,1.5766424443103246,0,1,1,0,0,1,2,0.75,0,1,0.2193048404666994,0,0.33007420523328185,0.14068786125229182,25,LOW
user_3866,15,1,0,0,1,265.7609802295217,0.01,9.868636322138606,0,1,1,0,0,1,1,0.65,0,1,0.2776734227293848,0,0.2018966446523599,0.0,12,LOW
user_3867,18,1,0,0,1,262.0100921299288,5.334923385627543,0.1317225837299172,0,1,1,0,0,1,1,0.65,0,1,0.2776734227293848,0,0.2018966446523599,0.0,12,LOW
user_3868,14,0,0,1,1,276.806595999009,21.54971569004537,2.8192445068521006,0,1,1,1,0,1,1,0.85,0,1,0.2332993702223167,0,0.24213381063915532,0.10695635049384,19,LOW
user_3869,16,1,0,0,0,216.8676541552644,1.7179936558441344,8.95039393441054,0,1,1,0,0,1,1,0.65,1,1,0.2776734227293848,0,0.15500519134380158,0.0,9,LOW
user_3870,9,4,0,0,1,161.88756888763282,7.089445555285143,6.095637455940512,0,1,1,0,0,1,1,0.65,0,1,0.2776734227293848,0,0.2018966446523599,0.0,12,LOW
user_3871,14,0,0,0,1,297.2426046877986,4.725126323806254,6.803286703205282,0,1,1,0,0,1,1,0.65,0,1,0.2776734227293848,0,0.2018966446523599,0.0,12,LOW
user_3872,10,0,0,0,1,309.704538030346,10.219723308902369,10.804641188192695,0,1,1,0,0,1,1,0.65,0,1,0.2776734227293848,0,0.2018966446523599,0.0,12,LOW
user_3873,9,3,0,0,1,255.11872865436263,28.393369700756665,2.673384469706205,0,1,1,0,0,1,1,0.65,0,1,0.2776734227293848,0,0.2018966446523599,0.0,12,LOW
user_3874,11,6,1,0,1,7.68905076331891,1617.0243771201333,3.2962266504534736,1,1,1,0,1,3,4,1.3,0,-1,-0.085584567472851,1,1.0,0.8755736004406989,95,HIGH
user_3875,5,1,0,0,0,146.5369730082217,0.01,11.534641412025158,0,3,1,0,0,1,1,1.15,1,1,0.0815285198183811,0,0.056363636363636366,0.47277500697029895,22,LOW
user_3876,16,0,1,0,1,245.14842599540327,5.980198633150306,7.728213391677487,0,1,1,0,1,1,1,0.7999999999999999,0,1,0.2129135634933541,0,0.13356667006213288,0.15609298252120107,14,LOW
user_3877,20,3,0,0,1,159.0629793169217,102.39170957516768,0.1469425800451807,0,2,1,0,0,1,2,1.0,0,1,0.1157188029811144,0,0.21090605726134576,0.39036495643785196,28,LOW
user_3878,9,5,0,1,1,150.66074984172445,10.006438904077266,11.096564372367077,0,1,1,1,0,1,1,0.85,0,1,0.2332993702223167,0,0.24213381063915532,0.10695635049384,19,LOW
user_3879,16,4,0,0,1,238.75610831905843,92.9172645978434,9.678262681058872,0,1,1,0,0,1,2,0.75,0,1,0.2193048404666994,0,0.33007420523328185,0.14068786125229182,25,LOW
user_3880,14,3,1,0,1,194.1738299287192,124.66358054330765,0.8186924639501743,0,1,1,0,1,1,2,0.8999999999999999,0,1,0.1194195039721256,0,0.26547768987979625,0.3814450257597952,31,MEDIUM
user_3881,14,1,0,0,1,260.71857336988626,12.243958696315492,13.764212405383931,0,1,1,0,0,1,1,0.65,0,1,0.2776734227293848,0,0.2018966446523599,0.0,12,LOW
user_3882,6,3,0,0,1,230.4422638462876,205.1136613932225,7.383568262318762,0,2,1,0,0,1,3,1.1,0,1,0.0342845539061483,0,0.6068219504766365,0.5866488113974004,60,MEDIUM
user_3883,11,0,0,2,1,203.6019260266434,12.376820246196116,2.290953330263796,0,1,1,2,0,1,1,1.05,0,1,0.1541262400811022,0,0.4301355521591885,0.2977901503981718,38,MEDIUM
user_3884,18,3,1,0,1,137.70509515626208,46.18811722120509,8.195188211837559,0,1,1,0,1,1,1,0.7999999999999999,0,1,0.2129135634933541,0,0.13356667006213288,0.15609298252120107,14,LOW
user_3885,15,4,1,1,1,188.8267124501785,3.173297025577533,9.050009869786882,0,1,1,1,1,1,1,1.0,0,1,0.1244119810262747,0,0.2600647053805528,0.3694114814818421,30,LOW
user_3886,7,6,2,0,1,191.0318105969345,48.37282975242811,25.272138615755555,0,2,1,0,2,1,1,1.2000000000000002,0,1,0.0458866002061858,0,0.0031251686909581646,0.5586839882540799,23,LOW
user_3887,13,1,2,1,1,166.48153958910228,0.8156016265703749,13.553556397588803,0,1,1,1,2,1,1,1.15,0,1,0.0590725335016217,0,0.024931712964170426,0.5269014661842195,23,LOW
user_3888,14,0,0,0,1,220.2573422854569,83.38144099338535,3.594278074374309,0,1,1,0,0,1,2,0.75,0,1,0.2193048404666994,0,0.33007420523328185,0.14068786125229182,25,LOW
user_3889,16,3,0,0,1,171.1648805295209,13.540335695487292,1.257139912158075,0,1,1,0,0,1,1,0.65,0,1,0.2776734227293848,0,0.2018966446523599,0.0,12,LOW
user_3890,16,3,0,0,1,230.1754351625271,7.104683024868767,19.185756678753897,0,1,1,0,0,1,1,0.65,0,1,0.2776734227293848,0,0.2018966446523599,0.0,12,LOW
user_3891,15,4,0,0,1,254.42467282011933,24.022145120544103,18.712423048496007,1,1,1,0,0,1,1,0.65,0,1,0.2776734227293848,0,0.2018966446523599,0.0,12,LOW
user_3892,11,1,0,0,1,190.4298027366493,3.565398794998513,1.927477386917112,0,1,1,0,0,1,1,0.65,0,1,0.2776734227293848,0,0.2018966446523599,0.0,12,LOW
user_3893,8,1,1,2,1,265.5245177651151,1.872010664205308,0.6414519604444056,0,2,1,2,1,1,1,1.4500000000000002,0,1,0.0005536998863659,0,0.07640147221880828,0.667951483593539,31,MEDIUM
user_3894,12,2,0,0,1,158.31852772513778,43.97505032138425,12.44324943329053,0,1,1,0,0,1,1,0.65,0,1,0.2776734227293848,0,0.2018966446523599,0.0,12,LOW
user_3895,17,1,0,0,1,173.26935609622257,13.820320904227133,12.822292751802834,0,1,1,0,0,1,1,0.65,0,1,0.2776734227293848,0,0.2018966446523599,0.0,12,LOW
user_3896,18,4,1,1,1,233.20696214251385,18.258504202911563,1.9497376392061627,0,1,1,1,1,1,1,1.0,0,1,0.1244119810262747,0,0.2600647053805528,0.3694114814818421,30,LOW
user_3897,16,2,2,0,0,281.2224655133183,0.01,5196.050974057468,1,1,4,0,2,1,1,1.5500000000000005,1,-1,-0.0398435368800551,1,0.9980601933947105,0.7653223742482461,90,HIGH
user_3898,15,4,0,0,1,292.043972489356,1.584792661909016,3.2701038403997416,0,1,1,0,0,1,1,0.65,0,1,0.2776734227293848,0,0.2018966446523599,0.0,12,LOW
user_3899,15,3,0,0,1,336.7434373294536,11.462793176724032,3.019392621859611,0,1,1,0,0,1,1,0.65,0,1,0.2776734227293848,0,0.2018966446523599,0.0,12,LOW
user_3900,12,4,0,0,1,217.4046675109494,17.637896576936164,3.9232867129086335,0,1,1,0,0,1,1,0.65,0,1,0.2776734227293848,0,0.2018966446523599,0.0,12,LOW
user_3901,1,1,0,1,1,232.3499208793017,91.56815636666592,7.347952797875309,0,3,1,1,0,1,2,1.45,0,-1,-0.0026340983693405,1,0.05069452606217311,0.6756351466415933,30,LOW
user_3902,20,4,0,1,1,178.03946825892078,0.01,16.319592410277643,0,2,1,1,0,1,1,1.1,0,1,0.1083396961540713,0,0.5687783155237143,0.4081510789922207,50,MEDIUM
user_3903,11,1,0,0,1,164.7740200805386,38.139717354911845,6.904383545234665,0,1,1,0,0,1,1,0.65,0,1,0.2776734227293848,0,0.2018966446523599,0.0,12,LOW
user_3904,18,3,2,0,1,253.7143251796515,3.0664192540739115,3.538826967832497,0,1,1,0,2,1,1,0.95,0,1,0.1483955927109178,0,0.007188301157192252,0.31160293273497597,13,LOW
user_3905,13,1,0,0,1,193.44771003322543,1.6525007459542835,21.53943549588305,1,1,1,0,0,1,1,0.65,0,1,0.2776734227293848,0,0.2018966446523599,0.0,12,LOW
user_3906,17,2,0,1,1,313.94275200103743,4.324957765212857,0.5666554908024461,1,1,1,1,0,1,1,0.85,0,1,0.2332993702223167,0,0.24213381063915532,0.10695635049384,19,LOW
user_3907,9,1,2,0,1,152.25685608795655,10.2179494099857,15.950000611143595,0,1,1,0,2,1,1,0.95,0,1,0.1483955927109178,0,0.007188301157192252,0.31160293273497597,13,LOW
user_3908,15,1,0,0,1,269.18119234948176,35.60823843971448,15.34245832774522,0,1,1,0,0,1,1,0.65,0,1,0.2776734227293848,0,0.2018966446523599,0.0,12,LOW
user_3909,11,6,0,0,1,179.65564567097823,3.810365655911595,2.924223701369137,0,1,1,0,0,1,1,0.65,0,1,0.2776734227293848,0,0.2018966446523599,0.0,12,LOW
user_3910,9,0,0,0,1,190.773091993675,0.7869740642051815,2.210147968709309,0,1,1,0,0,1,1,0.65,0,1,0.2776734227293848,0,0.2018966446523599,0.0,12,LOW
user_3911,14,4,0,0,1,272.34672391512186,28.90195191335495,20.77048898300029,0,1,1,0,0,1,1,0.65,0,1,0.2776734227293848,0,0.2018966446523599,0.0,12,LOW
user_3912,1,6,0,1,1,199.4471738335255,80.89064109089625,8.18418594778475,0,3,1,1,0,1,2,1.45,0,-1,-0.0026340983693405,1,0.05069452606217311,0.6756351466415933,30,LOW
user_3913,11,0,0,0,1,209.052955948806,35.07154063832685,0.4710351287873838,0,1,1,0,0,1,1,0.65,0,1,0.2776734227293848,0,0.2018966446523599,0.0,12,LOW
user_3914,9,3,0,1,1,191.27049818690588,5.666210298442237,22.14872029859205,0,1,1,1,0,1,1,0.85,0,1,0.2332993702223167,0,0.24213381063915532,0.10695635049384,19,LOW
user_3915,13,1,0,0,1,347.1017874968065,21.91280587372488,4.292548293744583,0,1,1,0,0,1,1,0.65,0,1,0.2776734227293848,0,0.2018966446523599,0.0,12,LOW
user_3916,6,0,0,1,1,202.9508213351994,105.98506594912682,4.187882996886036,0,2,1,1,0,1,2,1.2,0,1,0.0656383015143167,0,0.07883070542961215,0.5110757629826652,25,LOW
user_3917,15,2,0,0,1,243.0931330459658,7.387100870634336,10.30826369302569,0,1,1,0,0,1,1,0.65,0,1,0.2776734227293848,0,0.2018966446523599,0.0,12,LOW
user_3918,16,5,0,0,1,227.8851839831356,18.75462364386808,10.826728279135068,0,1,1,0,0,1,1,0.65,0,1,0.2776734227293848,0,0.2018966446523599,0.0,12,LOW
user_3919,13,0,1,0,1,253.2850237034557,9.438725484807993,4.358976986714591,0,1,1,0,1,1,1,0.7999999999999999,0,1,0.2129135634933541,0,0.13356667006213288,0.15609298252120107,14,LOW
user_3920,19,3,0,0,1,203.11578318204388,6.390874984236204,1.5464288348596846,0,2,1,0,0,1,1,0.8999999999999999,0,1,0.190136950224284,0,0.20789731048021395,0.21099226023493423,21,LOW
user_3921,14,2,0,1,1,227.950965927501,87.32404097811617,8.03564378311234,0,1,1,1,0,1,2,0.95,0,1,0.1509357020843734,0,0.04950631867309361,0.30548041714105467,15,LOW
user_3922,12,4,0,0,0,263.6371205396361,60.92634036808035,9.813071396486649,0,1,1,0,0,1,2,0.75,1,1,0.2193048404666994,0,0.06599719639822756,0.14068786125229182,10,LOW
user_3923,9,0,0,0,1,188.2195717198205,14.74977520989248,19.67702440943042,0,1,1,0,0,1,1,0.65,0,1,0.2776734227293848,0,0.2018966446523599,0.0,12,LOW
user_3924,13,3,0,1,1,305.35928139768924,3.677086238523935,6.625015659383545,0,1,1,1,0,1,1,0.85,0,1,0.2332993702223167,0,0.24213381063915532,0.10695635049384,19,LOW
user_3925,12,3,0,1,1,311.1288311424979,32.54031185322134,10.37600201883254,0,1,1,1,0,1,1,0.85,0,1,0.2332993702223167,0,0.24213381063915532,0.10695635049384,19,LOW
user_3926,16,3,0,0,1,276.3895575695244,7.382815449867981,0.5594496805056797,0,1,1,0,0,1,1,0.65,0,1,0.2776734227293848,0,0.2018966446523599,0.0,12,LOW
user_3927,15,5,0,1,1,244.192583015789,4.613634867380261,22.492614131932367,0,1,1,1,0,1,1,0.85,0,1,0.2332993702223167,0,0.24213381063915532,0.10695635049384,19,LOW
user_3928,10,4,0,0,1,60.56391310772784,12.012625114023148,3.963306741767556,0,1,1,0,0,2,1,0.75,0,1,0.0934671910539906,0,0.40261253039389167,0.44399880482146026,42,MEDIUM
user_3929,14,0,0,0,0,265.4574679592678,18.867577009011523,10.00273402779742,0,1,1,0,0,1,1,0.65,1,1,0.2776734227293848,0,0.15500519134380158,0.0,9,LOW
user_3930,16,2,0,0,1,216.5201756862681,2.5630118604556613,24.77553327609767,0,1,1,0,0,1,1,0.65,0,1,0.2776734227293848,0,0.2018966446523599,0.0,12,LOW
user_3931,18,2,0,0,1,225.2235353149476,21.20099765203964,16.6350232896638,0,1,1,0,0,1,1,0.65,0,1,0.2776734227293848,0,0.2018966446523599,0.0,12,LOW
user_3932,0,1,0,2,1,126.157360168631,31.39836862240087,10.152933283303504,1,3,1,2,0,1,1,1.5500000000000005,0,1,0.0178213557717713,0,0.9935488642050614,0.6263306409898065,85,HIGH
user_3933,16,2,0,0,1,269.6153091524516,55.6103096076938,12.160717964018335,0,1,1,0,0,1,2,0.75,0,1,0.2193048404666994,0,0.33007420523328185,0.14068786125229182,25,LOW
user_3934,14,2,0,0,1,153.08513719038274,63.376075114482056,25.37107083480672,0,1,1,0,0,1,2,0.75,0,1,0.2193048404666994,0,0.33007420523328185,0.14068786125229182,25,LOW
user_3935,15,2,0,1,1,247.1054727594837,33.01929312629374,16.718090781005337,0,1,1,1,0,1,1,0.85,0,1,0.2332993702223167,0,0.24213381063915532,0.10695635049384,19,LOW
user_3936,17,6,0,0,1,294.2794489145905,15.709720616609706,9.412472219035804,0,1,1,0,0,1,1,0.65,0,1,0.2776734227293848,0,0.2018966446523599,0.0,12,LOW
user_3937,10,0,0,2,1,211.84030912094687,7.35579590378862,10.750013522237545,0,1,1,2,0,1,1,1.05,0,1,0.1541262400811022,0,0.4301355521591885,0.2977901503981718,38,MEDIUM
user_3938,12,5,0,0,1,312.9631035137064,34.07539461825424,1.5931046350483868,0,1,1,0,0,1,1,0.65,0,1,0.2776734227293848,0,0.2018966446523599,0.0,12,LOW
user_3939,11,2,0,0,1,195.1805773075692,67.13174219696168,6.351946994193672,0,1,1,0,0,1,2,0.75,0,1,0.2193048404666994,0,0.33007420523328185,0.14068786125229182,25,LOW
user_3940,15,3,0,0,1,276.0259846038601,4.315232987687277,3.5810117149457072,0,1,1,0,0,1,1,0.65,0,1,0.2776734227293848,0,0.2018966446523599,0.0,12,LOW
user_3941,17,4,0,0,1,161.71285491248835,15.675653554918409,5.655821617732846,0,1,1,0,0,1,1,0.65,0,1,0.2776734227293848,0,0.2018966446523599,0.0,12,LOW
user_3942,12,2,0,1,1,12.933004774103113,1345.488590651688,10.854400454289545,1,1,1,1,0,3,4,1.35,0,-1,-0.0937579539195447,1,0.9991397849462365,0.895274203295823,96,HIGH
user_3943,6,2,2,0,1,292.5594229547574,11.030226577680232,1.615207144705131,0,2,1,0,2,1,1,1.2000000000000002,0,1,0.0458866002061858,0,0.0031251686909581646,0.5586839882540799,23,LOW
user_3944,13,2,1,0,1,268.10147537782376,0.01,0.1752869756963307,0,1,1,0,1,1,1,0.7999999999999999,0,1,0.2129135634933541,0,0.13356667006213288,0.15609298252120107,14,LOW
user_3945,16,2,0,1,1,216.40295180317133,75.80801044708053,5.057127223395831,0,1,1,1,0,1,2,0.95,0,1,0.1509357020843734,0,0.04950631867309361,0.30548041714105467,15,LOW
user_3946,15,5,1,0,1,155.87996259431327,7.481628038164964,3.888798782770968,0,1,1,0,1,1,1,0.7999999999999999,0,1,0.2129135634933541,0,0.13356667006213288,0.15609298252120107,14,LOW
user_3947,15,4,0,0,1,216.5615810868325,16.965127726925555,5.454723835604666,0,1,1,0,0,1,1,0.65,0,1,0.2776734227293848,0,0.2018966446523599,0.0,12,LOW
user_3948,13,0,0,0,0,306.61843054488736,75.64832995362133,26.76855655413588,0,1,1,0,0,1,2,0.75,1,1,0.2193048404666994,0,0.06599719639822756,0.14068786125229182,10,LOW
user_3949,10,0,0,1,1,247.7977122941469,16.159304241851864,12.278697460304082,0,1,1,1,0,1,1,0.85,0,1,0.2332993702223167,0,0.24213381063915532,0.10695635049384,19,LOW
user_3950,15,2,0,1,1,146.81778422925302,49.80400071510589,3.9669186767373,0,1,1,1,0,1,1,0.85,0,1,0.2332993702223167,0,0.24213381063915532,0.10695635049384,19,LOW
user_3951,11,0,1,0,1,172.51634163480352,1.5140549121386837,1.9757184016703808,0,1,1,0,1,1,1,0.7999999999999999,0,1,0.2129135634933541,0,0.13356667006213288,0.15609298252120107,14,LOW
user_3952,20,3,0,0,1,315.1890840511368,76.45637720356811,9.635875340882826,0,2,1,0,0,1,2,1.0,0,1,0.1157188029811144,0,0.21090605726134576,0.39036495643785196,28,LOW
user_3953,15,0,2,1,1,269.2747651276732,5.191942507858379,10.717062782106066,0,1,1,1,2,1,1,1.15,0,1,0.0590725335016217,0,0.024931712964170426,0.5269014661842195,23,LOW
user_3954,12,2,0,0,0,165.95999275560433,97.71950015508534,6.609175479261221,0,1,1,0,0,1,2,0.75,1,1,0.2193048404666994,0,0.06599719639822756,0.14068786125229182,10,LOW
user_3955,12,0,0,1,1,134.0501102295244,4.826784195990561,2.39223105499439,0,1,1,1,0,1,1,0.85,0,1,0.2332993702223167,0,0.24213381063915532,0.10695635049384,19,LOW
user_3956,13,1,0,0,1,202.497471923996,14.69113452285313,0.2897089375523689,0,1,1,0,0,1,1,0.65,0,1,0.2776734227293848,0,0.2018966446523599,0.0,12,LOW
user_3957,13,3,0,1,1,128.91847752060482,9.226442786657213,3.0878409214822145,0,1,1,1,0,1,1,0.85,0,1,0.2332993702223167,0,0.24213381063915532,0.10695635049384,19,LOW
user_3958,5,2,0,2,1,230.64993059958,531.4656668503694,6.109600033645033,1,3,1,2,0,1,3,1.7500000000000002,0,-1,-0.0710499607352379,1,0.9880823380566801,0.8405403230029291,93,HIGH
user_3959,14,6,0,0,1,387.0975223101783,7.209549263934058,15.508590827298924,0,1,1,0,0,1,1,0.65,0,1,0.2776734227293848,0,0.2018966446523599,0.0,12,LOW
user_3960,11,4,1,0,1,144.18263545804967,84.0379379260025,19.224639733508063,0,1,1,0,1,1,2,0.8999999999999999,0,1,0.1194195039721256,0,0.26547768987979625,0.3814450257597952,31,MEDIUM
user_3961,19,1,0,0,1,228.8384602076271,9.12217801051018,5.326189826879844,0,2,1,0,0,1,1,0.8999999999999999,0,1,0.190136950224284,0,0.20789731048021395,0.21099226023493423,21,LOW
user_3962,14,0,0,1,1,318.715594519875,26.48057667053878,15.9024358130629,0,1,1,1,0,1,1,0.85,0,1,0.2332993702223167,0,0.24213381063915532,0.10695635049384,19,LOW
user_3963,16,4,0,0,1,284.9452714980057,3.696481257631002,50.13563108638336,0,1,2,0,0,1,1,0.85,0,1,0.0725673737099781,0,0.033557155468056085,0.4943743748406145,22,LOW
user_3964,12,5,2,1,1,231.0755571120517,43.4868832383556,12.609325609074126,0,1,1,1,2,1,1,1.15,0,1,0.0590725335016217,0,0.024931712964170426,0.5269014661842195,23,LOW
user_3965,15,4,0,0,1,231.21907978990816,19.54989393199054,13.041579634278476,0,1,1,0,0,1,1,0.65,0,1,0.2776734227293848,0,0.2018966446523599,0.0,12,LOW
user_3966,14,0,0,0,1,170.64541305452525,97.1176442134085,24.02808841678833,0,1,1,0,0,1,2,0.75,0,1,0.2193048404666994,0,0.33007420523328185,0.14068786125229182,25,LOW
user_3967,8,6,0,0,1,223.9406537996668,13.76525846123814,4.127074633906952,0,2,1,0,0,1,1,0.8999999999999999,0,1,0.190136950224284,0,0.20789731048021395,0.21099226023493423,21,LOW
user_3968,20,1,0,0,1,254.6064428544078,5.43673807058602,0.1126864643746736,0,2,1,0,0,1,1,0.8999999999999999,0,1,0.190136950224284,0,0.20789731048021395,0.21099226023493423,21,LOW
user_3969,17,4,0,0,1,306.3068125964454,10.616924476998328,43.41059115436557,0,1,1,0,0,1,1,0.65,0,1,0.2776734227293848,0,0.2018966446523599,0.0,12,LOW
user_3970,12,5,0,0,1,202.78946258911463,33.38676200112025,6.7426277405442425,0,1,1,0,0,1,1,0.65,0,1,0.2776734227293848,0,0.2018966446523599,0.0,12,LOW
user_3971,10,1,1,0,1,228.60989231619223,26.904630719647667,15.402738236965178,0,1,1,0,1,1,1,0.7999999999999999,0,1,0.2129135634933541,0,0.13356667006213288,0.15609298252120107,14,LOW
user_3972,15,5,1,0,1,183.04719115459903,37.666100550561325,16.73929168604921,0,1,1,0,1,1,1,0.7999999999999999,0,1,0.2129135634933541,0,0.13356667006213288,0.15609298252120107,14,LOW
user_3973,14,1,0,1,1,253.51951077243032,1.90772923078348,5.066952938012978,0,1,1,1,0,1,1,0.85,0,1,0.2332993702223167,0,0.24213381063915532,0.10695635049384,19,LOW
user_3974,15,6,2,0,1,287.0267670185378,21.709474748494912,7.793001189621292,0,1,1,0,2,1,1,0.95,0,1,0.1483955927109178,0,0.007188301157192252,0.31160293273497597,13,LOW
user_3975,14,1,0,0,1,277.7788808057937,67.26828000264048,7.763451673643937,0,1,1,0,0,1,2,0.75,0,1,0.2193048404666994,0,0.33007420523328185,0.14068786125229182,25,LOW
user_3976,15,6,0,0,1,169.78877547345868,2.854479917716869,2.4873833270882493,0,1,1,0,0,1,1,0.65,0,1,0.2776734227293848,0,0.2018966446523599,0.0,12,LOW
user_3977,18,0,0,1,1,248.81179256738488,592.0849132490414,1.2515393474326766,0,1,1,1,0,1,3,1.05,0,1,0.0596166766321488,0,0.07429146882479426,0.5255898987230732,25,LOW
user_3978,15,3,0,0,1,199.3612483049887,31.52278381017512,7.843249812897486,0,1,1,0,0,1,1,0.65,0,1,0.2776734227293848,0,0.2018966446523599,0.0,12,LOW
user_3979,10,2,0,0,1,300.66300093917,9.465070877409705,1.2799614254212337,0,1,1,0,0,1,1,0.65,0,1,0.2776734227293848,0,0.2018966446523599,0.0,12,LOW
user_3980,18,2,0,0,1,230.3212366335877,26.86598938059152,4.247836001217999,0,1,1,0,0,1,1,0.65,0,1,0.2776734227293848,0,0.2018966446523599,0.0,12,LOW
user_3981,18,1,0,0,1,148.82919970553493,451.5223058203749,2.058972912433383,0,1,1,0,0,1,3,0.8500000000000001,0,1,0.1140437691094343,0,0.29646344472155617,0.3944023499087308,34,MEDIUM
user_3982,23,3,0,0,1,226.811837663536,106.83676576263208,12.27296391092777,0,3,1,0,0,1,2,1.25,0,1,0.0406781887288436,0,0.004507732605558692,0.5712380069206875,23,LOW
user_3983,10,1,0,2,1,267.50835415193285,54.968336693321376,20.55794185423388,0,1,1,2,0,1,2,1.15,0,1,0.0682545724467911,0,0.5708054293276346,0.5047696724853863,54,MEDIUM
user_3984,14,3,0,0,1,254.640363788568,28.335744717026174,8.62547639093533,0,1,1,0,0,1,1,0.65,0,1,0.2776734227293848,0,0.2018966446523599,0.0,12,LOW
user_3985,7,1,0,0,1,209.2922391808812,7.584266637606643,5.278968569094826,0,2,1,0,0,1,1,0.8999999999999999,0,1,0.190136950224284,0,0.20789731048021395,0.21099226023493423,21,LOW
user_3986,15,6,0,0,1,204.8835966077312,7.59217551483351,56.96600572758005,0,1,2,0,0,1,1,0.85,0,1,0.0725673737099781,0,0.033557155468056085,0.4943743748406145,22,LOW
user_3987,12,0,1,1,1,180.74973610702105,53.4784724593881,0.2143728056561229,0,1,1,1,1,1,2,1.1,0,1,0.0660906907717865,0,0.06773171811602267,0.5099853531316857,24,LOW
user_3988,19,1,0,0,1,216.3150227798816,22.00747351718718,3.628958022794692,0,2,1,0,0,1,1,0.8999999999999999,0,1,0.190136950224284,0,0.20789731048021395,0.21099226023493423,21,LOW
user_3989,11,1,0,0,1,188.65926200845183,38.93083744975007,3.266629193791063,0,1,1,0,0,1,1,0.65,0,1,0.2776734227293848,0,0.2018966446523599,0.0,12,LOW
user_3990,8,2,0,0,0,298.20515917063886,14.939753350598906,4.403727489151523,0,2,1,0,0,1,1,0.8999999999999999,1,1,0.190136950224284,0,0.04363754974933547,0.21099226023493423,11,LOW
user_3991,12,1,0,0,1,185.93175655610304,2.719537810881384,2.6213875340307613,0,1,1,0,0,1,1,0.65,0,1,0.2776734227293848,0,0.2018966446523599,0.0,12,LOW
user_3992,8,2,2,0,1,247.33706774173208,10.112381647915411,3.068823373913774,0,2,1,0,2,1,1,1.2000000000000002,0,1,0.0458866002061858,0,0.0031251686909581646,0.5586839882540799,23,LOW
user_3993,16,4,0,0,1,243.25823419958,4.393060306767619,2.979709686337231,0,1,1,0,0,1,1,0.65,0,1,0.2776734227293848,0,0.2018966446523599,0.0,12,LOW
user_3994,7,3,0,0,0,296.7400468730947,38.06234032444176,7.047017800841383,0,2,1,0,0,1,1,0.8999999999999999,1,1,0.190136950224284,0,0.04363754974933547,0.21099226023493423,11,LOW
user_3995,14,3,1,0,1,305.36209733750223,30.14202236179963,4.960277822792106,0,1,1,0,1,1,1,0.7999999999999999,0,1,0.2129135634933541,0,0.13356667006213288,0.15609298252120107,14,LOW
user_3996,4,0,0,2,1,281.7581965968797,2.31420393033848,10.196535275953083,1,3,1,2,0,1,1,1.5500000000000005,0,1,0.0178213557717713,0,0.9935488642050614,0.6263306409898065,85,HIGH
user_3997,13,3,0,0,1,261.1757005974078,397.15250359327325,7.2237242776458865,0,1,1,0,0,1,3,0.8500000000000001,0,1,0.1140437691094343,0,0.29646344472155617,0.3944023499087308,34,MEDIUM
user_3998,18,0,0,1,1,177.08123123435652,51.81373507710324,2.026326606429788,0,1,1,1,0,1,2,0.95,0,1,0.1509357020843734,0,0.04950631867309361,0.30548041714105467,15,LOW
user_3999,15,4,0,0,1,175.86779473570454,29.88063729646724,16.60967966081164,0,1,1,0,0,1,1,0.65,0,1,0.2776734227293848,0,0.2018966446523599,0.0,12,LOW
user_4000,11,1,0,0,1,189.25855081410305,17.89054191521891,6.390287574562982,0,1,1,0,0,1,1,0.65,0,1,0.2776734227293848,0,0.2018966446523599,0.0,12,LOW
user_4001,4,2,0,0,1,285.1152599776749,61.44678943008857,1.663279604258976,0,3,1,0,0,1,2,1.25,0,1,0.0406781887288436,0,0.004507732605558692,0.5712380069206875,23,LOW
user_4002,14,1,2,0,0,244.39979569503816,54.53060045090764,5206.354249167995,1,1,4,0,2,1,2,1.65,1,-1,-0.0795610185938726,1,1.0,0.8610548272226302,94,HIGH
user_4003,15,4,0,2,1,292.11943444413373,13.739372760899208,15.943936986427012,0,1,1,2,0,1,1,1.05,0,1,0.1541262400811022,0,0.4301355521591885,0.2977901503981718,38,MEDIUM
user_4004,9,0,0,2,1,300.16816405920497,48.34348933798756,12.140001916989862,0,1,1,2,0,1,1,1.05,0,1,0.1541262400811022,0,0.4301355521591885,0.2977901503981718,38,MEDIUM
user_4005,15,3,0,0,1,196.4428859820452,38.19642949759233,7.062890631307419,0,1,1,0,0,1,1,0.65,0,1,0.2776734227293848,0,0.2018966446523599,0.0,12,LOW
user_4006,5,0,0,0,1,241.92445965343123,42.35134474325616,3.654007745838848,0,3,1,0,0,1,1,1.15,0,1,0.0815285198183811,0,0.0013513513513513514,0.47277500697029895,19,LOW
user_4007,12,3,0,0,1,239.22037927898447,114.6281116708475,6.171533418226939,0,1,1,0,0,1,2,0.75,0,1,0.2193048404666994,0,0.33007420523328185,0.14068786125229182,25,LOW
user_4008,12,5,0,1,1,220.33273862254708,443.2444487246902,10.119306931800416,0,1,1,1,0,1,3,1.05,0,1,0.0596166766321488,0,0.07429146882479426,0.5255898987230732,25,LOW
user_4009,15,2,0,0,1,207.9094287285173,0.8658455546967283,21.143006614390305,0,1,1,0,0,1,1,0.65,0,1,0.2776734227293848,0,0.2018966446523599,0.0,12,LOW
user_4010,14,2,0,0,1,311.0853302046634,5.748978587794427,8.11633165504437,0,1,1,0,0,1,1,0.65,0,1,0.2776734227293848,0,0.2018966446523599,0.0,12,LOW
user_4011,9,5,0,0,1,243.11830360293004,0.8957356602571735,3.239800031842992,0,1,1,0,0,1,1,0.65,0,1,0.2776734227293848,0,0.2018966446523599,0.0,12,LOW
user_4012,11,2,0,1,1,240.78868731358608,5.265358330810123,0.4368015297219323,0,1,1,1,0,1,1,0.85,0,1,0.2332993702223167,0,0.24213381063915532,0.10695635049384,19,LOW
user_4013,14,2,0,0,1,191.83333950788423,1.5851992961960517,1.9292362775466432,0,1,1,0,0,1,1,0.65,0,1,0.2776734227293848,0,0.2018966446523599,0.0,12,LOW
user_4014,13,3,0,0,1,280.5127458248103,17.409662596991698,10.503297409211331,0,1,1,0,0,1,1,0.65,0,1,0.2776734227293848,0,0.2018966446523599,0.0,12,LOW
user_4015,12,3,0,0,1,179.6935499497191,0.715291261462814,1.748737210951986,0,1,1,0,0,1,1,0.65,0,1,0.2776734227293848,0,0.2018966446523599,0.0,12,LOW
user_4016,3,0,0,0,1,267.29433173068094,0.01,6.568915380091016,0,3,1,0,0,1,1,1.15,0,1,0.0815285198183811,0,0.0013513513513513514,0.47277500697029895,19,LOW
user_4017,16,4,1,0,1,268.93376160330973,57.27652061003501,12.004955751552696,0,1,1,0,1,1,2,0.8999999999999999,0,1,0.1194195039721256,0,0.26547768987979625,0.3814450257597952,31,MEDIUM
user_4018,12,2,0,1,1,215.24909704058587,34.51536430007708,3.684943782166889,0,1,1,1,0,1,1,0.85,0,1,0.2332993702223167,0,0.24213381063915532,0.10695635049384,19,LOW
user_4019,13,0,0,1,1,259.0591248709908,72.04042050457382,11.059568635701469,0,1,1,1,0,1,2,0.95,0,1,0.1509357020843734,0,0.04950631867309361,0.30548041714105467,15,LOW
user_4020,20,4,0,0,1,251.14017354266923,6.4254844932507655,8.700563586907505,0,2,1,0,0,1,1,0.8999999999999999,0,1,0.190136950224284,0,0.20789731048021395,0.21099226023493423,21,LOW
user_4021,9,2,1,1,1,237.63836251139105,18.93338761720685,5.779258355502411,0,1,1,1,1,1,1,1.0,0,1,0.1244119810262747,0,0.2600647053805528,0.3694114814818421,30,LOW
user_4022,8,0,0,0,1,240.77663880871395,9.589390508968933,22.754124254474007,0,2,1,0,0,1,1,0.8999999999999999,0,1,0.190136950224284,0,0.20789731048021395,0.21099226023493423,21,LOW
user_4023,16,3,0,0,1,243.70690939161128,17.021563452492668,11.778467169766325,0,1,1,0,0,1,1,0.65,0,1,0.2776734227293848,0,0.2018966446523599,0.0,12,LOW
user_4024,11,4,1,2,1,247.79470036032288,20.3589174116312,4.4722040231801365,0,1,1,2,1,1,1,1.2000000000000002,0,1,0.0547880072036045,0,0.4121174521254879,0.5372286116789389,46,MEDIUM
user_4025,13,4,0,0,1,243.6145218806224,0.9214271105176268,16.30991192208755,0,1,1,0,0,1,1,0.65,0,1,0.2776734227293848,0,0.2018966446523599,0.0,12,LOW
user_4026,11,6,0,0,1,173.7681485872715,6.640061940109433,13.39800981760305,0,1,1,0,0,1,1,0.65,0,1,0.2776734227293848,0,0.2018966446523599,0.0,12,LOW
user_4027,13,4,0,2,1,230.8673429396637,30.500249481848574,15.68698955800584,0,1,1,2,0,1,1,1.05,0,1,0.1541262400811022,0,0.4301355521591885,0.2977901503981718,38,MEDIUM
user_4028,18,0,0,0,1,255.8969160718123,37.06220598119766,10.243102880961748,0,1,1,0,0,1,1,0.65,0,1,0.2776734227293848,0,0.2018966446523599,0.0,12,LOW
user_4029,16,2,0,0,1,245.8373237123575,21.06737484964992,4.770211801021096,0,1,1,0,0,1,1,0.65,0,1,0.2776734227293848,0,0.2018966446523599,0.0,12,LOW
user_4030,16,4,1,1,1,297.2250155637083,7.896176122709495,4.285984048052775,0,1,1,1,1,1,1,1.0,0,1,0.1244119810262747,0,0.2600647053805528,0.3694114814818421,30,LOW
user_4031,9,2,0,0,1,277.20519536996727,12.983381401845548,10.617540584792511,0,1,1,0,0,1,1,0.65,0,1,0.2776734227293848,0,0.2018966446523599,0.0,12,LOW
user_4032,20,3,0,0,1,187.77542789681183,0.01,1.4029709470556329,0,2,1,0,0,1,1,0.8999999999999999,0,1,0.190136950224284,0,0.20789731048021395,0.21099226023493423,21,LOW
user_4033,5,3,0,0,1,230.0023735167363,76.53591580645285,17.143227106999223,0,3,1,0,0,1,2,1.25,0,1,0.0406781887288436,0,0.004507732605558692,0.5712380069206875,23,LOW
user_4034,11,2,0,0,1,221.31980079316872,50.75247324587898,4.625679569005832,0,1,1,0,0,1,2,0.75,0,1,0.2193048404666994,0,0.33007420523328185,0.14068786125229182,25,LOW
user_4035,16,5,0,0,1,239.73909080236896,1.6963294646138938,9.952581557376252,0,1,1,0,0,1,1,0.65,0,1,0.2776734227293848,0,0.2018966446523599,0.0,12,LOW
user_4036,15,2,0,0,1,239.821116009678,4.552759447094674,6.9127676075302,0,1,1,0,0,1,1,0.65,0,1,0.2776734227293848,0,0.2018966446523599,0.0,12,LOW
user_4037,3,2,0,2,1,276.69130015439094,21.75274452743769,7.325670169482223,1,3,1,2,0,1,1,1.5500000000000005,0,1,0.0178213557717713,0,0.9935488642050614,0.6263306409898065,85,HIGH
user_4038,13,6,0,0,1,250.6397017884686,6.613142376112371,13.394342342799693,0,1,1,0,0,1,1,0.65,0,1,0.2776734227293848,0,0.2018966446523599,0.0,12,LOW
user_4039,11,2,0,0,1,313.832700312513,68.1047555886994,9.852926757364168,0,1,1,0,0,1,2,0.75,0,1,0.2193048404666994,0,0.33007420523328185,0.14068786125229182,25,LOW
user_4040,14,0,0,0,1,254.4601882597416,35.22276281549872,2.880941418016463,0,1,1,0,0,1,1,0.65,0,1,0.2776734227293848,0,0.2018966446523599,0.0,12,LOW
user_4041,16,2,0,1,1,190.16456877976336,7.9807465620828815,0.7712506052420959,0,1,1,1,0,1,1,0.85,0,1,0.2332993702223167,0,0.24213381063915532,0.10695635049384,19,LOW
user_4042,9,4,0,0,1,211.9631627899068,0.1530025215188972,18.340454558951176,0,1,1,0,0,1,1,0.65,0,1,0.2776734227293848,0,0.2018966446523599,0.0,12,LOW
user_4043,14,4,0,1,1,276.2273442439055,582.4414911859398,21.619024854468783,0,1,1,1,0,1,3,1.05,0,1,0.0596166766321488,0,0.07429146882479426,0.5255898987230732,25,LOW
user_4044,16,4,1,0,0,143.14990412965886,13.79508440627678,1.7972078124532702,0,1,1,0,1,1,1,0.7999999999999999,1,1,0.2129135634933541,0,0.04680970107273437,0.15609298252120107,9,LOW
user_4045,12,3,0,0,1,159.2471751143973,25.706947765134668,3.7030609440267295,0,1,1,0,0,1,1,0.65,0,1,0.2776734227293848,0,0.2018966446523599,0.0,12,LOW
user_4046,16,1,0,0,1,240.64183242751383,8.455963780665824,3.3176267872356617,0,1,1,0,0,1,1,0.65,0,1,0.2776734227293848,0,0.2018966446523599,0.0,12,LOW
user_4047,22,4,0,0,1,297.05532711126995,3.854237064714048,27.71766032584214,0,2,1,0,0,1,1,0.8999999999999999,0,1,0.190136950224284,0,0.20789731048021395,0.21099226023493423,21,LOW
user_4048,13,4,1,0,1,318.42212591729265,28.12223251243736,2.2913318079815803,0,1,1,0,1,1,1,0.7999999999999999,0,1,0.2129135634933541,0,0.13356667006213288,0.15609298252120107,14,LOW
user_4049,15,1,0,0,1,226.9736551786937,14.960683380884737,1.821686470050507,0,1,1,0,0,1,1,0.65,0,1,0.2776734227293848,0,0.2018966446523599,0.0,12,LOW
user_4050,11,0,0,1,1,303.64972121915304,6.7025325306966765,2.00695589908703,0,1,1,1,0,1,1,0.85,0,1,0.2332993702223167,0,0.24213381063915532,0.10695635049384,19,LOW
user_4051,14,6,0,0,1,244.33607458613383,3.701713659598153,13.088489043459166,0,1,1,0,0,1,1,0.65,0,1,0.2776734227293848,0,0.2018966446523599,0.0,12,LOW
user_4052,15,4,0,1,1,148.11510106540618,21.7160777921822,21.89433604157509,0,1,1,1,0,1,1,0.85,0,1,0.2332993702223167,0,0.24213381063915532,0.10695635049384,19,LOW
user_4053,14,4,1,0,1,239.51540781129785,32.32464915308837,4.998319605305952,0,1,1,0,1,1,1,0.7999999999999999,0,1,0.2129135634933541,0,0.13356667006213288,0.15609298252120107,14,LOW
user_4054,10,4,0,0,1,202.8655125227069,8.347931258814327,1.4627499636030203,0,1,1,0,0,1,1,0.65,0,1,0.2776734227293848,0,0.2018966446523599,0.0,12,LOW
user_4055,14,3,0,0,1,295.09385282866447,486.4040209200639,8.812180266700597,0,1,1,0,0,1,3,0.8500000000000001,0,1,0.1140437691094343,0,0.29646344472155617,0.3944023499087308,34,MEDIUM
user_4056,3,3,0,0,1,238.4594843787308,0.01,2.356400056809554,0,3,1,0,0,1,1,1.15,0,1,0.0815285198183811,0,0.0013513513513513514,0.47277500697029895,19,LOW
user_4057,15,3,0,1,1,163.32521360661178,10.32794631112353,0.6630161833665611,0,1,1,1,0,1,1,0.85,0,1,0.2332993702223167,0,0.24213381063915532,0.10695635049384,19,LOW
user_4058,16,0,1,0,1,150.01711134548646,34.15075549863237,21.73588528021846,0,1,1,0,1,1,1,0.7999999999999999,0,1,0.2129135634933541,0,0.13356667006213288,0.15609298252120107,14,LOW
user_4059,13,4,0,0,1,238.74120255513293,26.980796677432046,20.46713214943892,0,1,1,0,0,1,1,0.65,0,1,0.2776734227293848,0,0.2018966446523599,0.0,12,LOW
user_4060,16,2,0,0,1,94.78695171241768,7.885707483725481,37.259651149002615,1,1,1,0,0,2,1,0.75,0,1,0.0934671910539906,0,0.40261253039389167,0.44399880482146026,42,MEDIUM
user_4061,14,3,0,0,1,208.910082610326,3.256561436834297,6.424631060307858,0,1,1,0,0,1,1,0.65,0,1,0.2776734227293848,0,0.2018966446523599,0.0,12,LOW
user_4062,11,2,0,1,1,253.8618195445705,1.085045092204951,3.4814173867223626,0,1,1,1,0,1,1,0.85,0,1,0.2332993702223167,0,0.24213381063915532,0.10695635049384,19,LOW
user_4063,14,2,0,0,1,176.57900975667852,45.49088750062939,14.687361751541214,0,1,1,0,0,1,1,0.65,0,1,0.2776734227293848,0,0.2018966446523599,0.0,12,LOW
user_4064,11,0,0,0,1,299.6392294143198,1.9528753059507225,1.9905469666107525,0,1,1,0,0,1,1,0.65,0,1,0.2776734227293848,0,0.2018966446523599,0.0,12,LOW
user_4065,12,1,0,0,1,311.4603929850415,3.0498170005306013,2.787779346298321,1,1,1,0,0,1,1,0.65,0,1,0.2776734227293848,0,0.2018966446523599,0.0,12,LOW
user_4066,14,0,0,1,1,178.9979428348829,6.785726127188671,2.9528775742918496,0,1,1,1,0,1,1,0.85,0,1,0.2332993702223167,0,0.24213381063915532,0.10695635049384,19,LOW
user_4067,14,1,0,0,1,222.1173495482108,14.749864203984256,30.28656576937476,1,1,1,0,0,1,1,0.65,0,1,0.2776734227293848,0,0.2018966446523599,0.0,12,LOW
user_4068,10,6,1,0,1,299.6815890792883,38.990858957051486,13.08677678782228,0,1,1,0,1,1,1,0.7999999999999999,0,1,0.2129135634933541,0,0.13356667006213288,0.15609298252120107,14,LOW
user_4069,17,0,0,0,1,239.92154794469465,7.108203444302904,1.4351799900189668,0,1,1,0,0,1,1,0.65,0,1,0.2776734227293848,0,0.2018966446523599,0.0,12,LOW
user_4070,15,1,0,1,1,156.3312853140588,19.6046161951604,0.9744291841164768,0,1,1,1,0,1,1,0.85,0,1,0.2332993702223167,0,0.24213381063915532,0.10695635049384,19,LOW
user_4071,11,3,0,0,1,231.4007358861388,2.3680032043519827,18.50330891902438,0,1,1,0,0,1,1,0.65,0,1,0.2776734227293848,0,0.2018966446523599,0.0,12,LOW
user_4072,9,3,0,0,1,5.786131445660335,1613.5090878700792,16.20874678861498,1,1,1,0,0,3,4,1.15,0,-1,-0.0665595353490385,1,1.0,0.8297168916429857,93,HIGH
user_4073,13,0,0,0,1,306.49187378555314,4.88939498828565,11.116810481347969,0,1,1,0,0,1,1,0.65,0,1,0.2776734227293848,0,0.2018966446523599,0.0,12,LOW
user_4074,12,4,0,0,0,276.35592565947536,5.930794363683104,2.182812071880662,0,1,1,0,0,1,1,0.65,1,1,0.2776734227293848,0,0.15500519134380158,0.0,9,LOW
user_4075,14,4,0,0,1,221.17458328406232,11.425346434969937,6.544718832135797,0,1,1,0,0,1,1,0.65,0,1,0.2776734227293848,0,0.2018966446523599,0.0,12,LOW
user_4076,12,1,1,0,1,248.52888075180243,35.818689814712215,9.231289227422222,0,1,1,0,1,1,1,0.7999999999999999,0,1,0.2129135634933541,0,0.13356667006213288,0.15609298252120107,14,LOW
user_4077,7,1,0,0,1,161.51270538165082,34.06312069263128,26.90272075261444,0,2,1,0,0,1,1,0.8999999999999999,0,1,0.190136950224284,0,0.20789731048021395,0.21099226023493423,21,LOW
user_4078,12,5,0,0,1,194.7733524865433,13.402430969375112,1.8563553017976275,0,1,1,0,0,1,1,0.65,0,1,0.2776734227293848,0,0.2018966446523599,0.0,12,LOW
user_4079,13,4,0,0,1,333.1967512615496,3.158111460948402,7.245280645055983,0,1,1,0,0,1,1,0.65,0,1,0.2776734227293848,0,0.2018966446523599,0.0,12,LOW
user_4080,15,3,0,0,1,243.21087915478003,8.236627799862331,1.7168034253092328,0,1,1,0,0,1,1,0.65,0,1,0.2776734227293848,0,0.2018966446523599,0.0,12,LOW
user_4081,11,0,0,1,1,295.8051482874819,17.597912882403282,5.867160512469725,0,1,1,1,0,1,1,0.85,0,1,0.2332993702223167,0,0.24213381063915532,0.10695635049384,19,LOW
user_4082,19,2,0,1,1,253.9207853044817,50.89265638242125,2.233122838373949,0,2,1,1,0,1,2,1.2,0,1,0.0656383015143167,0,0.07883070542961215,0.5110757629826652,25,LOW
user_4083,8,3,0,0,1,318.85691058177144,86.25019781647245,18.090249127878145,0,2,1,0,0,1,2,1.0,0,1,0.1157188029811144,0,0.21090605726134576,0.39036495643785196,28,LOW
user_4084,17,1,0,0,1,120.0697480440468,25.36626571643037,2.9401713349386167,0,1,1,0,0,1,1,0.65,0,1,0.2776734227293848,0,0.2018966446523599,0.0,12,LOW
user_4085,13,2,0,1,1,228.7069449588596,10.795990335681328,5.397477249635784,0,1,1,1,0,1,1,0.85,0,1,0.2332993702223167,0,0.24213381063915532,0.10695635049384,19,LOW
user_4086,16,3,0,0,1,338.68689877298334,29.559641779247443,5.2389001329920815,0,1,1,0,0,1,1,0.65,0,1,0.2776734227293848,0,0.2018966446523599,0.0,12,LOW
user_4087,14,1,0,0,0,297.37040613363865,10.245494491829836,20.12119099412385,0,1,1,0,0,1,1,0.65,1,1,0.2776734227293848,0,0.15500519134380158,0.0,9,LOW
user_4088,17,4,1,1,1,319.5223355274115,24.552314828354856,14.179809802559172,0,1,1,1,1,1,1,1.0,0,1,0.1244119810262747,0,0.2600647053805528,0.3694114814818421,30,LOW
user_4089,12,4,0,0,1,239.5941243806105,6.985129571579937,0.5929945731341512,0,1,1,0,0,1,1,0.65,0,1,0.2776734227293848,0,0.2018966446523599,0.0,12,LOW
user_4090,10,1,0,0,0,207.773615075197,7.7648540698993855,0.6944382011489231,0,1,1,0,0,1,1,0.65,1,1,0.2776734227293848,0,0.15500519134380158,0.0,9,LOW
user_4091,18,4,0,0,1,178.3701324187243,1.9551362814435824,8.011717864919197,0,1,1,0,0,1,1,0.65,0,1,0.2776734227293848,0,0.2018966446523599,0.0,12,LOW
user_4092,13,0,1,0,1,174.18431450030937,13.624264273618472,5.581251972939779,0,1,1,0,1,1,1,0.7999999999999999,0,1,0.2129135634933541,0,0.13356667006213288,0.15609298252120107,14,LOW
user_4093,14,4,0,0,1,288.4236337325111,24.069790841414072,3.223897704062029,0,1,1,0,0,1,1,0.65,0,1,0.2776734227293848,0,0.2018966446523599,0.0,12,LOW
user_4094,17,0,0,1,1,270.7926630252511,38.873144678649375,15.732069439600558,0,1,1,1,0,1,1,0.85,0,1,0.2332993702223167,0,0.24213381063915532,0.10695635049384,19,LOW
user_4095,10,0,2,0,0,236.0055930401784,41.56418344983566,1.376945286323181,0,1,1,0,2,1,1,0.95,1,1,0.1483955927109178,0,0.0018309859154929577,0.31160293273497597,13,LOW
user_4096,15,3,0,0,1,270.49143929110085,122.13682053020683,36.51850096772233,0,1,1,0,0,1,2,0.75,0,1,0.2193048404666994,0,0.33007420523328185,0.14068786125229182,25,LOW
user_4097,12,2,0,1,1,248.54710554312365,2.2961870073679576,0.2439772549481019,0,1,1,1,0,1,1,0.85,0,1,0.2332993702223167,0,0.24213381063915532,0.10695635049384,19,LOW
user_4098,13,5,0,0,1,297.733062083969,16.987851800774436,1.2582484972594077,0,1,1,0,0,1,1,0.65,0,1,0.2776734227293848,0,0.2018966446523599,0.0,12,LOW
user_4099,0,2,0,0,1,297.16120529449023,0.01,3.729736989162001,0,3,1,0,0,1,1,1.15,0,1,0.0815285198183811,0,0.0013513513513513514,0.47277500697029895,19,LOW
user_4100,9,1,0,0,1,176.04755397090946,40.80914732725819,7.116148536253872,0,1,1,0,0,1,1,0.65,0,1,0.2776734227293848,0,0.2018966446523599,0.0,12,LOW
user_4101,11,2,0,1,1,256.4187592481874,7.743370263761349,2.435199452441255,0,1,1,1,0,1,1,0.85,0,1,0.2332993702223167,0,0.24213381063915532,0.10695635049384,19,LOW
user_4102,18,2,0,0,1,139.86799498835506,1.7973998924468553,13.32621465874846,0,1,1,0,0,1,1,0.65,0,1,0.2776734227293848,0,0.2018966446523599,0.0,12,LOW
user_4103,1,1,0,0,1,247.98124428543576,50.780560146956034,4.424536836796978,0,3,1,0,0,1,2,1.25,0,1,0.0406781887288436,0,0.004507732605558692,0.5712380069206875,23,LOW
user_4104,13,3,1,0,1,276.25825678209515,103.26665039756683,0.393005830756137,0,1,1,0,1,1,2,0.8999999999999999,0,1,0.1194195039721256,0,0.26547768987979625,0.3814450257597952,31,MEDIUM
user_4105,14,4,0,0,1,161.17683931241035,57.42531565780801,21.01457871724568,0,1,1,0,0,1,2,0.75,0,1,0.2193048404666994,0,0.33007420523328185,0.14068786125229182,25,LOW
user_4106,13,4,0,0,1,215.0122358723501,12.573377604984492,28.800077656316205,0,1,1,0,0,1,1,0.65,0,1,0.2776734227293848,0,0.2018966446523599,0.0,12,LOW
user_4107,18,6,0,0,1,240.5715826331881,52.24174152431824,9.638112113317131,0,1,1,0,0,1,2,0.75,0,1,0.2193048404666994,0,0.33007420523328185,0.14068786125229182,25,LOW
user_4108,13,1,0,0,1,254.0348949824034,0.8325730339019877,16.426658388242057,0,1,1,0,0,1,1,0.65,0,1,0.2776734227293848,0,0.2018966446523599,0.0,12,LOW
user_4109,5,3,0,2,1,223.2837778065099,9.429379613243906,1.2909728205989992,1,3,1,2,0,1,1,1.5500000000000005,0,1,0.0178213557717713,0,0.9935488642050614,0.6263306409898065,85,HIGH
user_4110,17,2,0,0,1,169.6627108557197,32.439862991916144,3.130959969001216,0,1,1,0,0,1,1,0.65,0,1,0.2776734227293848,0,0.2018966446523599,0.0,12,LOW
user_4111,11,3,0,0,1,236.7595678848445,6.2581238748187165,3.933858880350006,0,1,1,0,0,1,1,0.65,0,1,0.2776734227293848,0,0.2018966446523599,0.0,12,LOW
user_4112,18,2,0,0,0,140.86538598354133,5.528356516262732,32.37884524594948,0,1,1,0,0,1,1,0.65,1,1,0.2776734227293848,0,0.15500519134380158,0.0,9,LOW
user_4113,9,6,0,1,1,5.344875864319672,639.3910100232564,7.178962065516262,1,1,1,1,0,3,3,1.25,0,-1,-0.0451238481195181,1,0.9956032697075936,0.7780496954581945,91,HIGH
user_4114,18,4,0,1,1,213.51758317818425,23.924821013792304,0.0744117581929314,0,1,1,1,0,1,1,0.85,0,1,0.2332993702223167,0,0.24213381063915532,0.10695635049384,19,LOW
user_4115,12,6,0,2,1,231.9440595936348,112.7981860738321,4.783355601729146,0,1,1,2,0,1,2,1.15,0,1,0.0682545724467911,0,0.5708054293276346,0.5047696724853863,54,MEDIUM
user_4116,13,4,2,0,1,206.44068135145903,3.616099195321008,0.0778079287780167,0,1,1,0,2,1,1,0.95,0,1,0.1483955927109178,0,0.007188301157192252,0.31160293273497597,13,LOW
user_4117,8,5,0,0,1,149.53914971062798,11.006399071805417,2.715538220223864,0,2,1,0,0,1,1,0.8999999999999999,0,1,0.190136950224284,0,0.20789731048021395,0.21099226023493423,21,LOW
user_4118,12,4,0,0,1,218.01940076462927,9.32059348111874,6.0641930017717325,0,1,1,0,0,1,1,0.65,0,1,0.2776734227293848,0,0.2018966446523599,0.0,12,LOW
user_4119,10,2,0,0,0,295.84920750223915,53.03415312046236,3.906647587521056,0,1,1,0,0,1,2,0.75,1,1,0.2193048404666994,0,0.06599719639822756,0.14068786125229182,10,LOW
user_4120,12,1,1,0,1,315.68764823932827,7.369228832787934,0.3328196326557774,0,1,1,0,1,1,1,0.7999999999999999,0,1,0.2129135634933541,0,0.13356667006213288,0.15609298252120107,14,LOW
user_4121,13,2,0,0,1,386.360056723156,10.903043854158838,1.236780649583645,0,1,1,0,0,1,1,0.65,0,1,0.2776734227293848,0,0.2018966446523599,0.0,12,LOW
user_4122,21,0,0,0,1,341.49902450385986,165.99833919396207,8.00479775539076,0,2,1,0,0,1,2,1.0,0,1,0.1157188029811144,0,0.21090605726134576,0.39036495643785196,28,LOW
user_4123,14,2,0,0,1,168.18372439991376,37.33596529487637,11.8942876476857,0,1,1,0,0,1,1,0.65,0,1,0.2776734227293848,0,0.2018966446523599,0.0,12,LOW
user_4124,14,2,0,0,1,215.49374392364044,426.0233579248073,5.1843619791133815,1,1,1,0,0,1,3,0.8500000000000001,0,1,0.1140437691094343,0,0.29646344472155617,0.3944023499087308,34,MEDIUM
user_4125,10,2,0,0,1,238.6328619097333,1.7691540772087615,13.148363838240927,0,1,1,0,0,1,1,0.65,0,1,0.2776734227293848,0,0.2018966446523599,0.0,12,LOW
user_4126,11,6,2,0,0,234.866409945978,14.27805033991419,6642.278706756799,1,1,4,0,2,1,1,1.5500000000000005,1,-1,-0.0398435368800551,1,0.9980601933947105,0.7653223742482461,90,HIGH
user_4127,19,5,0,0,1,244.17199979377355,12.417238761332698,1.3017468730606545,0,2,1,0,0,1,1,0.8999999999999999,0,1,0.190136950224284,0,0.20789731048021395,0.21099226023493423,21,LOW
user_4128,11,0,0,2,1,384.4554852928535,4.888489408735774,18.29173003798712,0,1,1,2,0,1,1,1.05,0,1,0.1541262400811022,0,0.4301355521591885,0.2977901503981718,38,MEDIUM
user_4129,18,2,0,0,1,175.07690725245615,3.5851441732037235,4.143242574821251,0,1,1,0,0,1,1,0.65,0,1,0.2776734227293848,0,0.2018966446523599,0.0,12,LOW
user_4130,13,2,1,0,1,197.1881318271421,56.71841513577734,5.660704378436331,1,1,1,0,1,1,2,0.8999999999999999,0,1,0.1194195039721256,0,0.26547768987979625,0.3814450257597952,31,MEDIUM
user_4131,14,2,0,1,1,338.6295558053456,1.7563904573135538,29.48497648461656,0,1,1,1,0,1,1,0.85,0,1,0.2332993702223167,0,0.24213381063915532,0.10695635049384,19,LOW
user_4132,14,4,0,0,1,203.04111941490888,0.01,5.518426510836091,0,1,1,0,0,1,1,0.65,0,1,0.2776734227293848,0,0.2018966446523599,0.0,12,LOW
user_4133,17,2,0,0,1,263.61483902014294,7.027503892961431,0.0349621047933572,0,1,1,0,0,1,1,0.65,0,1,0.2776734227293848,0,0.2018966446523599,0.0,12,LOW
user_4134,13,3,0,0,1,302.07944219209253,595.768481115893,27.801684084181844,0,1,1,0,0,1,3,0.8500000000000001,0,1,0.1140437691094343,0,0.29646344472155617,0.3944023499087308,34,MEDIUM
user_4135,12,4,0,0,1,269.1899410039218,2.231281168464572,0.1421924955523046,0,1,1,0,0,1,1,0.65,0,1,0.2776734227293848,0,0.2018966446523599,0.0,12,LOW
user_4136,12,4,0,0,1,251.50593798614955,0.01,10.855567356822514,0,1,1,0,0,1,1,0.65,0,1,0.2776734227293848,0,0.2018966446523599,0.0,12,LOW
user_4137,15,0,0,0,1,296.31664618163904,55.65267673981138,3.8992288098991033,0,1,1,0,0,1,2,0.75,0,1,0.2193048404666994,0,0.33007420523328185,0.14068786125229182,25,LOW
user_4138,16,3,0,0,1,186.41588660970177,11.865064363077398,6.356158208866608,0,1,1,0,0,1,1,0.65,0,1,0.2776734227293848,0,0.2018966446523599,0.0,12,LOW
user_4139,14,2,0,1,1,210.2182122302399,8.699761934129027,7.924928609863523,0,1,1,1,0,1,1,0.85,0,1,0.2332993702223167,0,0.24213381063915532,0.10695635049384,19,LOW
user_4140,15,1,0,0,1,272.13825530790984,28.281826935358,5.250260700254291,0,1,1,0,0,1,1,0.65,0,1,0.2776734227293848,0,0.2018966446523599,0.0,12,LOW
user_4141,18,0,0,0,1,115.83364444714492,30.31983988509575,14.888534142393896,0,1,1,0,0,2,1,0.75,0,1,0.0934671910539906,0,0.40261253039389167,0.44399880482146026,42,MEDIUM
user_4142,15,2,2,0,1,324.9950294006816,535.2117750176371,26.694028686143334,0,1,1,0,2,1,3,1.15,0,1,0.0057788241369982,0,0.10169334419705707,0.6553571815375012,32,MEDIUM
user_4143,14,1,0,0,0,258.2035425118669,44.38241049843237,0.9037563206634152,0,1,1,0,0,1,1,0.65,1,1,0.2776734227293848,0,0.15500519134380158,0.0,9,LOW
user_4144,9,1,0,1,1,249.181905166869,7.812878786432387,16.107031186449046,0,1,1,1,0,1,1,0.85,0,1,0.2332993702223167,0,0.24213381063915532,0.10695635049384,19,LOW
user_4145,6,3,0,0,1,142.16922734153655,29.035735457195933,1.3773580840731814,0,2,1,0,0,1,1,0.8999999999999999,0,1,0.190136950224284,0,0.20789731048021395,0.21099226023493423,21,LOW
user_4146,15,4,0,1,1,162.8034524760157,3.62291971807213,0.8368294047571669,0,1,1,1,0,1,1,0.85,0,1,0.2332993702223167,0,0.24213381063915532,0.10695635049384,19,LOW
user_4147,13,1,0,0,1,216.0849801419483,17.871087903510485,31.19742343254137,0,1,1,0,0,1,1,0.65,0,1,0.2776734227293848,0,0.2018966446523599,0.0,12,LOW
user_4148,12,0,0,1,1,288.4457910177359,23.725960581055595,6.719686012832923,0,1,1,1,0,1,1,0.85,0,1,0.2332993702223167,0,0.24213381063915532,0.10695635049384,19,LOW
user_4149,14,4,0,0,1,115.40303926808488,4.410433625451109,1.655863244522687,0,1,1,0,0,2,1,0.75,0,1,0.0934671910539906,0,0.40261253039389167,0.44399880482146026,42,MEDIUM
user_4150,13,0,1,0,1,287.3018880466413,1.989789020460509,8.438703385634607,0,1,1,0,1,1,1,0.7999999999999999,0,1,0.2129135634933541,0,0.13356667006213288,0.15609298252120107,14,LOW
user_4151,17,5,0,0,1,218.398120553498,5.414946972305697,3.0548920080757567,0,1,1,0,0,1,1,0.65,0,1,0.2776734227293848,0,0.2018966446523599,0.0,12,LOW
user_4152,14,3,0,0,1,226.59459163550088,13.643569337272709,6.241978080606502,0,1,1,0,0,1,1,0.65,0,1,0.2776734227293848,0,0.2018966446523599,0.0,12,LOW
user_4153,11,1,0,0,1,255.2155765014484,54.695939344348346,9.799219151137088,0,1,1,0,0,1,2,0.75,0,1,0.2193048404666994,0,0.33007420523328185,0.14068786125229182,25,LOW
user_4154,16,1,0,2,1,256.1590342707847,18.97760365554723,20.34619842375298,0,1,1,2,0,1,1,1.05,0,1,0.1541262400811022,0,0.4301355521591885,0.2977901503981718,38,MEDIUM
user_4155,13,0,0,0,1,197.25428460380417,34.50710065896523,0.0308615555219112,0,1,1,0,0,1,1,0.65,0,1,0.2776734227293848,0,0.2018966446523599,0.0,12,LOW
user_4156,15,1,0,0,1,277.49460530813053,4.783387362232607,2.409774604761394,0,1,1,0,0,1,1,0.65,0,1,0.2776734227293848,0,0.2018966446523599,0.0,12,LOW
user_4157,12,0,0,0,1,100.83611160621368,2.800627928578625,1.0122523652134643,0,1,1,0,0,2,1,0.75,0,1,0.0934671910539906,0,0.40261253039389167,0.44399880482146026,42,MEDIUM
user_4158,12,3,0,0,1,212.9748668059408,6.848337390099846,1.0214092805123536,0,1,1,0,0,1,1,0.65,0,1,0.2776734227293848,0,0.2018966446523599,0.0,12,LOW
user_4159,14,0,0,2,1,249.22090579061424,9.41758352676674,29.146577256090165,0,1,1,2,0,1,1,1.05,0,1,0.1541262400811022,0,0.4301355521591885,0.2977901503981718,38,MEDIUM
user_4160,14,2,0,0,1,219.3030410871315,19.85747074960105,27.501688877621508,0,1,1,0,0,1,1,0.65,0,1,0.2776734227293848,0,0.2018966446523599,0.0,12,LOW
user_4161,15,3,0,0,1,130.3853817620411,53.26696470216824,13.835305029021914,0,1,1,0,0,1,2,0.75,0,1,0.2193048404666994,0,0.33007420523328185,0.14068786125229182,25,LOW
user_4162,13,1,0,0,1,285.48164272562826,13.882181223802036,10.301961021545411,0,1,1,0,0,1,1,0.65,0,1,0.2776734227293848,0,0.2018966446523599,0.0,12,LOW
user_4163,8,0,1,0,1,165.09673127237687,18.2867132245124,18.836803451780675,0,2,1,0,1,1,1,1.05,0,1,0.1004614283124124,0,0.02209191694512681,0.4271403470204811,18,LOW
user_4164,12,0,2,0,1,235.94915954830265,0.1156052797085138,0.6018400312433767,0,1,1,0,2,1,1,0.95,0,1,0.1483955927109178,0,0.007188301157192252,0.31160293273497597,13,LOW
user_4165,16,0,0,0,1,249.18207582405736,0.8469887003049544,1.272492161405288,0,1,1,0,0,1,1,0.65,0,1,0.2776734227293848,0,0.2018966446523599,0.0,12,LOW
user_4166,13,4,0,0,1,241.18962922592203,2.187174522532351,3.81425767335809,0,1,1,0,0,1,1,0.65,0,1,0.2776734227293848,0,0.2018966446523599,0.0,12,LOW
user_4167,13,1,1,0,1,310.1406555518289,30.015634121374458,17.867264355966547,0,1,1,0,1,1,1,0.7999999999999999,0,1,0.2129135634933541,0,0.13356667006213288,0.15609298252120107,14,LOW
user_4168,22,4,0,0,1,236.8042464003788,30.56501875689929,6.390995141963584,0,2,1,0,0,1,1,0.8999999999999999,0,1,0.190136950224284,0,0.20789731048021395,0.21099226023493423,21,LOW
user_4169,18,2,0,0,1,265.6473242818164,36.03617173477722,7.003223877771875,0,1,1,0,0,1,1,0.65,0,1,0.2776734227293848,0,0.2018966446523599,0.0,12,LOW
user_4170,9,2,0,0,1,236.6457580109256,22.448959935099424,2.604112314286608,0,1,1,0,0,1,1,0.65,0,1,0.2776734227293848,0,0.2018966446523599,0.0,12,LOW
user_4171,13,2,0,0,0,276.7773650499765,19.665145238619623,10.45225508496454,0,1,1,0,0,1,1,0.65,1,1,0.2776734227293848,0,0.15500519134380158,0.0,9,LOW
user_4172,6,3,0,0,0,323.6097178228514,51.84778285980333,21.878480611429787,0,2,1,0,0,1,2,1.0,1,1,0.1157188029811144,0,0.06680030605137996,0.39036495643785196,20,LOW
user_4173,11,1,0,0,1,248.25250976833163,25.569962406279075,3.997527843278996,0,1,1,0,0,1,1,0.65,0,1,0.2776734227293848,0,0.2018966446523599,0.0,12,LOW
user_4174,13,0,0,0,1,286.91102145498,36.434543395542654,9.654440538733558,0,1,1,0,0,1,1,0.65,0,1,0.2776734227293848,0,0.2018966446523599,0.0,12,LOW
user_4175,15,3,0,0,1,327.31973609293186,8.44122749114143,4.033907073336949,0,1,1,0,0,1,1,0.65,0,1,0.2776734227293848,0,0.2018966446523599,0.0,12,LOW
user_4176,13,1,1,2,1,321.4310548184563,29.07787922056531,15.736804578779974,0,1,1,2,1,1,1,1.2000000000000002,0,1,0.0547880072036045,0,0.4121174521254879,0.5372286116789389,46,MEDIUM
user_4177,14,2,0,0,1,216.88263578332737,5.569825225557967,6.442803278879463,0,1,1,0,0,1,1,0.65,0,1,0.2776734227293848,0,0.2018966446523599,0.0,12,LOW
user_4178,4,3,0,0,1,302.18594134471005,165.6840916341563,4.147112556194824,0,3,1,0,0,1,2,1.25,0,1,0.0406781887288436,0,0.004507732605558692,0.5712380069206875,23,LOW
user_4179,12,2,0,0,1,254.9262696028316,60.69638729393117,5.448114103881147,0,1,1,0,0,1,2,0.75,0,1,0.2193048404666994,0,0.33007420523328185,0.14068786125229182,25,LOW
user_4180,14,3,0,0,1,307.0337998640348,14.57895538903498,0.9566051470027986,0,1,1,0,0,1,1,0.65,0,1,0.2776734227293848,0,0.2018966446523599,0.0,12,LOW
user_4181,12,3,0,1,1,274.118075013777,7.013427407767471,20.10790139961273,0,1,1,1,0,1,1,0.85,0,1,0.2332993702223167,0,0.24213381063915532,0.10695635049384,19,LOW
user_4182,11,4,0,2,1,256.5400845621713,12.736360032937826,31.71731188554201,0,1,1,2,0,1,1,1.05,0,1,0.1541262400811022,0,0.4301355521591885,0.2977901503981718,38,MEDIUM
user_4183,12,3,0,0,1,266.03832482078127,7.194634366538992,6.489660593204045,0,1,1,0,0,1,1,0.65,0,1,0.2776734227293848,0,0.2018966446523599,0.0,12,LOW
user_4184,12,2,0,0,1,255.31427736233587,0.0310036106923258,2.5017719984225755,0,1,1,0,0,1,1,0.65,0,1,0.2776734227293848,0,0.2018966446523599,0.0,12,LOW
user_4185,15,3,2,0,1,257.6599827081906,26.27818953481024,10.925990020372131,0,1,1,0,2,1,1,0.95,0,1,0.1483955927109178,0,0.007188301157192252,0.31160293273497597,13,LOW
user_4186,21,4,0,0,1,230.47005836508544,1.0864345704511147,6.021763649950296,0,2,1,0,0,1,1,0.8999999999999999,0,1,0.190136950224284,0,0.20789731048021395,0.21099226023493423,21,LOW
user_4187,11,2,0,0,1,224.89653956354897,5.905426593745078,2.907535590923888,0,1,1,0,0,1,1,0.65,0,1,0.2776734227293848,0,0.2018966446523599,0.0,12,LOW
user_4188,12,2,0,1,1,345.79049576236014,32.04381456508054,0.3919118281906091,0,1,1,1,0,1,1,0.85,0,1,0.2332993702223167,0,0.24213381063915532,0.10695635049384,19,LOW
user_4189,13,4,0,0,1,268.65167466667106,27.39478282777888,22.045917142671343,0,1,1,0,0,1,1,0.65,0,1,0.2776734227293848,0,0.2018966446523599,0.0,12,LOW
user_4190,15,3,0,2,1,205.601704666116,1.9039147450935867,15.932415448094428,0,1,1,2,0,1,1,1.05,0,1,0.1541262400811022,0,0.4301355521591885,0.2977901503981718,38,MEDIUM
user_4191,14,0,0,2,1,223.35495411422136,26.974266937702208,17.661271478986425,0,1,1,2,0,1,1,1.05,0,1,0.1541262400811022,0,0.4301355521591885,0.2977901503981718,38,MEDIUM
user_4192,17,4,0,1,1,303.37550720687705,493.90243181605865,5.795323414334748,0,1,1,1,0,1,3,1.05,0,1,0.0596166766321488,0,0.07429146882479426,0.5255898987230732,25,LOW
user_4193,6,0,0,0,1,195.8287973946828,1.935595368473847,13.994014527955594,0,2,1,0,0,1,1,0.8999999999999999,0,1,0.190136950224284,0,0.20789731048021395,0.21099226023493423,21,LOW
user_4194,1,4,0,0,1,151.07833909133936,54.27763493135638,8.704221262561497,0,3,1,0,0,1,2,1.25,0,1,0.0406781887288436,0,0.004507732605558692,0.5712380069206875,23,LOW
user_4195,15,4,0,0,1,155.49305156387732,152.98702123749496,4.696441681212163,0,1,1,0,0,1,2,0.75,0,1,0.2193048404666994,0,0.33007420523328185,0.14068786125229182,25,LOW
user_4196,17,6,1,0,1,136.26146398771272,27.544658253655683,18.498680706589003,0,1,1,0,1,1,1,0.7999999999999999,0,1,0.2129135634933541,0,0.13356667006213288,0.15609298252120107,14,LOW
user_4197,9,0,0,0,1,162.0711085041325,6.421080965703868,66.90668468280977,0,1,2,0,0,1,1,0.85,0,1,0.0725673737099781,0,0.033557155468056085,0.4943743748406145,22,LOW
user_4198,4,3,0,0,1,14.1917360824514,787.3161902117188,22.95433797315819,1,3,1,0,0,3,3,1.55,0,-1,-0.099064237907961,1,0.998073717948718,0.9080641275425323,96,HIGH
user_4199,15,2,1,0,1,323.1142427764883,38.34052657155226,14.969666110323772,0,1,1,0,1,1,1,0.7999999999999999,0,1,0.2129135634933541,0,0.13356667006213288,0.15609298252120107,14,LOW
user_4200,14,1,0,0,1,9.50809575703439,1437.264816400555,13.763756038042777,1,1,1,0,0,3,4,1.15,0,-1,-0.0665595353490385,1,1.0,0.8297168916429857,93,HIGH
user_4201,10,0,0,0,1,218.20418765179696,36.48060296487326,10.50533357413011,0,1,1,0,0,1,1,0.65,0,1,0.2776734227293848,0,0.2018966446523599,0.0,12,LOW
user_4202,2,3,0,2,1,153.3952162188856,82.559481001931,19.215321985288224,1,3,1,2,0,1,2,1.65,0,-1,-0.0271042477178731,1,1.0,0.7346164143529743,89,HIGH
user_4203,11,2,0,0,1,231.4124161517196,23.22144824212329,6.794045403523535,0,1,1,0,0,1,1,0.65,0,1,0.2776734227293848,0,0.2018966446523599,0.0,12,LOW
user_4204,14,0,0,0,1,135.76031624614845,66.16171940869336,2.005623249097764,0,1,1,0,0,1,2,0.75,0,1,0.2193048404666994,0,0.33007420523328185,0.14068786125229182,25,LOW
user_4205,12,3,0,0,1,217.8349697228181,29.314735909272404,14.612322590340948,0,1,1,0,0,1,1,0.65,0,1,0.2776734227293848,0,0.2018966446523599,0.0,12,LOW
user_4206,15,4,0,2,1,363.8696633906205,59.89075231173761,25.195772800018386,0,1,1,2,0,1,2,1.15,0,1,0.0682545724467911,0,0.5708054293276346,0.5047696724853863,54,MEDIUM
user_4207,5,4,0,0,1,279.8282147223819,4.406170176717842,4.175664730519734,0,3,1,0,0,1,1,1.15,0,1,0.0815285198183811,0,0.0013513513513513514,0.47277500697029895,19,LOW
user_4208,11,5,0,0,1,227.41211037872816,42.26148377136865,15.277809604640902,0,1,1,0,0,1,1,0.65,0,1,0.2776734227293848,0,0.2018966446523599,0.0,12,LOW
user_4209,10,2,0,0,1,12.596529184538449,580.0813968595446,3.198233854051986,1,1,1,0,0,3,3,1.05,0,-1,-0.0182440342796388,1,1.0,0.7132603280726179,89,HIGH
user_4210,13,6,0,0,1,208.7074093123459,0.6953075815871829,28.57715738014333,0,1,1,0,0,1,1,0.65,0,1,0.2776734227293848,0,0.2018966446523599,0.0,12,LOW
user_4211,12,4,0,0,1,191.9593354272488,18.22382225725549,11.503087970105978,0,1,1,0,0,1,1,0.65,0,1,0.2776734227293848,0,0.2018966446523599,0.0,12,LOW
user_4212,16,1,0,1,1,342.2477777719705,9.57737172529325,8.422877354750455,0,1,1,1,0,1,1,0.85,0,1,0.2332993702223167,0,0.24213381063915532,0.10695635049384,19,LOW
user_4213,5,0,0,2,1,171.4635207647836,1.1126819677097557,15.13537715376806,1,3,1,2,0,1,1,1.5500000000000005,0,1,0.0178213557717713,0,0.9935488642050614,0.6263306409898065,85,HIGH
user_4214,14,2,0,0,1,218.7527258593589,98.1839734602219,16.778836330507954,0,1,1,0,0,1,2,0.75,0,1,0.2193048404666994,0,0.33007420523328185,0.14068786125229182,25,LOW
user_4215,15,2,0,0,1,258.3619969418106,27.450268902377207,22.29054914108933,0,1,1,0,0,1,1,0.65,0,1,0.2776734227293848,0,0.2018966446523599,0.0,12,LOW
user_4216,19,3,0,0,1,183.8259476545531,58.02182587011987,23.138435608445,0,2,1,0,0,1,2,1.0,0,1,0.1157188029811144,0,0.21090605726134576,0.39036495643785196,28,LOW
user_4217,12,3,0,0,1,279.03629721788457,174.848789395493,0.5412976131016243,0,1,1,0,0,1,2,0.75,0,1,0.2193048404666994,0,0.33007420523328185,0.14068786125229182,25,LOW
user_4218,14,4,0,0,1,221.60432852146485,12.438142227248248,1.3114294211645747,0,1,1,0,0,1,1,0.65,0,1,0.2776734227293848,0,0.2018966446523599,0.0,12,LOW
user_4219,8,2,0,0,1,279.8346196540114,7.350453533024198,17.490499156271476,0,2,1,0,0,1,1,0.8999999999999999,0,1,0.190136950224284,0,0.20789731048021395,0.21099226023493423,21,LOW
user_4220,6,0,1,0,1,275.1590507850311,5.079981460604696,29.19728234275472,0,2,1,0,1,1,1,1.05,0,1,0.1004614283124124,0,0.02209191694512681,0.4271403470204811,18,LOW
user_4221,16,4,1,0,1,225.4192721624502,18.09980629352439,3.676952278521264,0,1,1,0,1,1,1,0.7999999999999999,0,1,0.2129135634933541,0,0.13356667006213288,0.15609298252120107,14,LOW
user_4222,13,1,1,0,1,342.6395203554591,23.290235243612216,0.0863902760424033,0,1,1,0,1,1,1,0.7999999999999999,0,1,0.2129135634933541,0,0.13356667006213288,0.15609298252120107,14,LOW
user_4223,7,6,1,0,1,200.0798517939935,152.5007954696669,3.8964863414482487,0,2,1,0,1,1,2,1.15,0,1,0.0482891388139982,0,0.06259772921450295,0.5528930643493671,26,LOW
user_4224,9,0,0,0,1,320.9322282329242,12.245038619529232,4.826660783005329,0,1,1,0,0,1,1,0.65,0,1,0.2776734227293848,0,0.2018966446523599,0.0,12,LOW
user_4225,15,6,0,0,1,310.4959945576825,4.606262303627132,14.314313381489502,0,1,1,0,0,1,1,0.65,0,1,0.2776734227293848,0,0.2018966446523599,0.0,12,LOW
user_4226,19,0,0,0,1,346.25293245962644,14.57861945018635,0.4875406374079141,0,2,1,0,0,1,1,0.8999999999999999,0,1,0.190136950224284,0,0.20789731048021395,0.21099226023493423,21,LOW
user_4227,15,1,0,0,1,250.4433623605813,571.4264046507958,2.390700017180247,0,1,1,0,0,1,3,0.8500000000000001,0,1,0.1140437691094343,0,0.29646344472155617,0.3944023499087308,34,MEDIUM
user_4228,14,0,0,0,1,192.6848572843206,50.07085831681576,22.44019872120685,1,1,1,0,0,1,2,0.75,0,1,0.2193048404666994,0,0.33007420523328185,0.14068786125229182,25,LOW
user_4229,14,3,0,0,1,364.6077951197729,1.2009557911105302,1.6820614101337368,0,1,1,0,0,1,1,0.65,0,1,0.2776734227293848,0,0.2018966446523599,0.0,12,LOW
user_4230,9,4,0,0,1,219.91791192141807,11.976959482246832,14.239864753643086,0,1,1,0,0,1,1,0.65,0,1,0.2776734227293848,0,0.2018966446523599,0.0,12,LOW
user_4231,18,2,0,0,1,191.18744563766788,2.637842880445005,4.483367260144098,0,1,1,0,0,1,1,0.65,0,1,0.2776734227293848,0,0.2018966446523599,0.0,12,LOW
user_4232,12,5,0,0,1,228.61279524571125,37.28920528745133,10.866645922586144,0,1,1,0,0,1,1,0.65,0,1,0.2776734227293848,0,0.2018966446523599,0.0,12,LOW
user_4233,1,3,0,0,1,181.0985570305753,151.43735587774506,0.7671529490143916,0,3,1,0,0,1,2,1.25,0,1,0.0406781887288436,0,0.004507732605558692,0.5712380069206875,23,LOW
user_4234,9,3,1,0,1,271.56892950740075,3.000734275341507,3.3765405781731617,0,1,1,0,1,1,1,0.7999999999999999,0,1,0.2129135634933541,0,0.13356667006213288,0.15609298252120107,14,LOW
user_4235,10,4,0,0,1,203.65989709448925,18.955015128712795,5.5301963110845165,0,1,1,0,0,1,1,0.65,0,1,0.2776734227293848,0,0.2018966446523599,0.0,12,LOW
user_4236,18,1,1,0,1,222.75094980570768,62.00604086663935,19.46398650897434,0,1,1,0,1,1,2,0.8999999999999999,0,1,0.1194195039721256,0,0.26547768987979625,0.3814450257597952,31,MEDIUM
user_4237,1,1,0,0,1,298.06673169989773,0.01,8.289574138187984,0,3,1,0,0,1,1,1.15,0,1,0.0815285198183811,0,0.0013513513513513514,0.47277500697029895,19,LOW
user_4238,7,5,0,1,0,277.4215926105715,0.01,0.4627987531418129,0,2,1,1,0,1,1,1.1,1,1,0.1083396961540713,0,0.2181289391698424,0.4081510789922207,29,LOW
user_4239,13,5,0,0,1,240.9350743541795,31.79377427166458,16.188146031471756,0,1,1,0,0,1,1,0.65,0,1,0.2776734227293848,0,0.2018966446523599,0.0,12,LOW
user_4240,8,6,0,0,1,250.25241172481893,0.76880581806777,0.5606411874791094,0,2,1,0,0,1,1,0.8999999999999999,0,1,0.190136950224284,0,0.20789731048021395,0.21099226023493423,21,LOW
user_4241,16,5,0,0,1,240.7353258378925,3.5348209385232887,27.236700176371777,0,1,1,0,0,1,1,0.65,0,1,0.2776734227293848,0,0.2018966446523599,0.0,12,LOW
user_4242,12,0,0,0,1,214.1306960149581,17.30231193955708,2.378986823807468,0,1,1,0,0,1,1,0.65,0,1,0.2776734227293848,0,0.2018966446523599,0.0,12,LOW
user_4243,8,4,0,0,1,239.8484003491328,0.01,6.692864156287851,0,2,1,0,0,1,1,0.8999999999999999,0,1,0.190136950224284,0,0.20789731048021395,0.21099226023493423,21,LOW
user_4244,14,2,1,1,1,269.45049752957664,344.9755835054856,0.7502636010658464,0,1,1,1,1,1,3,1.2000000000000002,0,1,0.0077556794950734,0,0.7256893311414818,0.6505922970473988,70,MEDIUM
user_4245,9,6,0,0,1,232.43027226126964,582.5083457208141,8.248799318192658,0,1,1,0,0,1,3,0.8500000000000001,0,1,0.1140437691094343,0,0.29646344472155617,0.3944023499087308,34,MEDIUM
user_4246,14,2,0,0,1,265.18605781381643,0.1085683127562285,6.876198856941622,0,1,1,0,0,1,1,0.65,0,1,0.2776734227293848,0,0.2018966446523599,0.0,12,LOW
user_4247,20,3,0,0,1,189.7998732946172,6.628968596795157,5.28054076392806,0,2,1,0,0,1,1,0.8999999999999999,0,1,0.190136950224284,0,0.20789731048021395,0.21099226023493423,21,LOW
user_4248,15,2,0,0,1,203.7663809312577,14.47553042178455,0.3622105035898065,0,1,1,0,0,1,1,0.65,0,1,0.2776734227293848,0,0.2018966446523599,0.0,12,LOW
user_4249,13,1,0,1,1,195.9407698035615,20.700088455642724,21.114390752992485,0,1,1,1,0,1,1,0.85,0,1,0.2332993702223167,0,0.24213381063915532,0.10695635049384,19,LOW
user_4250,17,0,0,0,1,206.0921176924556,61.89454349507795,16.227085734927403,0,1,1,0,0,1,2,0.75,0,1,0.2193048404666994,0,0.33007420523328185,0.14068786125229182,25,LOW
user_4251,14,4,0,0,1,317.23086280236544,55.613646045256914,10.02475233534864,0,1,1,0,0,1,2,0.75,0,1,0.2193048404666994,0,0.33007420523328185,0.14068786125229182,25,LOW
user_4252,14,4,0,1,1,283.5623275866216,25.345528702930736,8.491695704232555,0,1,1,1,0,1,1,0.85,0,1,0.2332993702223167,0,0.24213381063915532,0.10695635049384,19,LOW
user_4253,10,0,0,0,1,175.3846128789393,7.439539922381193,11.87267882943708,0,1,1,0,0,1,1,0.65,0,1,0.2776734227293848,0,0.2018966446523599,0.0,12,LOW
user_4254,14,4,0,0,1,266.2498977845073,38.22962796441237,1.5547323925697465,0,1,1,0,0,1,1,0.65,0,1,0.2776734227293848,0,0.2018966446523599,0.0,12,LOW
user_4255,17,3,0,1,1,216.5650612410858,5.661594281456864,26.97766950175318,0,1,1,1,0,1,1,0.85,0,1,0.2332993702223167,0,0.24213381063915532,0.10695635049384,19,LOW
user_4256,13,2,0,0,1,199.0569248717061,27.39070571965825,3.350159056925732,0,1,1,0,0,1,1,0.65,0,1,0.2776734227293848,0,0.2018966446523599,0.0,12,LOW
user_4257,18,1,0,0,1,150.8556320566496,0.1464258680848806,10.68539848777482,0,1,1,0,0,1,1,0.65,0,1,0.2776734227293848,0,0.2018966446523599,0.0,12,LOW
user_4258,13,4,0,0,1,298.3151216292147,21.08591252064873,9.333241837899465,0,1,1,0,0,1,1,0.65,0,1,0.2776734227293848,0,0.2018966446523599,0.0,12,LOW
user_4259,11,3,0,0,1,158.1682110199717,2.3137740391074786,10.122895929829443,0,1,1,0,0,1,1,0.65,0,1,0.2776734227293848,0,0.2018966446523599,0.0,12,LOW
user_4260,16,3,0,0,1,236.8822093194076,13.08931008783048,21.11569134637563,0,1,1,0,0,1,1,0.65,0,1,0.2776734227293848,0,0.2018966446523599,0.0,12,LOW
user_4261,13,3,0,0,1,183.22132525650787,25.19189651582796,3.5085080386069216,0,1,1,0,0,1,1,0.65,0,1,0.2776734227293848,0,0.2018966446523599,0.0,12,LOW
user_4262,16,0,0,2,1,286.55063682419546,29.247216100232283,13.820959398481447,0,1,1,2,0,1,1,1.05,0,1,0.1541262400811022,0,0.4301355521591885,0.2977901503981718,38,MEDIUM
user_4263,13,2,2,2,0,219.93889042116297,38.49423652535919,14144.889370139274,1,1,4,2,2,1,1,1.9500000000000004,1,-1,-0.0871671985207315,1,1.0,0.8793882721124506,95,HIGH
user_4264,13,1,0,1,1,7.921134125066088,1506.343493480319,0.7910850271310189,1,1,1,1,0,3,4,1.35,0,-1,-0.0937579539195447,1,0.9991397849462365,0.895274203295823,96,HIGH
user_4265,15,1,2,0,1,233.955944224198,7.236068914870255,5.346994847982876,0,1,1,0,2,1,1,0.95,0,1,0.1483955927109178,0,0.007188301157192252,0.31160293273497597,13,LOW
user_4266,14,3,0,2,1,258.154220096147,55.01272880161453,18.198600579621925,0,1,1,2,0,1,2,1.15,0,1,0.0682545724467911,0,0.5708054293276346,0.5047696724853863,54,MEDIUM
user_4267,8,5,0,0,1,240.78028583899857,41.66441870757171,3.7884370648237953,0,2,1,0,0,1,1,0.8999999999999999,0,1,0.190136950224284,0,0.20789731048021395,0.21099226023493423,21,LOW
user_4268,10,2,0,0,1,237.40360866233303,4.360391801719716,6.582895937697323,0,1,1,0,0,1,1,0.65,0,1,0.2776734227293848,0,0.2018966446523599,0.0,12,LOW
user_4269,16,1,0,0,1,208.89588148471333,43.79105359915209,6.706786357732254,0,1,1,0,0,1,1,0.65,0,1,0.2776734227293848,0,0.2018966446523599,0.0,12,LOW
user_4270,13,3,0,0,1,145.51623759947444,89.97095637646407,9.623605000438635,0,1,1,0,0,1,2,0.75,0,1,0.2193048404666994,0,0.33007420523328185,0.14068786125229182,25,LOW
user_4271,12,4,0,0,1,172.8869424274887,25.3489063635944,21.54319063437877,0,1,1,0,0,1,1,0.65,0,1,0.2776734227293848,0,0.2018966446523599,0.0,12,LOW
user_4272,9,4,0,1,1,283.1087843208387,8.27536174306793,1.906027902930304,0,1,1,1,0,1,1,0.85,0,1,0.2332993702223167,0,0.24213381063915532,0.10695635049384,19,LOW
user_4273,10,4,0,0,1,221.6508322004221,23.32281731511631,7.024238413128332,0,1,1,0,0,1,1,0.65,0,1,0.2776734227293848,0,0.2018966446523599,0.0,12,LOW
user_4274,7,2,0,0,1,200.15941333665123,10.484096336509266,5.521117177825298,0,2,1,0,0,1,1,0.8999999999999999,0,1,0.190136950224284,0,0.20789731048021395,0.21099226023493423,21,LOW
user_4275,13,4,0,0,1,155.6563113349173,28.17116406922981,3.5086342088584868,0,1,1,0,0,1,1,0.65,0,1,0.2776734227293848,0,0.2018966446523599,0.0,12,LOW
user_4276,12,0,0,1,1,136.82117159457886,19.675457677530016,25.208428113744866,0,1,1,1,0,1,1,0.85,0,1,0.2332993702223167,0,0.24213381063915532,0.10695635049384,19,LOW
user_4277,11,1,0,0,0,197.8075871923081,66.30023540454165,0.0820465875749749,0,1,1,0,0,1,2,0.75,1,1,0.2193048404666994,0,0.06599719639822756,0.14068786125229182,10,LOW
user_4278,13,2,1,0,1,293.2831712427154,24.052382083155585,1.3022804626339135,0,1,1,0,1,1,1,0.7999999999999999,0,1,0.2129135634933541,0,0.13356667006213288,0.15609298252120107,14,LOW
user_4279,15,2,0,0,1,206.5757883826609,6.019379591958732,13.217975280366652,0,1,1,0,0,1,1,0.65,0,1,0.2776734227293848,0,0.2018966446523599,0.0,12,LOW
user_4280,18,5,0,0,1,264.02913151448683,0.01,3.0576675862840395,0,1,1,0,0,1,1,0.65,0,1,0.2776734227293848,0,0.2018966446523599,0.0,12,LOW
user_4281,9,4,0,2,1,203.8164102361225,8.948261789626818,12.843851342455714,0,1,1,2,0,1,1,1.05,0,1,0.1541262400811022,0,0.4301355521591885,0.2977901503981718,38,MEDIUM
user_4282,17,0,2,0,1,278.3320017617309,7.949784957885591,17.853020277468737,0,1,1,0,2,1,1,0.95,0,1,0.1483955927109178,0,0.007188301157192252,0.31160293273497597,13,LOW
user_4283,16,0,0,0,1,218.89495189147985,12.430326808518537,2.938557797376418,0,1,1,0,0,1,1,0.65,0,1,0.2776734227293848,0,0.2018966446523599,0.0,12,LOW
user_4284,11,1,0,0,1,166.08694526697022,0.3017304991830702,2.131242721734554,0,1,1,0,0,1,1,0.65,0,1,0.2776734227293848,0,0.2018966446523599,0.0,12,LOW
user_4285,14,1,0,1,1,223.8628159260334,86.95789561026874,1.5700548904813358,0,1,1,1,0,1,2,0.95,0,1,0.1509357020843734,0,0.04950631867309361,0.30548041714105467,15,LOW
user_4286,12,3,0,0,1,350.0400250968244,18.999868409149567,2.232543210520084,0,1,1,0,0,1,1,0.65,0,1,0.2776734227293848,0,0.2018966446523599,0.0,12,LOW
user_4287,14,5,0,0,1,347.3930589330513,552.3548573955993,3.108625273892044,0,1,1,0,0,1,3,0.8500000000000001,0,1,0.1140437691094343,0,0.29646344472155617,0.3944023499087308,34,MEDIUM
user_4288,18,6,2,0,0,269.1919981667619,7.455172360723031,6991.309201974716,0,1,4,0,2,1,1,1.5500000000000005,1,-1,-0.0398435368800551,1,0.9980601933947105,0.7653223742482461,90,HIGH
user_4289,15,3,0,0,1,231.77647107517785,34.32143917658293,14.696951582970891,0,1,1,0,0,1,1,0.65,0,1,0.2776734227293848,0,0.2018966446523599,0.0,12,LOW
user_4290,15,4,0,1,1,258.234108125705,20.93528495556886,0.018460197647369,0,1,1,1,0,1,1,0.85,0,1,0.2332993702223167,0,0.24213381063915532,0.10695635049384,19,LOW
user_4291,12,2,1,1,1,259.0111403239974,13.797448782936742,20.724193915731984,0,1,1,1,1,1,1,1.0,0,1,0.1244119810262747,0,0.2600647053805528,0.3694114814818421,30,LOW
user_4292,9,1,1,1,1,237.6067948579739,88.22795034191739,0.8209146295059839,0,1,1,1,1,1,2,1.1,0,1,0.0660906907717865,0,0.06773171811602267,0.5099853531316857,24,LOW
user_4293,18,2,0,1,1,266.456641195357,25.77435441258704,10.649810644135243,0,1,1,1,0,1,1,0.85,0,1,0.2332993702223167,0,0.24213381063915532,0.10695635049384,19,LOW
user_4294,17,3,0,1,1,252.4936117292138,26.784067495047225,1.6425545782226594,0,1,1,1,0,1,1,0.85,0,1,0.2332993702223167,0,0.24213381063915532,0.10695635049384,19,LOW
user_4295,23,4,0,0,1,221.0416568781412,125.86723429184816,0.6429941427091648,0,3,1,0,0,1,2,1.25,0,1,0.0406781887288436,0,0.004507732605558692,0.5712380069206875,23,LOW
user_4296,10,1,2,1,1,168.28459203698142,8.968899355189887,14.261613847749151,0,1,1,1,2,1,1,1.15,0,1,0.0590725335016217,0,0.024931712964170426,0.5269014661842195,23,LOW
user_4297,14,2,0,0,1,212.39644546679008,54.88625619577078,6.296150040970655,0,1,1,0,0,1,2,0.75,0,1,0.2193048404666994,0,0.33007420523328185,0.14068786125229182,25,LOW
user_4298,11,2,0,0,1,287.9711309444158,35.56971222575048,9.139497573722672,0,1,1,0,0,1,1,0.65,0,1,0.2776734227293848,0,0.2018966446523599,0.0,12,LOW
user_4299,11,6,0,0,1,238.1122665302781,19.23742816480325,5.539993724613539,0,1,1,0,0,1,1,0.65,0,1,0.2776734227293848,0,0.2018966446523599,0.0,12,LOW
user_4300,12,2,0,2,1,258.0172134952503,57.60458602011198,0.6953429929093804,0,1,1,2,0,1,2,1.15,0,1,0.0682545724467911,0,0.5708054293276346,0.5047696724853863,54,MEDIUM
user_4301,9,4,0,0,1,223.0190683377353,16.649027990057466,13.456061340880895,0,1,1,0,0,1,1,0.65,0,1,0.2776734227293848,0,0.2018966446523599,0.0,12,LOW
user_4302,11,4,0,1,0,176.42414969936252,20.89699446496321,17.167510062927743,0,1,1,1,0,1,1,0.85,1,1,0.2332993702223167,0,0.5768895551079612,0.10695635049384,39,MEDIUM
user_4303,16,1,0,0,1,225.68221710769063,12.037854441920716,0.4230282278949338,0,1,1,0,0,1,1,0.65,0,1,0.2776734227293848,0,0.2018966446523599,0.0,12,LOW
user_4304,10,3,0,0,1,178.6526459550389,24.192234790237567,4.711518033196892,0,1,1,0,0,1,1,0.65,0,1,0.2776734227293848,0,0.2018966446523599,0.0,12,LOW
user_4305,9,4,0,0,1,174.82264958378693,9.60488052208561,8.149002949680966,0,1,1,0,0,1,1,0.65,0,1,0.2776734227293848,0,0.2018966446523599,0.0,12,LOW
user_4306,12,2,1,0,1,312.3381965321646,12.173340506608104,9.293339833654088,0,1,1,0,1,1,1,0.7999999999999999,0,1,0.2129135634933541,0,0.13356667006213288,0.15609298252120107,14,LOW
user_4307,23,5,0,0,1,214.79483970394705,34.27100069679042,8.631124504021516,0,3,1,0,0,1,1,1.15,0,1,0.0815285198183811,0,0.0013513513513513514,0.47277500697029895,19,LOW
user_4308,13,1,0,0,1,195.510916472398,2.9501331283849512,11.807142403118142,0,1,1,0,0,1,1,0.65,0,1,0.2776734227293848,0,0.2018966446523599,0.0,12,LOW
user_4309,12,0,1,1,1,337.07758106285434,2.78042258411274,34.05693546866924,1,1,1,1,1,1,1,1.0,0,1,0.1244119810262747,0,0.2600647053805528,0.3694114814818421,30,LOW
user_4310,14,4,0,0,1,288.8991021242545,1.1070540232425892,4.9525829440915246,0,1,1,0,0,1,1,0.65,0,1,0.2776734227293848,0,0.2018966446523599,0.0,12,LOW
user_4311,8,4,0,0,1,217.7094464698897,9.643198829773542,8.133361337663443,0,2,1,0,0,1,1,0.8999999999999999,0,1,0.190136950224284,0,0.20789731048021395,0.21099226023493423,21,LOW
user_4312,15,6,0,0,1,265.6581795331421,12.696967690958289,12.009062758142424,0,1,1,0,0,1,1,0.65,0,1,0.2776734227293848,0,0.2018966446523599,0.0,12,LOW
user_4313,15,3,0,0,1,225.85270090435785,2.482131963186408,8.975274240858974,0,1,1,0,0,1,1,0.65,0,1,0.2776734227293848,0,0.2018966446523599,0.0,12,LOW
user_4314,12,5,0,0,1,198.439219243224,19.914460925715257,4.889842754359504,0,1,1,0,0,1,1,0.65,0,1,0.2776734227293848,0,0.2018966446523599,0.0,12,LOW
user_4315,17,4,0,0,1,268.48147346910025,21.88481024996481,9.783770300358976,0,1,1,0,0,1,1,0.65,0,1,0.2776734227293848,0,0.2018966446523599,0.0,12,LOW
user_4316,10,4,0,0,1,220.5418868807878,34.760239788262204,10.501408336815151,0,1,1,0,0,1,1,0.65,0,1,0.2776734227293848,0,0.2018966446523599,0.0,12,LOW
user_4317,17,3,0,0,1,244.52988053996413,93.20934639834718,8.794007985674186,0,1,1,0,0,1,2,0.75,0,1,0.2193048404666994,0,0.33007420523328185,0.14068786125229182,25,LOW
user_4318,14,2,0,0,1,301.2817940939803,24.1470216269014,2.2955236993138746,0,1,1,0,0,1,1,0.65,0,1,0.2776734227293848,0,0.2018966446523599,0.0,12,LOW
user_4319,12,5,0,1,1,294.6727862277226,2.959759439180331,7.051820259726811,0,1,1,1,0,1,1,0.85,0,1,0.2332993702223167,0,0.24213381063915532,0.10695635049384,19,LOW
user_4320,11,2,0,0,1,206.99440248863544,94.30779285968272,21.57245774534661,0,1,1,0,0,1,2,0.75,0,1,0.2193048404666994,0,0.33007420523328185,0.14068786125229182,25,LOW
user_4321,13,2,2,0,1,269.16189613722514,37.5759705676937,20.29523465516593,0,1,1,0,2,1,1,0.95,0,1,0.1483955927109178,0,0.007188301157192252,0.31160293273497597,13,LOW
user_4322,17,2,2,0,0,172.32862523125465,26.269430835745617,12696.318359032415,1,1,4,0,2,1,1,1.5500000000000005,1,-1,-0.0398435368800551,1,0.9980601933947105,0.7653223742482461,90,HIGH
user_4323,10,3,0,0,1,267.0248496789423,4.415875735733389,11.946679439130587,0,1,1,0,0,1,1,0.65,0,1,0.2776734227293848,0,0.2018966446523599,0.0,12,LOW
user_4324,11,2,0,0,1,248.90971834806635,7.30430252846968,1.6638419916709783,0,1,1,0,0,1,1,0.65,0,1,0.2776734227293848,0,0.2018966446523599,0.0,12,LOW
user_4325,17,0,0,0,1,262.73876174180583,34.68140932187308,6.151952684698268,0,1,1,0,0,1,1,0.65,0,1,0.2776734227293848,0,0.2018966446523599,0.0,12,LOW
user_4326,12,4,0,0,1,222.15331472134605,20.87674383925705,1.176032752801789,0,1,1,0,0,1,1,0.65,0,1,0.2776734227293848,0,0.2018966446523599,0.0,12,LOW
user_4327,16,2,0,0,1,365.04427641914936,21.98692273399945,16.998247050221526,0,1,1,0,0,1,1,0.65,0,1,0.2776734227293848,0,0.2018966446523599,0.0,12,LOW
user_4328,19,3,0,2,1,185.9220175427812,5.893332747377991,3.439606942783653,0,2,1,2,0,1,1,1.3000000000000005,0,1,0.0461621116072437,0,0.06294630480760484,0.5580199133654522,26,LOW
user_4329,12,0,0,1,1,298.2931026581077,24.792737834502944,14.561413011442546,0,1,1,1,0,1,1,0.85,0,1,0.2332993702223167,0,0.24213381063915532,0.10695635049384,19,LOW
user_4330,16,0,0,1,1,178.0981008139001,36.81031837740441,16.851257785496934,0,1,1,1,0,1,1,0.85,0,1,0.2332993702223167,0,0.24213381063915532,0.10695635049384,19,LOW
user_4331,10,1,0,0,1,270.26065047775927,54.12547060625005,22.30228128924905,0,1,1,0,0,1,2,0.75,0,1,0.2193048404666994,0,0.33007420523328185,0.14068786125229182,25,LOW
user_4332,16,3,0,0,1,274.54739863510696,33.36317533554888,14.01733243644748,0,1,1,0,0,1,1,0.65,0,1,0.2776734227293848,0,0.2018966446523599,0.0,12,LOW
user_4333,14,0,0,0,1,243.29855229373712,21.47270464534716,8.317864545301532,0,1,1,0,0,1,1,0.65,0,1,0.2776734227293848,0,0.2018966446523599,0.0,12,LOW
user_4334,15,5,0,0,1,210.28053536737767,27.96471027972132,9.117632830718646,0,1,1,0,0,1,1,0.65,0,1,0.2776734227293848,0,0.2018966446523599,0.0,12,LOW
user_4335,12,1,0,0,0,248.468093444718,16.59512084522456,3.865191370822404,0,1,1,0,0,1,1,0.65,1,1,0.2776734227293848,0,0.15500519134380158,0.0,9,LOW
user_4336,9,1,0,0,1,256.0206200058105,6.433615003548915,1.947944506006418,0,1,1,0,0,1,1,0.65,0,1,0.2776734227293848,0,0.2018966446523599,0.0,12,LOW
user_4337,15,1,0,0,1,347.39618917837697,53.470655028222446,1.3999360475416278,0,1,1,0,0,1,2,0.75,0,1,0.2193048404666994,0,0.33007420523328185,0.14068786125229182,25,LOW
user_4338,3,0,1,1,1,187.65958288198223,0.01,2.0092169721428728,0,3,1,1,1,1,1,1.5,0,-1,-0.0134104290191516,1,0.175195415440636,0.7016097181061922,39,MEDIUM
user_4339,23,4,0,0,1,206.6451902211599,43.79913061479316,27.173718237869224,0,3,1,0,0,1,1,1.15,0,1,0.0815285198183811,0,0.0013513513513513514,0.47277500697029895,19,LOW
user_4340,16,4,0,0,1,257.0841334241602,115.40303266339237,1.796450468851818,0,1,1,0,0,1,2,0.75,0,1,0.2193048404666994,0,0.33007420523328185,0.14068786125229182,25,LOW
user_4341,14,3,0,0,0,224.6367725762849,105.01877106693505,12.864035789604698,0,1,1,0,0,1,2,0.75,1,1,0.2193048404666994,0,0.06599719639822756,0.14068786125229182,10,LOW
user_4342,19,1,1,0,1,233.997537736164,22.06601897312324,2.041114945012272,0,2,1,0,1,1,1,1.05,0,1,0.1004614283124124,0,0.02209191694512681,0.4271403470204811,18,LOW
user_4343,17,1,0,0,1,5.923949131917593,520.0439771358646,37.005379597846165,1,1,1,0,0,3,3,1.05,0,-1,-0.0182440342796388,1,1.0,0.7132603280726179,89,HIGH
user_4344,12,2,0,0,1,70.78400979424592,12.61063447929609,4.566287300757005,0,1,1,0,0,2,1,0.75,0,1,0.0934671910539906,0,0.40261253039389167,0.44399880482146026,42,MEDIUM
user_4345,14,6,0,0,1,204.12303929893133,69.232166521609,5.312603801630975,0,1,1,0,0,1,2,0.75,0,1,0.2193048404666994,0,0.33007420523328185,0.14068786125229182,25,LOW
user_4346,13,1,0,0,1,135.45784642492504,8.50270168944427,5.183733341745623,0,1,1,0,0,1,1,0.65,0,1,0.2776734227293848,0,0.2018966446523599,0.0,12,LOW
user_4347,9,4,0,0,1,168.2510137857558,180.51666357305345,16.953182060318397,0,1,1,0,0,1,2,0.75,0,1,0.2193048404666994,0,0.33007420523328185,0.14068786125229182,25,LOW
user_4348,2,2,0,0,1,384.2774695243482,115.23322151977855,2.46272122481112,0,3,1,0,0,1,2,1.25,0,1,0.0406781887288436,0,0.004507732605558692,0.5712380069206875,23,LOW
user_4349,8,1,0,0,1,275.89008803716536,0.01,17.780029410771554,0,2,1,0,0,1,1,0.8999999999999999,0,1,0.190136950224284,0,0.20789731048021395,0.21099226023493423,21,LOW
user_4350,7,2,1,0,1,297.09389550348624,18.11333333374633,10.701964338336785,0,2,1,0,1,1,1,1.05,0,1,0.1004614283124124,0,0.02209191694512681,0.4271403470204811,18,LOW
user_4351,14,0,0,0,1,235.1682210128141,7.37112205141562,2.488206133057305,0,1,1,0,0,1,1,0.65,0,1,0.2776734227293848,0,0.2018966446523599,0.0,12,LOW
user_4352,13,4,0,1,1,285.5228294899146,74.20639611621492,0.6764472262055439,0,1,1,1,0,1,2,0.95,0,1,0.1509357020843734,0,0.04950631867309361,0.30548041714105467,15,LOW
user_4353,8,1,1,0,1,134.00612954878503,24.135134373102623,14.916217281669546,0,2,1,0,1,1,1,1.05,0,1,0.1004614283124124,0,0.02209191694512681,0.4271403470204811,18,LOW
user_4354,15,4,0,0,1,302.29790470617604,6.541532002424845,2.4713281376528133,0,1,1,0,0,1,1,0.65,0,1,0.2776734227293848,0,0.2018966446523599,0.0,12,LOW
user_4355,16,0,0,1,1,190.809352886406,12.114664043845796,21.98827328561514,0,1,1,1,0,1,1,0.85,0,1,0.2332993702223167,0,0.24213381063915532,0.10695635049384,19,LOW
user_4356,14,6,0,1,1,208.1210508404452,31.93415385059645,1.3901529015876288,0,1,1,1,0,1,1,0.85,0,1,0.2332993702223167,0,0.24213381063915532,0.10695635049384,19,LOW
user_4357,13,1,0,2,1,270.3090642272791,8.834748376491534,9.58062564867721,0,1,1,2,0,1,1,1.05,0,1,0.1541262400811022,0,0.4301355521591885,0.2977901503981718,38,MEDIUM
user_4358,15,4,0,0,1,258.9868055149329,52.9246814892567,11.782023783835214,0,1,1,0,0,1,2,0.75,0,1,0.2193048404666994,0,0.33007420523328185,0.14068786125229182,25,LOW
user_4359,16,4,0,0,1,245.0772029036129,4.528273585115078,10.720747873920542,0,1,1,0,0,1,1,0.65,0,1,0.2776734227293848,0,0.2018966446523599,0.0,12,LOW
user_4360,14,6,1,0,1,158.21423078518086,7.680291481077657,3.798409507544069,0,1,1,0,1,1,1,0.7999999999999999,0,1,0.2129135634933541,0,0.13356667006213288,0.15609298252120107,14,LOW
user_4361,11,2,0,0,1,245.9888201292985,3.913380905429212,20.836385224589392,0,1,1,0,0,1,1,0.65,0,1,0.2776734227293848,0,0.2018966446523599,0.0,12,LOW
user_4362,14,4,0,2,1,297.6336812089937,2.75036206897755,14.68829879176312,0,1,1,2,0,1,1,1.05,0,1,0.1541262400811022,0,0.4301355521591885,0.2977901503981718,38,MEDIUM
user_4363,17,2,0,0,1,208.05077423401235,8.928141261002926,7.137710819167744,0,1,1,0,0,1,1,0.65,0,1,0.2776734227293848,0,0.2018966446523599,0.0,12,LOW
user_4364,12,1,0,1,1,318.89622272041777,177.61696315006134,9.245573764674376,0,1,1,1,0,1,2,0.95,0,1,0.1509357020843734,0,0.04950631867309361,0.30548041714105467,15,LOW
user_4365,20,2,0,0,0,187.63848384515944,2.4769907462715235,8.355664725421247,0,2,1,0,0,1,1,0.8999999999999999,1,1,0.190136950224284,0,0.04363754974933547,0.21099226023493423,11,LOW
user_4366,12,0,0,0,1,240.39287350310244,5.988245390876304,29.31792256711111,0,1,1,0,0,1,1,0.65,0,1,0.2776734227293848,0,0.2018966446523599,0.0,12,LOW
user_4367,11,6,0,1,1,332.1196640025968,236.0289422234032,22.673457254596563,0,1,1,1,0,1,3,1.05,0,1,0.0596166766321488,0,0.07429146882479426,0.5255898987230732,25,LOW
user_4368,11,0,0,0,1,199.11600523802343,24.13240852474295,2.6852970248272627,0,1,1,0,0,1,1,0.65,0,1,0.2776734227293848,0,0.2018966446523599,0.0,12,LOW
user_4369,14,3,0,2,1,303.23912900262445,34.196208144156486,3.048414937891369,0,1,1,2,0,1,1,1.05,0,1,0.1541262400811022,0,0.4301355521591885,0.2977901503981718,38,MEDIUM
user_4370,8,3,0,0,1,358.4791417333085,34.85147821170576,39.86642684843444,0,2,1,0,0,1,1,0.8999999999999999,0,1,0.190136950224284,0,0.20789731048021395,0.21099226023493423,21,LOW
user_4371,12,2,0,0,1,250.26264413544905,0.2168372030530887,2.6992166233398884,0,1,1,0,0,1,1,0.65,0,1,0.2776734227293848,0,0.2018966446523599,0.0,12,LOW
user_4372,10,3,0,0,1,208.3789807570016,26.37807938539228,30.678584304266813,0,1,1,0,0,1,1,0.65,0,1,0.2776734227293848,0,0.2018966446523599,0.0,12,LOW
user_4373,14,0,0,1,1,193.6356718229985,24.90614562512988,10.491186722556485,0,1,1,1,0,1,1,0.85,0,1,0.2332993702223167,0,0.24213381063915532,0.10695635049384,19,LOW
user_4374,16,3,0,0,1,318.2761622008395,18.227374845723247,0.5140850001406133,0,1,1,0,0,1,1,0.65,0,1,0.2776734227293848,0,0.2018966446523599,0.0,12,LOW
user_4375,15,1,1,0,1,316.60165196037894,11.919002528230688,4.090623696935753,0,1,1,0,1,1,1,0.7999999999999999,0,1,0.2129135634933541,0,0.13356667006213288,0.15609298252120107,14,LOW
user_4376,6,5,0,0,1,326.9585473721205,39.91849655761911,6.465576682646126,0,2,1,0,0,1,1,0.8999999999999999,0,1,0.190136950224284,0,0.20789731048021395,0.21099226023493423,21,LOW
user_4377,20,4,1,0,1,238.0296989606432,10.53531980669153,17.90317857552394,0,2,1,0,1,1,1,1.05,0,1,0.1004614283124124,0,0.02209191694512681,0.4271403470204811,18,LOW
user_4378,14,6,0,0,1,302.2684164916263,6.534517551554911,3.983684688386506,0,1,1,0,0,1,1,0.65,0,1,0.2776734227293848,0,0.2018966446523599,0.0,12,LOW
user_4379,11,0,1,0,1,237.0696365324358,9.280040626514582,3.719021663349383,0,1,1,0,1,1,1,0.7999999999999999,0,1,0.2129135634933541,0,0.13356667006213288,0.15609298252120107,14,LOW
user_4380,14,1,0,0,1,187.01669270349845,14.47974933478194,25.29024808552193,0,1,1,0,0,1,1,0.65,0,1,0.2776734227293848,0,0.2018966446523599,0.0,12,LOW
user_4381,14,1,0,0,1,307.4506071067412,6.021787548615527,0.8233253484581377,0,1,1,0,0,1,1,0.65,0,1,0.2776734227293848,0,0.2018966446523599,0.0,12,LOW
user_4382,11,0,0,1,1,338.0322166966923,23.38500693077777,8.018939000847464,0,1,1,1,0,1,1,0.85,0,1,0.2332993702223167,0,0.24213381063915532,0.10695635049384,19,LOW
user_4383,14,1,0,0,1,178.7638816331208,53.89925465039288,7.016618675362909,0,1,1,0,0,1,2,0.75,0,1,0.2193048404666994,0,0.33007420523328185,0.14068786125229182,25,LOW
user_4384,12,3,0,1,1,177.6341422259598,22.625124169471544,0.5904405430803051,0,1,1,1,0,1,1,0.85,0,1,0.2332993702223167,0,0.24213381063915532,0.10695635049384,19,LOW
user_4385,12,1,0,0,1,242.39891605380748,14.794941290615574,0.91851311164521,0,1,1,0,0,1,1,0.65,0,1,0.2776734227293848,0,0.2018966446523599,0.0,12,LOW
user_4386,11,2,0,2,1,297.36771634446,39.847575925368126,4.812141254663135,0,1,1,2,0,1,1,1.05,0,1,0.1541262400811022,0,0.4301355521591885,0.2977901503981718,38,MEDIUM
user_4387,9,4,0,0,1,171.9708483747628,34.46198671480414,1.4405655327580549,0,1,1,0,0,1,1,0.65,0,1,0.2776734227293848,0,0.2018966446523599,0.0,12,LOW
user_4388,14,3,1,0,1,253.62094421735435,11.434417005435384,6.502254485720215,0,1,1,0,1,1,1,0.7999999999999999,0,1,0.2129135634933541,0,0.13356667006213288,0.15609298252120107,14,LOW
user_4389,15,2,0,1,1,204.57438275641488,23.16821737576676,9.387635788241154,0,1,1,1,0,1,1,0.85,0,1,0.2332993702223167,0,0.24213381063915532,0.10695635049384,19,LOW
user_4390,6,2,0,0,1,282.04974598950014,0.01,11.756985954392947,0,2,1,0,0,1,1,0.8999999999999999,0,1,0.190136950224284,0,0.20789731048021395,0.21099226023493423,21,LOW
user_4391,16,2,0,0,1,192.12679071024647,7.041282620880899,7.906940048153631,0,1,1,0,0,1,1,0.65,0,1,0.2776734227293848,0,0.2018966446523599,0.0,12,LOW
user_4392,14,0,0,2,1,286.3081800164508,11.4034600953731,4.774875897758057,0,1,1,2,0,1,1,1.05,0,1,0.1541262400811022,0,0.4301355521591885,0.2977901503981718,38,MEDIUM
user_4393,12,3,0,0,1,230.50711135093752,2.7949763701108163,1.3898466512873031,0,1,1,0,0,1,1,0.65,0,1,0.2776734227293848,0,0.2018966446523599,0.0,12,LOW
user_4394,16,2,0,2,1,183.77156857913744,109.9138477743072,2.843349002307649,0,1,1,2,0,1,2,1.15,0,1,0.0682545724467911,0,0.5708054293276346,0.5047696724853863,54,MEDIUM
user_4395,9,4,0,0,1,14.978034217941786,1935.672464503387,5.437305636308861,1,1,1,0,0,3,4,1.15,0,-1,-0.0665595353490385,1,1.0,0.8297168916429857,93,HIGH
user_4396,11,4,2,0,0,123.72160113069884,4.616290485775716,7213.304535279769,1,1,4,0,2,1,1,1.5500000000000005,1,-1,-0.0398435368800551,1,0.9980601933947105,0.7653223742482461,90,HIGH
user_4397,11,3,0,0,1,206.4543256737036,16.340083647330882,2.2639957289694266,0,1,1,0,0,1,1,0.65,0,1,0.2776734227293848,0,0.2018966446523599,0.0,12,LOW
user_4398,17,2,0,0,1,260.2440642194797,50.11240280841114,5.33317055243965,0,1,1,0,0,1,2,0.75,0,1,0.2193048404666994,0,0.33007420523328185,0.14068786125229182,25,LOW
user_4399,16,1,0,0,1,133.69471325808627,10.996834386890026,13.179214159440226,0,1,1,0,0,1,1,0.65,0,1,0.2776734227293848,0,0.2018966446523599,0.0,12,LOW
user_4400,15,4,0,0,1,85.73178881367534,36.58977039590698,12.2146948915865,0,1,1,0,0,2,1,0.75,0,1,0.0934671910539906,0,0.40261253039389167,0.44399880482146026,42,MEDIUM
user_4401,17,2,0,0,1,99.63796081120996,28.17792333190679,33.694834608512764,1,1,1,0,0,2,1,0.75,0,1,0.0934671910539906,0,0.40261253039389167,0.44399880482146026,42,MEDIUM
user_4402,11,1,0,0,1,319.6277133300222,25.44868047860201,2.118343627894201,0,1,1,0,0,1,1,0.65,0,1,0.2776734227293848,0,0.2018966446523599,0.0,12,LOW
user_4403,15,1,0,0,1,235.39445923423625,46.61103662042677,0.1665758197203516,0,1,1,0,0,1,1,0.65,0,1,0.2776734227293848,0,0.2018966446523599,0.0,12,LOW
user_4404,13,0,0,1,1,208.0520763595688,0.3567911707317072,3.890848908572017,0,1,1,1,0,1,1,0.85,0,1,0.2332993702223167,0,0.24213381063915532,0.10695635049384,19,LOW
user_4405,16,4,0,0,1,296.7092841400098,66.18083002492986,1.6215736249772612,0,1,1,0,0,1,2,0.75,0,1,0.2193048404666994,0,0.33007420523328185,0.14068786125229182,25,LOW
user_4406,13,1,1,0,1,215.7330190518533,44.18538225084505,7.951113644730359,0,1,1,0,1,1,1,0.7999999999999999,0,1,0.2129135634933541,0,0.13356667006213288,0.15609298252120107,14,LOW
user_4407,12,2,0,2,1,256.10771399200394,69.46203913535301,22.90449579612353,1,1,1,2,0,1,2,1.15,0,1,0.0682545724467911,0,0.5708054293276346,0.5047696724853863,54,MEDIUM
user_4408,17,2,0,0,1,241.54532105539576,0.01,11.654793843443777,0,1,1,0,0,1,1,0.65,0,1,0.2776734227293848,0,0.2018966446523599,0.0,12,LOW
user_4409,16,3,0,2,1,211.74003475482127,52.714840601658,1.459497321226769,0,1,1,2,0,1,2,1.15,0,1,0.0682545724467911,0,0.5708054293276346,0.5047696724853863,54,MEDIUM
user_4410,11,4,0,0,1,257.64875303334634,5.674963311612991,1.234000590817455,0,1,1,0,0,1,1,0.65,0,1,0.2776734227293848,0,0.2018966446523599,0.0,12,LOW
user_4411,5,4,0,2,1,286.39567328520866,9.6132349453061,24.24185806064689,1,3,1,2,0,1,1,1.5500000000000005,0,1,0.0178213557717713,0,0.9935488642050614,0.6263306409898065,85,HIGH
user_4412,3,2,0,0,1,228.9056029789808,40.12110615674772,6.686683467062301,0,3,1,0,0,1,1,1.15,0,1,0.0815285198183811,0,0.0013513513513513514,0.47277500697029895,19,LOW
user_4413,6,0,0,0,1,212.36666561072312,2.8899503417338863,25.727284320180694,0,2,1,0,0,1,1,0.8999999999999999,0,1,0.190136950224284,0,0.20789731048021395,0.21099226023493423,21,LOW
user_4414,14,2,0,1,1,219.4492555200328,32.69440547834939,13.326311961586972,0,1,1,1,0,1,1,0.85,0,1,0.2332993702223167,0,0.24213381063915532,0.10695635049384,19,LOW
user_4415,15,3,0,0,1,102.12524803285608,3.659508055087,50.12906967704168,0,1,2,0,0,2,1,0.95,0,-1,-0.0176753072287465,1,0.08064442192823568,0.7118895051174488,33,MEDIUM
user_4416,14,3,0,0,1,256.9835727905347,1.34845040086045,20.497098818428974,0,1,1,0,0,1,1,0.65,0,1,0.2776734227293848,0,0.2018966446523599,0.0,12,LOW
user_4417,4,3,0,0,1,167.45332266068692,159.8194719709651,5.347976578160317,0,3,1,0,0,1,2,1.25,0,1,0.0406781887288436,0,0.004507732605558692,0.5712380069206875,23,LOW
user_4418,12,0,1,0,1,277.78312344713544,58.75847690923804,14.197594324184015,0,1,1,0,1,1,2,0.8999999999999999,0,1,0.1194195039721256,0,0.26547768987979625,0.3814450257597952,31,MEDIUM
user_4419,7,3,0,0,1,234.5745539594824,36.11115678651348,6.371982583534328,0,2,1,0,0,1,1,0.8999999999999999,0,1,0.190136950224284,0,0.20789731048021395,0.21099226023493423,21,LOW
user_4420,18,1,0,0,1,246.30726579182644,43.62459944759754,2.6536273642361463,0,1,1,0,0,1,1,0.65,0,1,0.2776734227293848,0,0.2018966446523599,0.0,12,LOW
user_4421,22,4,0,1,1,282.01975023637215,11.178996053569904,2.757920514156549,0,2,1,1,0,1,1,1.1,0,1,0.1083396961540713,0,0.5687783155237143,0.4081510789922207,50,MEDIUM
user_4422,17,1,0,1,1,184.40857401954392,54.674853213112016,5.063724612650659,0,1,1,1,0,1,2,0.95,0,1,0.1509357020843734,0,0.04950631867309361,0.30548041714105467,15,LOW
user_4423,16,3,0,0,1,262.1549066010574,17.164394606843494,1.181826197431696,0,1,1,0,0,1,1,0.65,0,1,0.2776734227293848,0,0.2018966446523599,0.0,12,LOW
user_4424,11,0,0,0,1,256.0572631537599,111.25253780715066,1.9573059938564847,0,1,1,0,0,1,2,0.75,0,1,0.2193048404666994,0,0.33007420523328185,0.14068786125229182,25,LOW
user_4425,10,2,0,0,1,228.9131500414324,2.729055624293785,6.94365289593808,0,1,1,0,0,1,1,0.65,0,1,0.2776734227293848,0,0.2018966446523599,0.0,12,LOW
user_4426,0,3,0,0,1,184.30882795418773,19.89462285956613,30.774300262317105,0,3,1,0,0,1,1,1.15,0,1,0.0815285198183811,0,0.0013513513513513514,0.47277500697029895,19,LOW
user_4427,21,1,0,0,1,275.71430184330984,0.01,8.620069756690043,0,2,1,0,0,1,1,0.8999999999999999,0,1,0.190136950224284,0,0.20789731048021395,0.21099226023493423,21,LOW
user_4428,14,4,0,0,1,282.20727266515894,21.72600024268149,5.250880997005601,0,1,1,0,0,1,1,0.65,0,1,0.2776734227293848,0,0.2018966446523599,0.0,12,LOW
user_4429,12,3,0,0,1,246.81612155867305,32.34839795894376,2.779962252436744,0,1,1,0,0,1,1,0.65,0,1,0.2776734227293848,0,0.2018966446523599,0.0,12,LOW
user_4430,8,3,0,1,1,175.7818550571213,45.86012983063068,2.1803326199674293,0,2,1,1,0,1,1,1.1,0,1,0.1083396961540713,0,0.5687783155237143,0.4081510789922207,50,MEDIUM
user_4431,7,1,0,1,1,208.3530580244728,49.67321208902633,10.741353950865198,0,2,1,1,0,1,1,1.1,0,1,0.1083396961540713,0,0.5687783155237143,0.4081510789922207,50,MEDIUM
user_4432,14,2,0,0,1,236.380036654796,4.820844314075003,18.860172979310352,0,1,1,0,0,1,1,0.65,0,1,0.2776734227293848,0,0.2018966446523599,0.0,12,LOW
user_4433,12,3,0,0,1,281.30967299892563,5.486132760903713,5.089206501129558,0,1,1,0,0,1,1,0.65,0,1,0.2776734227293848,0,0.2018966446523599,0.0,12,LOW
user_4434,12,2,0,0,1,144.990635933213,0.4074653308513988,7.999733172118937,0,1,1,0,0,1,1,0.65,0,1,0.2776734227293848,0,0.2018966446523599,0.0,12,LOW
user_4435,16,3,0,0,1,206.1717921417374,3.5345520137911377,12.266505490607392,0,1,1,0,0,1,1,0.65,0,1,0.2776734227293848,0,0.2018966446523599,0.0,12,LOW
user_4436,8,2,0,0,1,215.83964640346787,39.80759449858319,0.6006382758746593,0,2,1,0,0,1,1,0.8999999999999999,0,1,0.190136950224284,0,0.20789731048021395,0.21099226023493423,21,LOW
user_4437,13,1,1,0,1,235.00670523581823,31.916797541046176,4.321639422489822,0,1,1,0,1,1,1,0.7999999999999999,0,1,0.2129135634933541,0,0.13356667006213288,0.15609298252120107,14,LOW
user_4438,12,1,2,1,1,161.92048295850918,16.14550019876288,13.084185154417614,0,1,1,1,2,1,1,1.15,0,1,0.0590725335016217,0,0.024931712964170426,0.5269014661842195,23,LOW
user_4439,15,0,0,2,0,226.9480332976,35.46047547403594,11.539739313180778,0,1,1,2,0,1,1,1.05,1,1,0.1541262400811022,0,0.09794779748495573,0.2977901503981718,18,LOW
user_4440,9,1,1,0,1,221.37098614124463,16.66437656999879,0.5482343845852812,0,1,1,0,1,1,1,0.7999999999999999,0,1,0.2129135634933541,0,0.13356667006213288,0.15609298252120107,14,LOW
user_4441,14,4,0,0,1,177.7444877106206,20.275612242684087,2.7157056054747257,0,1,1,0,0,1,1,0.65,0,1,0.2776734227293848,0,0.2018966446523599,0.0,12,LOW
user_4442,15,4,0,0,1,232.92194494987896,2.943323670715751,11.393005872666915,0,1,1,0,0,1,1,0.65,0,1,0.2776734227293848,0,0.2018966446523599,0.0,12,LOW
user_4443,16,1,2,1,1,207.5298541928699,37.46511701215445,3.1665241270649043,0,1,1,1,2,1,1,1.15,0,1,0.0590725335016217,0,0.024931712964170426,0.5269014661842195,23,LOW
user_4444,8,6,0,1,1,269.73516855058244,35.48351374733293,16.84216923192885,0,2,1,1,0,1,1,1.1,0,1,0.1083396961540713,0,0.5687783155237143,0.4081510789922207,50,MEDIUM
user_4445,11,2,0,0,1,186.88034633973967,9.1883996482795,0.2994888328839839,0,1,1,0,0,1,1,0.65,0,1,0.2776734227293848,0,0.2018966446523599,0.0,12,LOW
user_4446,11,5,0,0,0,245.3900473277073,9.958938587382953,2.111495543450076,0,1,1,0,0,1,1,0.65,1,1,0.2776734227293848,0,0.15500519134380158,0.0,9,LOW
user_4447,14,3,0,0,1,191.4966697662439,6.201326149215644,3.303293151279884,0,1,1,0,0,1,1,0.65,0,1,0.2776734227293848,0,0.2018966446523599,0.0,12,LOW
user_4448,15,4,0,0,0,204.01474571047123,42.02867549363712,25.941391159152,0,1,1,0,0,1,1,0.65,1,1,0.2776734227293848,0,0.15500519134380158,0.0,9,LOW
user_4449,18,0,0,0,1,257.8374976623243,34.35981689601148,15.91200020318658,0,1,1,0,0,1,1,0.65,0,1,0.2776734227293848,0,0.2018966446523599,0.0,12,LOW
user_4450,12,1,0,0,1,254.0830639705293,23.48564093543729,21.554166166536927,0,1,1,0,0,1,1,0.65,0,1,0.2776734227293848,0,0.2018966446523599,0.0,12,LOW
user_4451,12,0,0,0,1,214.9786690452984,6.8222045299721135,5.806744814640712,0,1,1,0,0,1,1,0.65,0,1,0.2776734227293848,0,0.2018966446523599,0.0,12,LOW
user_4452,17,3,0,0,1,223.8353629000399,4.714125143972034,17.29134541272459,0,1,1,0,0,1,1,0.65,0,1,0.2776734227293848,0,0.2018966446523599,0.0,12,LOW
user_4453,14,1,2,1,1,152.78361329342857,1.2894083919098016,19.20685973308444,0,1,1,1,2,1,1,1.15,0,1,0.0590725335016217,0,0.024931712964170426,0.5269014661842195,23,LOW
user_4454,17,4,0,0,1,324.16585863484204,1.1671109658467955,5.107536661466684,0,1,1,0,0,1,1,0.65,0,1,0.2776734227293848,0,0.2018966446523599,0.0,12,LOW
user_4455,14,1,0,0,1,281.24738387268167,5.179790927375775,51.96094361699178,0,1,2,0,0,1,1,0.85,0,1,0.0725673737099781,0,0.033557155468056085,0.4943743748406145,22,LOW
user_4456,10,4,0,0,1,279.0868830522664,2.6488098341060327,19.054117952317004,0,1,1,0,0,1,1,0.65,0,1,0.2776734227293848,0,0.2018966446523599,0.0,12,LOW
user_4457,10,0,0,0,1,144.2980669826271,20.30433131353668,36.5339528024418,0,1,1,0,0,1,1,0.65,0,1,0.2776734227293848,0,0.2018966446523599,0.0,12,LOW
user_4458,9,0,0,0,1,204.2706004506428,11.082684277997863,20.136321432877185,0,1,1,0,0,1,1,0.65,0,1,0.2776734227293848,0,0.2018966446523599,0.0,12,LOW
user_4459,15,1,0,0,1,219.92723826458263,14.717237005497882,14.970187489006207,0,1,1,0,0,1,1,0.65,0,1,0.2776734227293848,0,0.2018966446523599,0.0,12,LOW
user_4460,13,2,0,1,1,124.13631047795926,116.29559162304632,28.79619493590296,0,1,1,1,0,1,2,0.95,0,1,0.1509357020843734,0,0.04950631867309361,0.30548041714105467,15,LOW
user_4461,19,1,1,0,1,293.3970057645652,26.90428049228888,5.444155767256466,0,2,1,0,1,1,1,1.05,0,1,0.1004614283124124,0,0.02209191694512681,0.4271403470204811,18,LOW
user_4462,16,4,0,0,1,327.2330693128882,26.11743338746031,15.293956670538826,0,1,1,0,0,1,1,0.65,0,1,0.2776734227293848,0,0.2018966446523599,0.0,12,LOW
user_4463,5,0,0,2,1,363.7160973602169,7.556582825499554,2.393888011304373,1,3,1,2,0,1,1,1.5500000000000005,0,1,0.0178213557717713,0,0.9935488642050614,0.6263306409898065,85,HIGH
user_4464,12,1,0,0,1,177.2469703489358,41.46925200038468,13.1973483878575,0,1,1,0,0,1,1,0.65,0,1,0.2776734227293848,0,0.2018966446523599,0.0,12,LOW
user_4465,10,4,0,1,1,247.0394098100564,62.4375418545807,15.387617793383557,0,1,1,1,0,1,2,0.95,0,1,0.1509357020843734,0,0.04950631867309361,0.30548041714105467,15,LOW
user_4466,16,0,0,0,1,319.36909614902527,9.492680744573894,12.606292614034611,0,1,1,0,0,1,1,0.65,0,1,0.2776734227293848,0,0.2018966446523599,0.0,12,LOW
user_4467,15,5,0,0,1,224.7828912631828,0.4303177232351841,18.958745298348514,0,1,1,0,0,1,1,0.65,0,1,0.2776734227293848,0,0.2018966446523599,0.0,12,LOW
user_4468,14,6,0,0,1,205.98072516943927,57.35406322657292,5.333020822090937,0,1,1,0,0,1,2,0.75,0,1,0.2193048404666994,0,0.33007420523328185,0.14068786125229182,25,LOW
user_4469,7,0,0,0,1,128.03893958733056,229.04193955282128,7.869483899990013,0,2,1,0,0,1,3,1.1,0,1,0.0342845539061483,0,0.6068219504766365,0.5866488113974004,60,MEDIUM
user_4470,14,1,0,1,1,307.9573474663049,1.3072511010958654,0.1072471541373454,0,1,1,1,0,1,1,0.85,0,1,0.2332993702223167,0,0.24213381063915532,0.10695635049384,19,LOW
user_4471,17,2,0,0,1,238.8443546355981,496.72004908772885,1.578863388947828,0,1,1,0,0,1,3,0.8500000000000001,0,1,0.1140437691094343,0,0.29646344472155617,0.3944023499087308,34,MEDIUM
user_4472,17,4,1,0,1,196.23948846221623,42.37554630734528,10.333694314616816,0,1,1,0,1,1,1,0.7999999999999999,0,1,0.2129135634933541,0,0.13356667006213288,0.15609298252120107,14,LOW
user_4473,15,3,0,1,1,257.0314373897316,8.969190962544719,8.262608310681028,0,1,1,1,0,1,1,0.85,0,1,0.2332993702223167,0,0.24213381063915532,0.10695635049384,19,LOW
user_4474,16,3,0,0,1,249.1803223907199,61.50500965304726,2.198147398865965,0,1,1,0,0,1,2,0.75,0,1,0.2193048404666994,0,0.33007420523328185,0.14068786125229182,25,LOW
user_4475,15,4,0,0,1,250.0955461412755,6.107378599346371,2.7900620904448274,0,1,1,0,0,1,1,0.65,0,1,0.2776734227293848,0,0.2018966446523599,0.0,12,LOW
user_4476,12,0,0,0,1,226.97411626039948,49.359857780052856,4.217198056998771,0,1,1,0,0,1,1,0.65,0,1,0.2776734227293848,0,0.2018966446523599,0.0,12,LOW
user_4477,16,4,0,0,1,337.34148952580193,1.777849496683599,12.60242364878362,0,1,1,0,0,1,1,0.65,0,1,0.2776734227293848,0,0.2018966446523599,0.0,12,LOW
user_4478,9,3,0,0,1,231.98041600425464,7.549151694872543,9.40882143910184,0,1,1,0,0,1,1,0.65,0,1,0.2776734227293848,0,0.2018966446523599,0.0,12,LOW
user_4479,17,3,0,0,1,337.1593245793983,90.41757858138244,0.7210979280244607,0,1,1,0,0,1,2,0.75,0,1,0.2193048404666994,0,0.33007420523328185,0.14068786125229182,25,LOW
user_4480,10,4,2,0,0,273.84701558401184,6.573001738229473,7291.392054334794,1,1,4,0,2,1,1,1.5500000000000005,1,-1,-0.0398435368800551,1,0.9980601933947105,0.7653223742482461,90,HIGH
user_4481,14,3,2,0,0,261.07020856570387,3.5682819544708484,8123.307571103258,1,1,4,0,2,1,1,1.5500000000000005,1,-1,-0.0398435368800551,1,0.9980601933947105,0.7653223742482461,90,HIGH
user_4482,11,1,0,0,1,233.2035148033107,48.632322672485486,11.140092510912536,0,1,1,0,0,1,1,0.65,0,1,0.2776734227293848,0,0.2018966446523599,0.0,12,LOW
user_4483,15,2,0,0,1,298.43740161275525,3.13343471992352,1.3166210615708651,0,1,1,0,0,1,1,0.65,0,1,0.2776734227293848,0,0.2018966446523599,0.0,12,LOW
user_4484,13,2,0,1,1,246.77950605467973,2.5634489201187445,61.76001381018075,0,1,2,1,0,1,1,1.05,0,1,0.0574023346576487,0,0.03386407145826229,0.5309272056165586,23,LOW
user_4485,9,0,1,0,1,184.0721270931881,9.76780427769679,0.8374599128314133,0,1,1,0,1,1,1,0.7999999999999999,0,1,0.2129135634933541,0,0.13356667006213288,0.15609298252120107,14,LOW
user_4486,15,6,0,1,1,182.07046854011787,25.21895871832381,13.537653274000483,0,1,1,1,0,1,1,0.85,0,1,0.2332993702223167,0,0.24213381063915532,0.10695635049384,19,LOW
user_4487,12,0,0,0,0,265.3490773160563,31.01128440883028,7.794250649914147,0,1,1,0,0,1,1,0.65,1,1,0.2776734227293848,0,0.15500519134380158,0.0,9,LOW
user_4488,19,3,0,0,1,185.55726689001025,46.77510139332546,0.8985817941733097,0,2,1,0,0,1,1,0.8999999999999999,0,1,0.190136950224284,0,0.20789731048021395,0.21099226023493423,21,LOW
user_4489,14,2,0,0,1,236.26613658165004,19.46280833986272,0.2717641366148906,1,1,1,0,0,1,1,0.65,0,1,0.2776734227293848,0,0.2018966446523599,0.0,12,LOW
user_4490,15,0,0,2,1,303.43107231306544,12.497875155413327,4.504609847879358,0,1,1,2,0,1,1,1.05,0,1,0.1541262400811022,0,0.4301355521591885,0.2977901503981718,38,MEDIUM
user_4491,11,5,0,0,1,258.23821067366003,11.111662844321415,16.206198580495347,1,1,1,0,0,1,1,0.65,0,1,0.2776734227293848,0,0.2018966446523599,0.0,12,LOW
user_4492,12,4,0,0,1,196.67190778027515,46.91704495038361,0.4202192277274923,0,1,1,0,0,1,1,0.65,0,1,0.2776734227293848,0,0.2018966446523599,0.0,12,LOW
user_4493,12,2,0,2,1,324.5992506969684,32.16713671293392,12.187435680240451,0,1,1,2,0,1,1,1.05,0,1,0.1541262400811022,0,0.4301355521591885,0.2977901503981718,38,MEDIUM
user_4494,16,1,0,1,1,272.8725142196821,58.96011372408262,10.653021129870393,0,1,1,1,0,1,2,0.95,0,1,0.1509357020843734,0,0.04950631867309361,0.30548041714105467,15,LOW
user_4495,19,0,0,0,1,301.0675792322453,83.13054268185371,3.086165804943188,0,2,1,0,0,1,2,1.0,0,1,0.1157188029811144,0,0.21090605726134576,0.39036495643785196,28,LOW
user_4496,11,2,0,2,1,103.94649940744183,8.918689238819406,0.806592697550095,0,1,1,2,0,2,1,1.15,0,1,0.0302179651861094,0,0.23949512933089107,0.5964506542285346,38,MEDIUM
user_4497,6,1,0,0,1,259.8511726957648,132.23778852411257,24.68898985487771,0,2,1,0,0,1,2,1.0,0,1,0.1157188029811144,0,0.21090605726134576,0.39036495643785196,28,LOW
user_4498,7,2,0,0,1,290.5294701827936,24.97963807049276,3.571747870348015,0,2,1,0,0,1,1,0.8999999999999999,0,1,0.190136950224284,0,0.20789731048021395,0.21099226023493423,21,LOW
user_4499,10,6,0,0,1,342.01731853787953,4.4736499136258,1.180892182856073,0,1,1,0,0,1,1,0.65,0,1,0.2776734227293848,0,0.2018966446523599,0.0,12,LOW
user_4500,11,3,1,0,1,152.1708849509375,1.3705677263922955,11.441864266349542,0,1,1,0,1,1,1,0.7999999999999999,0,1,0.2129135634933541,0,0.13356667006213288,0.15609298252120107,14,LOW
user_4501,9,4,0,0,1,312.366875351672,50.57916061201415,2.4421555063159643,0,1,1,0,0,1,2,0.75,0,1,0.2193048404666994,0,0.33007420523328185,0.14068786125229182,25,LOW
user_4502,9,3,1,0,1,338.6628171420747,19.171108429960345,6.455591778640596,0,1,1,0,1,1,1,0.7999999999999999,0,1,0.2129135634933541,0,0.13356667006213288,0.15609298252120107,14,LOW
user_4503,15,2,1,0,1,118.96266136326123,21.144304907787312,0.5172027419996659,0,1,1,0,1,2,1,0.9,0,1,0.0824594892227387,0,0.07061056190855751,0.4705310584398903,23,LOW
user_4504,13,4,0,0,1,268.7154665921845,20.23721332884612,49.5955474174164,0,1,1,0,0,1,1,0.65,0,1,0.2776734227293848,0,0.2018966446523599,0.0,12,LOW
user_4505,15,2,1,1,1,277.0572488604421,35.158417321506555,5.935211036083033,0,1,1,1,1,1,1,1.0,0,1,0.1244119810262747,0,0.2600647053805528,0.3694114814818421,30,LOW
user_4506,16,4,0,0,1,220.37954024088563,3.931026306047194,70.24268094935364,0,1,2,0,0,1,1,0.85,0,1,0.0725673737099781,0,0.033557155468056085,0.4943743748406145,22,LOW
user_4507,14,1,0,2,1,210.59433239602265,23.80108529047835,4.872309745853013,0,1,1,2,0,1,1,1.05,0,1,0.1541262400811022,0,0.4301355521591885,0.2977901503981718,38,MEDIUM
user_4508,15,0,0,2,1,280.0712347972693,15.847417517701126,4.274846014286344,0,1,1,2,0,1,1,1.05,0,1,0.1541262400811022,0,0.4301355521591885,0.2977901503981718,38,MEDIUM
user_4509,13,4,0,1,1,203.1010947953621,56.81550387163096,24.60085205696648,0,1,1,1,0,1,2,0.95,0,1,0.1509357020843734,0,0.04950631867309361,0.30548041714105467,15,LOW
user_4510,10,3,0,1,1,226.96504029491413,18.32949435058072,3.996806511506784,0,1,1,1,0,1,1,0.85,0,1,0.2332993702223167,0,0.24213381063915532,0.10695635049384,19,LOW
user_4511,9,4,0,0,0,288.74609404943527,0.01,5.656436267105623,0,1,1,0,0,1,1,0.65,1,1,0.2776734227293848,0,0.15500519134380158,0.0,9,LOW
user_4512,12,5,0,0,1,345.24258301961186,10.895002187630832,0.8132984211612221,0,1,1,0,0,1,1,0.65,0,1,0.2776734227293848,0,0.2018966446523599,0.0,12,LOW
user_4513,11,0,0,0,1,272.2790563525211,85.20155203978396,31.11421234115103,0,1,1,0,0,1,2,0.75,0,1,0.2193048404666994,0,0.33007420523328185,0.14068786125229182,25,LOW
user_4514,13,2,0,0,1,248.0090697248707,52.01764813525763,0.8899651791603785,0,1,1,0,0,1,2,0.75,0,1,0.2193048404666994,0,0.33007420523328185,0.14068786125229182,25,LOW
user_4515,11,2,0,0,1,209.01615092035377,21.942578177734536,14.74841171711482,0,1,1,0,0,1,1,0.65,0,1,0.2776734227293848,0,0.2018966446523599,0.0,12,LOW
user_4516,12,3,0,0,1,179.36399756093664,10.91267140871724,7.7352329706558,0,1,1,0,0,1,1,0.65,0,1,0.2776734227293848,0,0.2018966446523599,0.0,12,LOW
user_4517,15,4,1,2,1,306.57469449005697,11.787052338994396,0.6337135619035896,0,1,1,2,1,1,1,1.2000000000000002,0,1,0.0547880072036045,0,0.4121174521254879,0.5372286116789389,46,MEDIUM
user_4518,15,1,0,1,1,230.79300893238693,37.042843182532856,0.0170528120691732,0,1,1,1,0,1,1,0.85,0,1,0.2332993702223167,0,0.24213381063915532,0.10695635049384,19,LOW
user_4519,11,3,0,0,1,309.0421964800037,523.4886964065695,27.41922006227504,0,1,1,0,0,1,3,0.8500000000000001,0,1,0.1140437691094343,0,0.29646344472155617,0.3944023499087308,34,MEDIUM
user_4520,12,3,1,0,1,220.22688732027228,12.836877658234588,13.554680294674172,0,1,1,0,1,1,1,0.7999999999999999,0,1,0.2129135634933541,0,0.13356667006213288,0.15609298252120107,14,LOW
user_4521,18,0,2,0,0,201.0426803183393,59.53509339934375,5846.213421425777,1,1,4,0,2,1,2,1.65,1,-1,-0.0795610185938726,1,1.0,0.8610548272226302,94,HIGH
user_4522,15,4,0,1,1,265.24793332965095,33.03452880787632,5.772441876978545,1,1,1,1,0,1,1,0.85,0,1,0.2332993702223167,0,0.24213381063915532,0.10695635049384,19,LOW
user_4523,20,3,0,0,1,235.407843643896,0.5791700650780572,2.7261454225175594,0,2,1,0,0,1,1,0.8999999999999999,0,1,0.190136950224284,0,0.20789731048021395,0.21099226023493423,21,LOW
user_4524,2,5,0,2,1,167.66828372335573,2.3539980708214565,11.390064832408562,1,3,1,2,0,1,1,1.5500000000000005,0,1,0.0178213557717713,0,0.9935488642050614,0.6263306409898065,85,HIGH
user_4525,17,1,2,0,0,349.04209978691085,2.48129806808545,9.372617664659728,0,1,1,0,2,1,1,0.95,1,1,0.1483955927109178,0,0.0018309859154929577,0.31160293273497597,13,LOW
user_4526,9,0,0,0,1,202.3809735737017,6.596983962133374,12.958768394102806,0,1,1,0,0,1,1,0.65,0,1,0.2776734227293848,0,0.2018966446523599,0.0,12,LOW
user_4527,16,2,0,2,1,295.6554912704528,13.921321923485811,4.553791201960712,0,1,1,2,0,1,1,1.05,0,1,0.1541262400811022,0,0.4301355521591885,0.2977901503981718,38,MEDIUM
user_4528,13,0,0,0,1,290.51139776378886,40.696399626516026,43.36958475297856,0,1,1,0,0,1,1,0.65,0,1,0.2776734227293848,0,0.2018966446523599,0.0,12,LOW
user_4529,12,6,0,0,1,164.4322341051386,10.81187925558421,0.693593551644623,0,1,1,0,0,1,1,0.65,0,1,0.2776734227293848,0,0.2018966446523599,0.0,12,LOW
user_4530,14,0,0,1,1,179.85674132301094,0.4408082062014222,0.8305733221396896,0,1,1,1,0,1,1,0.85,0,1,0.2332993702223167,0,0.24213381063915532,0.10695635049384,19,LOW
user_4531,16,4,1,1,1,221.90943961799232,16.510313963047516,24.8741997651663,0,1,1,1,1,1,1,1.0,0,1,0.1244119810262747,0,0.2600647053805528,0.3694114814818421,30,LOW
user_4532,15,2,1,1,1,188.061207325301,142.31064583759533,10.432904592546231,0,1,1,1,1,1,2,1.1,0,1,0.0660906907717865,0,0.06773171811602267,0.5099853531316857,24,LOW
user_4533,11,2,0,0,1,343.5873823127213,10.731947217092491,3.95020941066772,0,1,1,0,0,1,1,0.65,0,1,0.2776734227293848,0,0.2018966446523599,0.0,12,LOW
user_4534,16,0,0,0,1,227.9894617920893,81.26852858331766,14.35286127952404,0,1,1,0,0,1,2,0.75,0,1,0.2193048404666994,0,0.33007420523328185,0.14068786125229182,25,LOW
user_4535,12,3,0,0,1,293.3849425688441,2.671405595584706,6.028922805468543,0,1,1,0,0,1,1,0.65,0,1,0.2776734227293848,0,0.2018966446523599,0.0,12,LOW
user_4536,14,3,0,0,1,270.81824334001226,4.7517774136661455,0.2134775938206871,0,1,1,0,0,1,1,0.65,0,1,0.2776734227293848,0,0.2018966446523599,0.0,12,LOW
user_4537,13,1,0,0,1,255.8413469397812,32.19491985594116,10.529804479555116,0,1,1,0,0,1,1,0.65,0,1,0.2776734227293848,0,0.2018966446523599,0.0,12,LOW
user_4538,13,5,0,0,1,242.41927264437527,17.389375583198422,2.7853990581994696,0,1,1,0,0,1,1,0.65,0,1,0.2776734227293848,0,0.2018966446523599,0.0,12,LOW
user_4539,16,1,1,0,1,314.2278424673218,36.21720529572973,1.2254636852131748,0,1,1,0,1,1,1,0.7999999999999999,0,1,0.2129135634933541,0,0.13356667006213288,0.15609298252120107,14,LOW
user_4540,5,2,0,2,1,190.494421599899,49.79645479607649,2.552448053168621,1,3,1,2,0,1,1,1.5500000000000005,0,1,0.0178213557717713,0,0.9935488642050614,0.6263306409898065,85,HIGH
user_4541,19,3,0,0,1,343.5801186273952,7.228240526490778,6.465649399259968,0,2,1,0,0,1,1,0.8999999999999999,0,1,0.190136950224284,0,0.20789731048021395,0.21099226023493423,21,LOW
user_4542,8,0,0,1,1,162.7666091697543,28.707868893612588,0.5114218084076741,0,2,1,1,0,1,1,1.1,0,1,0.1083396961540713,0,0.5687783155237143,0.4081510789922207,50,MEDIUM
user_4543,12,5,0,0,1,286.8907035373454,23.38691756895166,21.46884644218273,0,1,1,0,0,1,1,0.65,0,1,0.2776734227293848,0,0.2018966446523599,0.0,12,LOW
user_4544,15,2,0,0,1,155.69016840361303,49.428447592468046,8.207942434476365,0,1,1,0,0,1,1,0.65,0,1,0.2776734227293848,0,0.2018966446523599,0.0,12,LOW
user_4545,15,0,0,0,1,221.0576668663824,14.057530413515163,3.467192101516676,1,1,1,0,0,1,1,0.65,0,1,0.2776734227293848,0,0.2018966446523599,0.0,12,LOW
user_4546,13,2,0,0,1,245.59859628365805,1.3316027400235968,11.61567577663165,0,1,1,0,0,1,1,0.65,0,1,0.2776734227293848,0,0.2018966446523599,0.0,12,LOW
user_4547,13,3,0,0,1,210.7982790702292,21.343823666738302,16.308479655449176,0,1,1,0,0,1,1,0.65,0,1,0.2776734227293848,0,0.2018966446523599,0.0,12,LOW
user_4548,15,2,0,1,1,229.09982582298653,79.78049453003192,9.517226642873949,0,1,1,1,0,1,2,0.95,0,1,0.1509357020843734,0,0.04950631867309361,0.30548041714105467,15,LOW
user_4549,13,3,0,0,1,156.78177312415238,0.3684817710892951,2.262667758946173,0,1,1,0,0,1,1,0.65,0,1,0.2776734227293848,0,0.2018966446523599,0.0,12,LOW
user_4550,18,0,0,1,1,180.7529718765869,6.869409044535511,1.168579363574709,1,1,1,1,0,1,1,0.85,0,1,0.2332993702223167,0,0.24213381063915532,0.10695635049384,19,LOW
user_4551,16,1,0,0,1,269.89588243175297,9.497411860145016,19.653966631389203,0,1,1,0,0,1,1,0.65,0,1,0.2776734227293848,0,0.2018966446523599,0.0,12,LOW
user_4552,16,4,0,1,1,241.7803094986467,36.29364718136346,2.674709188775388,0,1,1,1,0,1,1,0.85,0,1,0.2332993702223167,0,0.24213381063915532,0.10695635049384,19,LOW
user_4553,11,0,1,0,1,198.5683184507096,9.76232833196379,0.2028682379143299,0,1,1,0,1,1,1,0.7999999999999999,0,1,0.2129135634933541,0,0.13356667006213288,0.15609298252120107,14,LOW
user_4554,13,4,0,1,1,319.45666578778025,6.830803212556959,10.29745327939491,0,1,1,1,0,1,1,0.85,0,1,0.2332993702223167,0,0.24213381063915532,0.10695635049384,19,LOW
user_4555,13,0,0,0,1,166.80414600058705,26.142765740594232,1.6591920962625224,0,1,1,0,0,1,1,0.65,0,1,0.2776734227293848,0,0.2018966446523599,0.0,12,LOW
user_4556,10,4,1,0,1,218.30457204815625,350.991229380861,47.07182952126211,0,1,1,0,1,1,3,1.0,0,1,0.0520534259176199,0,0.4862092838962424,0.543819869811855,51,MEDIUM
user_4557,15,2,0,1,1,14.235478498385506,1265.058230040279,20.3815244402792,1,1,1,1,0,3,4,1.35,0,-1,-0.0937579539195447,1,0.9991397849462365,0.895274203295823,96,HIGH
user_4558,12,3,0,0,0,12.455132623435173,681.1116870429671,9.376311422559963,1,1,1,0,0,3,3,1.05,1,-1,-0.0182440342796388,1,0.9988425925925927,0.7132603280726179,88,HIGH
user_4559,15,0,0,0,1,242.88982146823167,10.985889230935154,17.94958436122226,0,1,1,0,0,1,1,0.65,0,1,0.2776734227293848,0,0.2018966446523599,0.0,12,LOW
user_4560,3,0,0,1,1,233.5100852079242,483.88961590199847,6.358895397618025,0,3,1,1,0,1,3,1.55,0,-1,-0.0545472592468728,1,0.40903225566154106,0.8007632770771904,57,MEDIUM
user_4561,19,1,1,0,1,129.34699776796566,2.872788801847915,15.53465244608013,0,2,1,0,1,1,1,1.05,0,1,0.1004614283124124,0,0.02209191694512681,0.4271403470204811,18,LOW
user_4562,11,0,0,0,0,291.9020688379256,11.190012378529916,10.399667129936343,0,1,1,0,0,1,1,0.65,1,1,0.2776734227293848,0,0.15500519134380158,0.0,9,LOW
user_4563,14,1,0,0,1,226.9304511100958,39.986295000008056,0.2906291262387274,0,1,1,0,0,1,1,0.65,0,1,0.2776734227293848,0,0.2018966446523599,0.0,12,LOW
user_4564,16,2,0,1,1,246.9396610566252,13.354241437540404,29.711892829435985,0,1,1,1,0,1,1,0.85,0,1,0.2332993702223167,0,0.24213381063915532,0.10695635049384,19,LOW
user_4565,12,3,0,0,1,195.08620679436737,22.05757201400749,19.727029390363697,0,1,1,0,0,1,1,0.65,0,1,0.2776734227293848,0,0.2018966446523599,0.0,12,LOW
user_4566,16,4,0,0,1,185.65027423097564,4.465592337663199,30.6631334684935,0,1,1,0,0,1,1,0.65,0,1,0.2776734227293848,0,0.2018966446523599,0.0,12,LOW
user_4567,10,3,0,0,0,329.95726550854124,1.8065094781342268,13.144051770256253,0,1,1,0,0,1,1,0.65,1,1,0.2776734227293848,0,0.15500519134380158,0.0,9,LOW
user_4568,6,3,0,1,1,133.60568530425525,0.01,5.311319447192823,0,2,1,1,0,1,1,1.1,0,1,0.1083396961540713,0,0.5687783155237143,0.4081510789922207,50,MEDIUM
user_4569,14,2,0,1,1,176.7480583330337,10.063207972927074,2.3191342358178426,0,1,1,1,0,1,1,0.85,0,1,0.2332993702223167,0,0.24213381063915532,0.10695635049384,19,LOW
user_4570,12,2,1,0,1,328.82952916014483,10.782546770774836,1.984464845457935,0,1,1,0,1,1,1,0.7999999999999999,0,1,0.2129135634933541,0,0.13356667006213288,0.15609298252120107,14,LOW
user_4571,13,2,0,0,1,278.4447828599192,52.52947227729812,1.5655585974064308,0,1,1,0,0,1,2,0.75,0,1,0.2193048404666994,0,0.33007420523328185,0.14068786125229182,25,LOW
user_4572,16,4,0,0,1,220.47224809545483,30.75546828641216,2.4924325803180967,0,1,1,0,0,1,1,0.65,0,1,0.2776734227293848,0,0.2018966446523599,0.0,12,LOW
user_4573,12,1,0,0,1,314.7957788573192,35.29160795263512,7.999220589515677,0,1,1,0,0,1,1,0.65,0,1,0.2776734227293848,0,0.2018966446523599,0.0,12,LOW
user_4574,11,0,1,0,1,266.81160698376056,28.64287131910168,11.512066289052198,0,1,1,0,1,1,1,0.7999999999999999,0,1,0.2129135634933541,0,0.13356667006213288,0.15609298252120107,14,LOW
user_4575,13,3,0,2,1,253.9596055184652,2.795428560756538,3.769601051165104,1,1,1,2,0,1,1,1.05,0,1,0.1541262400811022,0,0.4301355521591885,0.2977901503981718,38,MEDIUM
user_4576,10,1,0,0,1,12.667671157535068,1173.1082271868254,7.9572705358554945,1,1,1,0,0,3,4,1.15,0,-1,-0.0665595353490385,1,1.0,0.8297168916429857,93,HIGH
user_4577,22,4,0,0,1,267.91429303286964,86.34254161596489,4.174152162563084,0,2,1,0,0,1,2,1.0,0,1,0.1157188029811144,0,0.21090605726134576,0.39036495643785196,28,LOW
user_4578,12,4,0,0,1,270.3415500778472,6.736891386407182,11.924065312103531,0,1,1,0,0,1,1,0.65,0,1,0.2776734227293848,0,0.2018966446523599,0.0,12,LOW
user_4579,16,0,0,0,1,371.7583831737574,40.74027457923924,44.64210727899534,0,1,1,0,0,1,1,0.65,0,1,0.2776734227293848,0,0.2018966446523599,0.0,12,LOW
user_4580,14,0,0,0,1,228.30643129963968,13.1652566881379,11.680169290080602,0,1,1,0,0,1,1,0.65,0,1,0.2776734227293848,0,0.2018966446523599,0.0,12,LOW
user_4581,11,2,0,0,1,230.15716871110777,28.781897342655665,0.6084463390732673,0,1,1,0,0,1,1,0.65,0,1,0.2776734227293848,0,0.2018966446523599,0.0,12,LOW
user_4582,13,3,0,0,1,165.78640874575717,4.526149261902376,6.486231660208926,0,1,1,0,0,1,1,0.65,0,1,0.2776734227293848,0,0.2018966446523599,0.0,12,LOW
user_4583,16,1,0,0,1,236.8861567907389,19.33476962085244,14.713621414321317,0,1,1,0,0,1,1,0.65,0,1,0.2776734227293848,0,0.2018966446523599,0.0,12,LOW
user_4584,13,3,1,1,1,351.7732139726891,335.73762570296384,7.81413758629132,0,1,1,1,1,1,3,1.2000000000000002,0,1,0.0077556794950734,0,0.7256893311414818,0.6505922970473988,70,MEDIUM
user_4585,17,3,1,0,1,299.0691001460794,19.205776545928085,30.17222129767821,1,1,1,0,1,1,1,0.7999999999999999,0,1,0.2129135634933541,0,0.13356667006213288,0.15609298252120107,14,LOW
user_4586,18,1,0,0,1,207.3799353674804,199.4773268516554,0.5632877136350962,0,1,1,0,0,1,2,0.75,0,1,0.2193048404666994,0,0.33007420523328185,0.14068786125229182,25,LOW
user_4587,16,0,0,0,1,241.8024818712771,15.058292112282428,3.441191605741752,0,1,1,0,0,1,1,0.65,0,1,0.2776734227293848,0,0.2018966446523599,0.0,12,LOW
user_4588,12,4,0,1,1,162.21369746490032,27.563201169378537,2.493824341780015,0,1,1,1,0,1,1,0.85,0,1,0.2332993702223167,0,0.24213381063915532,0.10695635049384,19,LOW
user_4589,10,1,1,1,1,181.8528393421016,498.964016990588,14.59390791113468,0,1,1,1,1,1,3,1.2000000000000002,0,1,0.0077556794950734,0,0.7256893311414818,0.6505922970473988,70,MEDIUM
user_4590,12,4,0,0,1,248.96646915682305,4.516743138026468,7.419027891428427,0,1,1,0,0,1,1,0.65,0,1,0.2776734227293848,0,0.2018966446523599,0.0,12,LOW
user_4591,14,2,1,0,1,210.33272383077284,55.936117751313816,1.4889940518160958,0,1,1,0,1,1,2,0.8999999999999999,0,1,0.1194195039721256,0,0.26547768987979625,0.3814450257597952,31,MEDIUM
user_4592,15,3,0,0,1,177.3240126372949,12.358951040824982,3.36302819819049,0,1,1,0,0,1,1,0.65,0,1,0.2776734227293848,0,0.2018966446523599,0.0,12,LOW
user_4593,7,4,0,0,1,269.3904458842735,46.41490184664342,7.395248354638695,0,2,1,0,0,1,1,0.8999999999999999,0,1,0.190136950224284,0,0.20789731048021395,0.21099226023493423,21,LOW
user_4594,13,4,0,0,1,235.0649948008005,17.964082189142722,55.54237564631429,0,1,2,0,0,1,1,0.85,0,1,0.0725673737099781,0,0.033557155468056085,0.4943743748406145,22,LOW
user_4595,14,2,0,0,1,145.94697769853764,49.55035316782055,4.530165027986417,0,1,1,0,0,1,1,0.65,0,1,0.2776734227293848,0,0.2018966446523599,0.0,12,LOW
user_4596,13,1,1,0,1,115.49118202993272,27.178760750419745,1.7058205202943744,0,1,1,0,1,2,1,0.9,0,1,0.0824594892227387,0,0.07061056190855751,0.4705310584398903,23,LOW
user_4597,17,4,0,0,1,205.7993100855448,17.76832983051845,6.872973756643683,0,1,1,0,0,1,1,0.65,0,1,0.2776734227293848,0,0.2018966446523599,0.0,12,LOW
user_4598,15,2,0,0,1,144.70409139350835,9.368741111883644,3.7133382980960974,0,1,1,0,0,1,1,0.65,0,1,0.2776734227293848,0,0.2018966446523599,0.0,12,LOW
user_4599,17,1,0,0,1,127.86531561176078,86.77099272212963,8.346343050119696,0,1,1,0,0,1,2,0.75,0,1,0.2193048404666994,0,0.33007420523328185,0.14068786125229182,25,LOW
user_4600,13,5,0,0,1,307.7381520841251,40.34840758431347,6.286904804919252,0,1,1,0,0,1,1,0.65,0,1,0.2776734227293848,0,0.2018966446523599,0.0,12,LOW
user_4601,16,1,0,0,1,234.1373466080824,11.998811283460403,11.695389198826163,0,1,1,0,0,1,1,0.65,0,1,0.2776734227293848,0,0.2018966446523599,0.0,12,LOW
user_4602,18,0,0,0,1,224.0732173064698,4.559746769953958,24.567940446400968,0,1,1,0,0,1,1,0.65,0,1,0.2776734227293848,0,0.2018966446523599,0.0,12,LOW
user_4603,17,0,1,0,1,228.69565103095505,37.80045563845992,2.23786696548714,0,1,1,0,1,1,1,0.7999999999999999,0,1,0.2129135634933541,0,0.13356667006213288,0.15609298252120107,14,LOW
user_4604,10,3,0,1,1,171.7300709524218,114.99036072298,17.21375959190299,0,1,1,1,0,1,2,0.95,0,1,0.1509357020843734,0,0.04950631867309361,0.30548041714105467,15,LOW
user_4605,13,3,0,0,1,264.6585699008501,504.8392698201269,29.811533749976427,0,1,1,0,0,1,3,0.8500000000000001,0,1,0.1140437691094343,0,0.29646344472155617,0.3944023499087308,34,MEDIUM
user_4606,12,1,0,1,1,232.1579803960476,61.882742901136325,4.67781590232716,0,1,1,1,0,1,2,0.95,0,1,0.1509357020843734,0,0.04950631867309361,0.30548041714105467,15,LOW
user_4607,15,1,0,0,1,194.55548064123528,3.348878648108079,1.206577017237808,0,1,1,0,0,1,1,0.65,0,1,0.2776734227293848,0,0.2018966446523599,0.0,12,LOW
user_4608,16,1,0,0,1,203.5422789285,76.02151225335744,17.254728126238213,0,1,1,0,0,1,2,0.75,0,1,0.2193048404666994,0,0.33007420523328185,0.14068786125229182,25,LOW
user_4609,11,3,0,0,1,166.35247720726227,34.19554215556598,12.076321898448525,0,1,1,0,0,1,1,0.65,0,1,0.2776734227293848,0,0.2018966446523599,0.0,12,LOW
user_4610,14,0,0,2,1,215.62542762589,10.639000222138586,2.3916141105089657,0,1,1,2,0,1,1,1.05,0,1,0.1541262400811022,0,0.4301355521591885,0.2977901503981718,38,MEDIUM
user_4611,4,5,0,0,1,225.6223271530492,31.563094469429902,5.891901170090543,0,3,1,0,0,1,1,1.15,0,1,0.0815285198183811,0,0.0013513513513513514,0.47277500697029895,19,LOW
user_4612,18,1,0,0,1,214.06300025220216,25.78099300483923,8.627314970832158,0,1,1,0,0,1,1,0.65,0,1,0.2776734227293848,0,0.2018966446523599,0.0,12,LOW
user_4613,12,6,0,0,1,243.3092734404952,22.5047228840149,1.8615379442721312,0,1,1,0,0,1,1,0.65,0,1,0.2776734227293848,0,0.2018966446523599,0.0,12,LOW
user_4614,14,0,1,2,1,235.28929771429463,62.813124161301246,12.549602740074008,0,1,1,2,1,1,2,1.3,0,-1,-0.0066553003840512,1,0.07226061812118971,0.6853275922892705,32,MEDIUM
user_4615,13,4,0,2,1,253.84611231987645,36.33684347194255,11.708047994561992,0,1,1,2,0,1,1,1.05,0,1,0.1541262400811022,0,0.4301355521591885,0.2977901503981718,38,MEDIUM
user_4616,17,1,0,0,1,296.58582221529565,19.43305763743061,21.814885531643387,0,1,1,0,0,1,1,0.65,0,1,0.2776734227293848,0,0.2018966446523599,0.0,12,LOW
user_4617,5,0,0,0,1,275.5814086327848,65.62693232643062,8.376481526035422,0,3,1,0,0,1,2,1.25,0,1,0.0406781887288436,0,0.004507732605558692,0.5712380069206875,23,LOW
user_4618,13,4,0,0,1,297.2753904306201,22.45701182456449,8.540510166603067,0,1,1,0,0,1,1,0.65,0,1,0.2776734227293848,0,0.2018966446523599,0.0,12,LOW
user_4619,13,4,0,2,1,189.13594621042623,47.37552733761943,9.65973103361608,0,1,1,2,0,1,1,1.05,0,1,0.1541262400811022,0,0.4301355521591885,0.2977901503981718,38,MEDIUM
user_4620,12,2,0,0,1,209.48310635468056,45.96226157902431,3.19906770669504,0,1,1,0,0,1,1,0.65,0,1,0.2776734227293848,0,0.2018966446523599,0.0,12,LOW
user_4621,19,3,0,1,1,279.2158010367581,62.892867215425376,14.213242095437195,0,2,1,1,0,1,2,1.2,0,1,0.0656383015143167,0,0.07883070542961215,0.5110757629826652,25,LOW
user_4622,11,3,0,0,1,280.2886602859252,1.749888759298156,10.861875798204847,1,1,1,0,0,1,1,0.65,0,1,0.2776734227293848,0,0.2018966446523599,0.0,12,LOW
user_4623,16,4,0,0,1,199.2827629477871,21.91591555345471,18.27255829278424,0,1,1,0,0,1,1,0.65,0,1,0.2776734227293848,0,0.2018966446523599,0.0,12,LOW
user_4624,15,1,0,1,1,276.69503554690453,15.796250384778038,14.635469862441475,0,1,1,1,0,1,1,0.85,0,1,0.2332993702223167,0,0.24213381063915532,0.10695635049384,19,LOW
user_4625,17,2,0,0,1,183.3880730012435,16.860215404187763,10.176930651042897,0,1,1,0,0,1,1,0.65,0,1,0.2776734227293848,0,0.2018966446523599,0.0,12,LOW
user_4626,6,2,0,1,1,268.86334344850764,0.01,1.7541603597229092,0,2,1,1,0,1,1,1.1,0,1,0.1083396961540713,0,0.5687783155237143,0.4081510789922207,50,MEDIUM
user_4627,11,1,0,0,1,238.4222279480616,45.42180775123349,25.151265853911887,0,1,1,0,0,1,1,0.65,0,1,0.2776734227293848,0,0.2018966446523599,0.0,12,LOW
user_4628,17,4,0,1,1,156.9338637656198,9.584014240536586,4.576201126873459,0,1,1,1,0,1,1,0.85,0,1,0.2332993702223167,0,0.24213381063915532,0.10695635049384,19,LOW
user_4629,15,0,0,0,1,213.9555706944356,15.53234391831051,33.32564493430747,0,1,1,0,0,1,1,0.65,0,1,0.2776734227293848,0,0.2018966446523599,0.0,12,LOW
user_4630,9,0,0,0,1,370.9360685817296,5.599927352614928,5.139484982006723,0,1,1,0,0,1,1,0.65,0,1,0.2776734227293848,0,0.2018966446523599,0.0,12,LOW
user_4631,12,3,0,0,1,252.16682176829968,7.24933792599426,1.5775183099268943,0,1,1,0,0,1,1,0.65,0,1,0.2776734227293848,0,0.2018966446523599,0.0,12,LOW
user_4632,15,3,0,0,1,378.0269986030956,27.00114911316317,21.61430620636085,0,1,1,0,0,1,1,0.65,0,1,0.2776734227293848,0,0.2018966446523599,0.0,12,LOW
user_4633,16,1,0,0,1,153.36440820749783,3.108938272432714,15.850318781165557,0,1,1,0,0,1,1,0.65,0,1,0.2776734227293848,0,0.2018966446523599,0.0,12,LOW
user_4634,11,2,1,2,1,285.0445075598305,5.200887957676622,15.431636615776334,0,1,1,2,1,1,1,1.2000000000000002,0,1,0.0547880072036045,0,0.4121174521254879,0.5372286116789389,46,MEDIUM
user_4635,5,5,0,0,1,87.93982849157305,18.771237887700128,0.9366336235707726,0,3,1,0,0,2,1,1.25,0,-1,-0.0064797881027963,1,0.01,0.6849045488210888,28,LOW
user_4636,15,1,1,0,1,239.98587090511305,1.1189993915326233,21.142800815875084,0,1,1,0,1,1,1,0.7999999999999999,0,1,0.2129135634933541,0,0.13356667006213288,0.15609298252120107,14,LOW
user_4637,10,3,0,1,1,277.87304265907926,3.3934026568104785,9.073325692027922,0,1,1,1,0,1,1,0.85,0,1,0.2332993702223167,0,0.24213381063915532,0.10695635049384,19,LOW
user_4638,7,4,0,0,1,290.27340569977656,49.7588468524232,6.355496983068871,0,2,1,0,0,1,1,0.8999999999999999,0,1,0.190136950224284,0,0.20789731048021395,0.21099226023493423,21,LOW
user_4639,5,2,1,0,1,192.0438165251752,46.793903890701465,24.438217685048546,0,3,1,0,1,1,1,1.3,0,1,0.0162490086966805,0,0.009403192227619709,0.6301205248376833,26,LOW
user_4640,16,5,0,0,1,302.34542531860416,10.68418447088979,10.967381034966744,0,1,1,0,0,1,1,0.65,0,1,0.2776734227293848,0,0.2018966446523599,0.0,12,LOW
user_4641,14,4,0,1,1,207.9771143973184,10.692434926733126,1.427518551438426,0,1,1,1,0,1,1,0.85,0,1,0.2332993702223167,0,0.24213381063915532,0.10695635049384,19,LOW
user_4642,13,2,0,0,1,230.1541649332562,68.92396745451906,7.330054230898435,0,1,1,0,0,1,2,0.75,0,1,0.2193048404666994,0,0.33007420523328185,0.14068786125229182,25,LOW
user_4643,18,3,0,0,1,214.000666838602,0.6545221767613016,10.12296773064663,0,1,1,0,0,1,1,0.65,0,1,0.2776734227293848,0,0.2018966446523599,0.0,12,LOW
user_4644,15,3,0,1,1,171.8166389560601,21.705110448329208,22.881960903252327,0,1,1,1,0,1,1,0.85,0,1,0.2332993702223167,0,0.24213381063915532,0.10695635049384,19,LOW
user_4645,18,3,1,1,1,334.1831752452515,22.74470914384932,3.2835699678030377,0,1,1,1,1,1,1,1.0,0,1,0.1244119810262747,0,0.2600647053805528,0.3694114814818421,30,LOW
user_4646,9,4,1,0,1,242.88106902948465,38.76591110430391,15.810151224306486,0,1,1,0,1,1,1,0.7999999999999999,0,1,0.2129135634933541,0,0.13356667006213288,0.15609298252120107,14,LOW
user_4647,13,1,0,0,1,305.2391027195177,75.78425354695342,16.08502868897323,0,1,1,0,0,1,2,0.75,0,1,0.2193048404666994,0,0.33007420523328185,0.14068786125229182,25,LOW
user_4648,9,1,2,1,0,302.68267450587604,10.994721668163328,13098.387411213644,1,1,4,1,2,1,1,1.7500000000000002,1,-1,-0.0761863267491658,1,1.0,0.8529206879372072,94,HIGH
user_4649,13,1,0,0,1,181.92358714362103,14.398929060081112,0.1738340239297658,0,1,1,0,0,1,1,0.65,0,1,0.2776734227293848,0,0.2018966446523599,0.0,12,LOW
user_4650,13,0,2,1,0,312.9676348602961,300.4018611861942,11101.365490309528,1,1,4,1,2,1,3,1.95,1,-1,-0.1144623748562841,1,0.9677807294201104,0.9451788024335548,96,HIGH
user_4651,15,0,0,0,1,270.20485461295937,85.48781897986379,15.581693282340265,0,1,1,0,0,1,2,0.75,0,1,0.2193048404666994,0,0.33007420523328185,0.14068786125229182,25,LOW
user_4652,14,4,0,0,1,177.54588813162667,55.36260493491368,8.084027676434815,0,1,1,0,0,1,2,0.75,0,1,0.2193048404666994,0,0.33007420523328185,0.14068786125229182,25,LOW
user_4653,15,3,0,0,1,266.93104988049026,27.494299266238308,16.785066003658066,0,1,1,0,0,1,1,0.65,0,1,0.2776734227293848,0,0.2018966446523599,0.0,12,LOW
user_4654,16,3,0,0,1,178.6219269079159,48.57448623627314,9.736633640123896,0,1,1,0,0,1,1,0.65,0,1,0.2776734227293848,0,0.2018966446523599,0.0,12,LOW
user_4655,20,3,0,0,1,336.3875020787184,2.226366510206132,10.592733950146698,0,2,1,0,0,1,1,0.8999999999999999,0,1,0.190136950224284,0,0.20789731048021395,0.21099226023493423,21,LOW
user_4656,13,4,2,0,1,288.8272046953258,11.835313538839223,0.2855836138482858,0,1,1,0,2,1,1,0.95,0,1,0.1483955927109178,0,0.007188301157192252,0.31160293273497597,13,LOW
user_4657,11,2,0,0,1,235.7310862685379,0.3294739480169957,0.9277142837398954,0,1,1,0,0,1,1,0.65,0,1,0.2776734227293848,0,0.2018966446523599,0.0,12,LOW
user_4658,14,4,1,0,1,315.888217093031,4.884326100950027,12.910918879007108,0,1,1,0,1,1,1,0.7999999999999999,0,1,0.2129135634933541,0,0.13356667006213288,0.15609298252120107,14,LOW
user_4659,11,1,0,0,1,145.08074131778773,24.88961084489296,14.39034100584039,0,1,1,0,0,1,1,0.65,0,1,0.2776734227293848,0,0.2018966446523599,0.0,12,LOW
user_4660,18,5,0,1,1,195.03952199279752,54.19296998539935,7.812747687855987,0,1,1,1,0,1,2,0.95,0,1,0.1509357020843734,0,0.04950631867309361,0.30548041714105467,15,LOW
user_4661,13,3,0,0,1,224.8548166955777,25.04487499116776,8.920009502898717,0,1,1,0,0,1,1,0.65,0,1,0.2776734227293848,0,0.2018966446523599,0.0,12,LOW
user_4662,12,1,0,0,1,374.1410808855311,27.27638090699113,9.528661305561863,0,1,1,0,0,1,1,0.65,0,1,0.2776734227293848,0,0.2018966446523599,0.0,12,LOW
user_4663,12,3,1,0,1,175.77102594759566,2.740394613716872,1.1092186114979674,0,1,1,0,1,1,1,0.7999999999999999,0,1,0.2129135634933541,0,0.13356667006213288,0.15609298252120107,14,LOW
user_4664,16,2,0,0,1,137.5616434955596,27.33020972028876,11.023450595497348,0,1,1,0,0,1,1,0.65,0,1,0.2776734227293848,0,0.2018966446523599,0.0,12,LOW
user_4665,13,0,0,0,1,153.33686913010376,15.144287961009615,6.509884352723741,0,1,1,0,0,1,1,0.65,0,1,0.2776734227293848,0,0.2018966446523599,0.0,12,LOW
user_4666,12,3,0,0,1,294.3729521523361,26.34863903922595,9.22618149545273,0,1,1,0,0,1,1,0.65,0,1,0.2776734227293848,0,0.2018966446523599,0.0,12,LOW
user_4667,18,1,0,0,1,204.3484637676686,9.869551003091429,8.281466876184657,0,1,1,0,0,1,1,0.65,0,1,0.2776734227293848,0,0.2018966446523599,0.0,12,LOW
user_4668,11,0,2,0,1,230.4548001378832,21.776119935352817,14.396961861768334,0,1,1,0,2,1,1,0.95,0,1,0.1483955927109178,0,0.007188301157192252,0.31160293273497597,13,LOW
user_4669,14,5,0,0,1,285.76995850046904,13.794198313048966,3.835591997238928,0,1,1,0,0,1,1,0.65,0,1,0.2776734227293848,0,0.2018966446523599,0.0,12,LOW
user_4670,15,3,0,1,0,230.5149223225253,20.44719346170988,4.676483970916499,0,1,1,1,0,1,1,0.85,1,1,0.2332993702223167,0,0.5768895551079612,0.10695635049384,39,MEDIUM
user_4671,9,4,0,0,1,252.24879627048333,3.977517057114674,4.96933084404471,0,1,1,0,0,1,1,0.65,0,1,0.2776734227293848,0,0.2018966446523599,0.0,12,LOW
user_4672,15,3,0,0,0,272.1129088565817,12.597278640695803,14.374028270061755,0,1,1,0,0,1,1,0.65,1,1,0.2776734227293848,0,0.15500519134380158,0.0,9,LOW
user_4673,10,1,0,0,1,214.1594164823871,11.72125365934832,5.640727938014766,0,1,1,0,0,1,1,0.65,0,1,0.2776734227293848,0,0.2018966446523599,0.0,12,LOW
user_4674,16,2,0,0,1,230.02097640421897,33.33254224929948,1.94889935044876,0,1,1,0,0,1,1,0.65,0,1,0.2776734227293848,0,0.2018966446523599,0.0,12,LOW
user_4675,18,3,0,0,1,254.5173241392607,0.01,40.76954868240578,0,1,1,0,0,1,1,0.65,0,1,0.2776734227293848,0,0.2018966446523599,0.0,12,LOW
user_4676,16,6,0,1,1,292.0907563831932,59.88360154876739,6.799977425380732,0,1,1,1,0,1,2,0.95,0,1,0.1509357020843734,0,0.04950631867309361,0.30548041714105467,15,LOW
user_4677,17,1,2,0,1,192.45784414916105,24.99558545529429,1.156893225547103,0,1,1,0,2,1,1,0.95,0,1,0.1483955927109178,0,0.007188301157192252,0.31160293273497597,13,LOW
user_4678,16,4,0,0,1,58.76544469021323,9.441888369431894,11.09496171803528,0,1,1,0,0,2,1,0.75,0,1,0.0934671910539906,0,0.40261253039389167,0.44399880482146026,42,MEDIUM
user_4679,14,5,0,0,1,280.7749889631388,372.2812616224234,13.438571247148325,0,1,1,0,0,1,3,0.8500000000000001,0,1,0.1140437691094343,0,0.29646344472155617,0.3944023499087308,34,MEDIUM
user_4680,13,3,2,0,1,295.66295512500506,17.17901060173918,6.935929577216128,0,1,1,0,2,1,1,0.95,0,1,0.1483955927109178,0,0.007188301157192252,0.31160293273497597,13,LOW
user_4681,12,5,0,0,1,252.00204972781032,5.37607407843659,10.397507777074736,0,1,1,0,0,1,1,0.65,0,1,0.2776734227293848,0,0.2018966446523599,0.0,12,LOW
user_4682,18,2,2,0,1,256.0975931373921,34.399836780827336,1.895575106568608,0,1,1,0,2,1,1,0.95,0,1,0.1483955927109178,0,0.007188301157192252,0.31160293273497597,13,LOW
user_4683,11,6,2,1,1,206.1414063515897,3.554398971171137,4.587430842749108,0,1,1,1,2,1,1,1.15,0,1,0.0590725335016217,0,0.024931712964170426,0.5269014661842195,23,LOW
user_4684,10,3,0,0,1,270.01100529209543,4.905035892208569,1.7653266883078516,0,1,1,0,0,1,1,0.65,0,1,0.2776734227293848,0,0.2018966446523599,0.0,12,LOW
user_4685,15,0,0,0,1,291.1900091810513,35.548652822235695,4.897741954432451,0,1,1,0,0,1,1,0.65,0,1,0.2776734227293848,0,0.2018966446523599,0.0,12,LOW
user_4686,11,5,0,0,0,243.38978048510907,36.75763181715211,8.273657170695774,0,1,1,0,0,1,1,0.65,1,1,0.2776734227293848,0,0.15500519134380158,0.0,9,LOW
user_4687,11,2,0,0,1,389.474899800436,39.10937533837114,5.843634636742985,0,1,1,0,0,1,1,0.65,0,1,0.2776734227293848,0,0.2018966446523599,0.0,12,LOW
user_4688,9,2,0,1,1,146.17553473971722,8.679614591519607,8.994700971244836,0,1,1,1,0,1,1,0.85,0,1,0.2332993702223167,0,0.24213381063915532,0.10695635049384,19,LOW
user_4689,12,3,0,1,1,249.7777002513808,50.35772818045534,6.966717312349411,0,1,1,1,0,1,2,0.95,0,1,0.1509357020843734,0,0.04950631867309361,0.30548041714105467,15,LOW
user_4690,13,0,0,0,1,169.53882226096113,32.06351061958097,3.8245347841004618,0,1,1,0,0,1,1,0.65,0,1,0.2776734227293848,0,0.2018966446523599,0.0,12,LOW
user_4691,14,2,0,0,1,292.7907554374134,44.88927954728604,1.5480289027811005,0,1,1,0,0,1,1,0.65,0,1,0.2776734227293848,0,0.2018966446523599,0.0,12,LOW
user_4692,16,4,0,0,1,145.11147431746912,30.82693018633465,2.9125225319782744,0,1,1,0,0,1,1,0.65,0,1,0.2776734227293848,0,0.2018966446523599,0.0,12,LOW
user_4693,15,0,1,0,1,159.96470743693808,21.663505412022506,2.240355138628062,0,1,1,0,1,1,1,0.7999999999999999,0,1,0.2129135634933541,0,0.13356667006213288,0.15609298252120107,14,LOW
user_4694,13,1,0,0,1,202.0087835670477,2.8963503858398663,12.290249849964232,0,1,1,0,0,1,1,0.65,0,1,0.2776734227293848,0,0.2018966446523599,0.0,12,LOW
user_4695,4,0,0,2,1,255.949930191324,31.02769738338268,17.146142473452464,1,3,1,2,0,1,1,1.5500000000000005,0,1,0.0178213557717713,0,0.9935488642050614,0.6263306409898065,85,HIGH
user_4696,15,2,1,0,1,204.27171668030297,559.6269339397315,12.743545158742949,0,1,1,0,1,1,3,1.0,0,1,0.0520534259176199,0,0.4862092838962424,0.543819869811855,51,MEDIUM
user_4697,17,4,0,0,1,204.8735242440544,9.367013812182073,10.32078048726644,0,1,1,0,0,1,1,0.65,0,1,0.2776734227293848,0,0.2018966446523599,0.0,12,LOW
user_4698,14,4,0,0,1,229.1465727044349,33.27809289396807,3.679545398046072,0,1,1,0,0,1,1,0.65,0,1,0.2776734227293848,0,0.2018966446523599,0.0,12,LOW
user_4699,12,5,0,0,1,225.46559045630963,19.987958136695024,12.41278623628508,0,1,1,0,0,1,1,0.65,0,1,0.2776734227293848,0,0.2018966446523599,0.0,12,LOW
user_4700,11,3,0,0,1,329.2469632991114,20.49080009784746,9.2908082751789,0,1,1,0,0,1,1,0.65,0,1,0.2776734227293848,0,0.2018966446523599,0.0,12,LOW
user_4701,9,1,0,0,1,281.15466718013806,11.456014303339249,0.4802848933937378,0,1,1,0,0,1,1,0.65,0,1,0.2776734227293848,0,0.2018966446523599,0.0,12,LOW
user_4702,15,5,0,0,1,220.52539561292136,3.104666667857533,23.81759460379492,0,1,1,0,0,1,1,0.65,0,1,0.2776734227293848,0,0.2018966446523599,0.0,12,LOW
user_4703,15,4,0,0,1,365.8207146728169,6.113280447521728,0.8333143748205017,0,1,1,0,0,1,1,0.65,0,1,0.2776734227293848,0,0.2018966446523599,0.0,12,LOW
user_4704,15,3,0,0,1,269.4996704913606,36.61522651124445,6.985777075338238,0,1,1,0,0,1,1,0.65,0,1,0.2776734227293848,0,0.2018966446523599,0.0,12,LOW
user_4705,13,3,1,0,1,181.8622766811871,7.9171855972803264,7.19633163351871,0,1,1,0,1,1,1,0.7999999999999999,0,1,0.2129135634933541,0,0.13356667006213288,0.15609298252120107,14,LOW
user_4706,18,5,0,2,1,255.39082439951065,0.0563899070335854,18.140491819600896,0,1,1,2,0,1,1,1.05,0,1,0.1541262400811022,0,0.4301355521591885,0.2977901503981718,38,MEDIUM
user_4707,12,3,1,2,1,272.1307526919189,145.37417401508495,24.426233355237898,0,1,1,2,1,1,2,1.3,0,-1,-0.0066553003840512,1,0.07226061812118971,0.6853275922892705,32,MEDIUM
user_4708,16,2,0,1,1,198.7425168563191,5.914657344491123,28.08021788316222,0,1,1,1,0,1,1,0.85,0,1,0.2332993702223167,0,0.24213381063915532,0.10695635049384,19,LOW
user_4709,13,3,0,0,1,176.84946535163766,26.633051388342,8.432078805534944,0,1,1,0,0,1,1,0.65,0,1,0.2776734227293848,0,0.2018966446523599,0.0,12,LOW
user_4710,12,0,1,0,1,245.18754540254653,478.3553236537184,11.36445722798272,0,1,1,0,1,1,3,1.0,0,1,0.0520534259176199,0,0.4862092838962424,0.543819869811855,51,MEDIUM
user_4711,15,2,0,0,1,218.38669372163787,22.88932065537358,0.9268547600875798,0,1,1,0,0,1,1,0.65,0,1,0.2776734227293848,0,0.2018966446523599,0.0,12,LOW
user_4712,15,2,0,2,1,328.7476733073265,40.1150674094254,6.692666260756663,0,1,1,2,0,1,1,1.05,0,1,0.1541262400811022,0,0.4301355521591885,0.2977901503981718,38,MEDIUM
user_4713,15,0,0,0,1,284.4693494450949,93.63276617453025,22.813785912211827,0,1,1,0,0,1,2,0.75,0,1,0.2193048404666994,0,0.33007420523328185,0.14068786125229182,25,LOW
user_4714,14,0,0,0,0,201.55348355480515,49.21780327651932,6.082494793797872,0,1,1,0,0,1,1,0.65,1,1,0.2776734227293848,0,0.15500519134380158,0.0,9,LOW
user_4715,13,0,0,0,1,265.5562866569153,20.405710662596515,0.7213415956314635,0,1,1,0,0,1,1,0.65,0,1,0.2776734227293848,0,0.2018966446523599,0.0,12,LOW
user_4716,21,3,0,0,1,316.0276885634844,11.30224335644522,2.239453006498983,0,2,1,0,0,1,1,0.8999999999999999,0,1,0.190136950224284,0,0.20789731048021395,0.21099226023493423,21,LOW
user_4717,17,4,0,0,1,156.371733246021,16.46692647336128,5.612542437334568,0,1,1,0,0,1,1,0.65,0,1,0.2776734227293848,0,0.2018966446523599,0.0,12,LOW
user_4718,16,6,0,0,1,178.63330554073485,46.10151623518589,2.711898923817788,0,1,1,0,0,1,1,0.65,0,1,0.2776734227293848,0,0.2018966446523599,0.0,12,LOW
user_4719,14,1,0,0,1,239.32988296322813,47.99344801176016,4.980617387332976,0,1,1,0,0,1,1,0.65,0,1,0.2776734227293848,0,0.2018966446523599,0.0,12,LOW
user_4720,17,3,0,2,1,242.1361180743021,46.74652643557419,4.049080762832903,0,1,1,2,0,1,1,1.05,0,1,0.1541262400811022,0,0.4301355521591885,0.2977901503981718,38,MEDIUM
user_4721,15,5,2,0,1,236.8681496722284,307.0680146805114,3.840887973720751,0,1,1,0,2,1,3,1.15,0,1,0.0057788241369982,0,0.10169334419705707,0.6553571815375012,32,MEDIUM
user_4722,14,0,0,1,1,221.3533692727393,16.202238279971198,0.9559129004462528,0,1,1,1,0,1,1,0.85,0,1,0.2332993702223167,0,0.24213381063915532,0.10695635049384,19,LOW
user_4723,13,3,0,0,1,220.4363806528788,9.32511939572794,21.43145774871269,0,1,1,0,0,1,1,0.65,0,1,0.2776734227293848,0,0.2018966446523599,0.0,12,LOW
user_4724,13,4,0,0,1,263.0554882092977,0.0841628885424397,11.799511597612272,0,1,1,0,0,1,1,0.65,0,1,0.2776734227293848,0,0.2018966446523599,0.0,12,LOW
user_4725,21,0,0,0,1,308.0365532183504,296.0040184817992,9.765236247974848,0,2,1,0,0,1,3,1.1,0,1,0.0342845539061483,0,0.6068219504766365,0.5866488113974004,60,MEDIUM
user_4726,14,4,0,0,1,211.1428362186944,8.108591946728867,9.325964710598754,0,1,1,0,0,1,1,0.65,0,1,0.2776734227293848,0,0.2018966446523599,0.0,12,LOW
user_4727,12,4,0,0,1,386.30396071023927,332.4978272707205,5.050129248053783,0,1,1,0,0,1,3,0.8500000000000001,0,1,0.1140437691094343,0,0.29646344472155617,0.3944023499087308,34,MEDIUM
user_4728,18,0,0,0,1,357.641486144419,46.3644826792291,17.333885409394444,0,1,1,0,0,1,1,0.65,0,1,0.2776734227293848,0,0.2018966446523599,0.0,12,LOW
user_4729,14,0,0,0,1,319.7553377748049,1.34164363754728,26.598315420384104,0,1,1,0,0,1,1,0.65,0,1,0.2776734227293848,0,0.2018966446523599,0.0,12,LOW
user_4730,10,0,0,0,1,277.34900007369373,65.64574600658682,0.0563308506987197,0,1,1,0,0,1,2,0.75,0,1,0.2193048404666994,0,0.33007420523328185,0.14068786125229182,25,LOW
user_4731,13,1,0,0,1,360.47928638820935,0.0340712674444452,0.8251076740338161,0,1,1,0,0,1,1,0.65,0,1,0.2776734227293848,0,0.2018966446523599,0.0,12,LOW
user_4732,10,2,0,0,1,222.59307810003548,69.99144097857015,11.23855075978149,0,1,1,0,0,1,2,0.75,0,1,0.2193048404666994,0,0.33007420523328185,0.14068786125229182,25,LOW
user_4733,15,2,0,0,1,190.043735280586,15.163161171193238,2.692748270365631,0,1,1,0,0,1,1,0.65,0,1,0.2776734227293848,0,0.2018966446523599,0.0,12,LOW
user_4734,14,1,0,0,1,208.4416764357609,2.693044340635299,24.27071784185138,0,1,1,0,0,1,1,0.65,0,1,0.2776734227293848,0,0.2018966446523599,0.0,12,LOW
user_4735,16,5,0,0,1,179.8234318145951,28.033825292539177,11.008539947635144,0,1,1,0,0,1,1,0.65,0,1,0.2776734227293848,0,0.2018966446523599,0.0,12,LOW
user_4736,11,2,2,0,1,247.30807933880217,56.54962024934246,4.593268378279041,0,1,1,0,2,1,2,1.05,0,1,0.0515919801040551,0,0.01030309988802873,0.5449321090007749,22,LOW
user_4737,14,0,1,0,1,257.98982784766457,14.409575120688476,5.366262881005451,0,1,1,0,1,1,1,0.7999999999999999,0,1,0.2129135634933541,0,0.13356667006213288,0.15609298252120107,14,LOW
user_4738,9,1,1,0,1,252.05039032086643,29.38932347159184,11.74033832437506,0,1,1,0,1,1,1,0.7999999999999999,0,1,0.2129135634933541,0,0.13356667006213288,0.15609298252120107,14,LOW
user_4739,16,2,0,0,1,239.25411886909205,97.01640347927685,1.5194456811801451,0,1,1,0,0,1,2,0.75,0,1,0.2193048404666994,0,0.33007420523328185,0.14068786125229182,25,LOW
user_4740,15,2,0,0,1,247.98927169029693,6.883985189890657,21.49107899164229,0,1,1,0,0,1,1,0.65,0,1,0.2776734227293848,0,0.2018966446523599,0.0,12,LOW
user_4741,15,1,0,0,0,344.17942853099333,42.93246334141995,0.0478311932900581,0,1,1,0,0,1,1,0.65,1,1,0.2776734227293848,0,0.15500519134380158,0.0,9,LOW
user_4742,14,0,0,0,1,277.203112058345,8.74734645137639,38.60709993168636,0,1,1,0,0,1,1,0.65,0,1,0.2776734227293848,0,0.2018966446523599,0.0,12,LOW
user_4743,15,4,0,0,1,295.35052779628927,13.892855224638224,1.834968235852059,0,1,1,0,0,1,1,0.65,0,1,0.2776734227293848,0,0.2018966446523599,0.0,12,LOW
user_4744,18,6,0,1,1,251.44739620120728,8.273991866131695,13.55227409770766,0,1,1,1,0,1,1,0.85,0,1,0.2332993702223167,0,0.24213381063915532,0.10695635049384,19,LOW
user_4745,11,1,0,0,0,143.06467809191537,89.36576019877432,0.4074356743236514,0,1,1,0,0,1,2,0.75,1,1,0.2193048404666994,0,0.06599719639822756,0.14068786125229182,10,LOW
user_4746,14,2,0,0,0,131.16705177182934,0.1275506413630619,5.646289059655773,0,1,1,0,0,1,1,0.65,1,1,0.2776734227293848,0,0.15500519134380158,0.0,9,LOW
user_4747,10,3,2,1,1,364.9685994125109,9.039992241498238,9.951004229592955,0,1,1,1,2,1,1,1.15,0,1,0.0590725335016217,0,0.024931712964170426,0.5269014661842195,23,LOW
user_4748,11,3,0,0,1,208.09066348612672,14.732928764647898,0.7281530080600568,0,1,1,0,0,1,1,0.65,0,1,0.2776734227293848,0,0.2018966446523599,0.0,12,LOW
user_4749,2,2,0,2,1,202.9949193508841,25.0081306752854,5.857171598256077,1,3,1,2,0,1,1,1.5500000000000005,0,1,0.0178213557717713,0,0.9935488642050614,0.6263306409898065,85,HIGH
user_4750,17,5,0,2,1,254.7397944826349,25.35871271504906,3.611655876750264,0,1,1,2,0,1,1,1.05,0,1,0.1541262400811022,0,0.4301355521591885,0.2977901503981718,38,MEDIUM
user_4751,13,3,1,1,1,273.02417869979564,21.91387028119695,6.896405598813887,0,1,1,1,1,1,1,1.0,0,1,0.1244119810262747,0,0.2600647053805528,0.3694114814818421,30,LOW
user_4752,13,2,0,0,1,280.61172824006474,8.669240868469117,7.023423992397634,0,1,1,0,0,1,1,0.65,0,1,0.2776734227293848,0,0.2018966446523599,0.0,12,LOW
user_4753,12,3,1,0,1,346.46511197280023,73.62803036538233,15.381950679665668,0,1,1,0,1,1,2,0.8999999999999999,0,1,0.1194195039721256,0,0.26547768987979625,0.3814450257597952,31,MEDIUM
user_4754,12,6,0,0,1,330.0441829594765,12.43826915607066,1.3182374114291957,0,1,1,0,0,1,1,0.65,0,1,0.2776734227293848,0,0.2018966446523599,0.0,12,LOW
user_4755,14,4,0,0,1,191.3440065216707,6.112178509053284,0.8634207489222101,0,1,1,0,0,1,1,0.65,0,1,0.2776734227293848,0,0.2018966446523599,0.0,12,LOW
user_4756,9,0,0,0,1,298.12407440530734,20.21467694408873,5.139809854190589,0,1,1,0,0,1,1,0.65,0,1,0.2776734227293848,0,0.2018966446523599,0.0,12,LOW
user_4757,17,1,0,0,1,216.95454490735207,34.55045491203809,21.849791341395672,0,1,1,0,0,1,1,0.65,0,1,0.2776734227293848,0,0.2018966446523599,0.0,12,LOW
user_4758,12,2,1,1,1,231.7494753341534,0.3077254730648133,19.32882022552068,0,1,1,1,1,1,1,1.0,0,1,0.1244119810262747,0,0.2600647053805528,0.3694114814818421,30,LOW
user_4759,16,1,2,0,1,174.36064764291825,8.085978696288828,8.209644369301547,0,1,1,0,2,1,1,0.95,0,1,0.1483955927109178,0,0.007188301157192252,0.31160293273497597,13,LOW
user_4760,10,3,0,0,1,138.41562877011543,43.57106891237431,21.96189483970205,0,1,1,0,0,1,1,0.65,0,1,0.2776734227293848,0,0.2018966446523599,0.0,12,LOW
user_4761,16,4,0,0,1,238.10629724206268,17.682222290669717,16.36519313345938,0,1,1,0,0,1,1,0.65,0,1,0.2776734227293848,0,0.2018966446523599,0.0,12,LOW
user_4762,16,4,0,0,1,182.64108503332525,13.126845582056726,3.256462933179144,0,1,1,0,0,1,1,0.65,0,1,0.2776734227293848,0,0.2018966446523599,0.0,12,LOW
user_4763,15,6,1,0,1,295.6688207143222,66.8054766553429,1.8645763512034768,0,1,1,0,1,1,2,0.8999999999999999,0,1,0.1194195039721256,0,0.26547768987979625,0.3814450257597952,31,MEDIUM
user_4764,11,1,2,0,0,223.13530538879272,2.344998191114249,7203.759860208893,1,1,4,0,2,1,1,1.5500000000000005,1,-1,-0.0398435368800551,1,0.9980601933947105,0.7653223742482461,90,HIGH
user_4765,14,4,0,0,1,258.5154131369924,23.89985208752642,2.576287367694234,0,1,1,0,0,1,1,0.65,0,1,0.2776734227293848,0,0.2018966446523599,0.0,12,LOW
user_4766,10,4,0,0,1,322.0515452349259,10.47092978986754,9.747644615181738,0,1,1,0,0,1,1,0.65,0,1,0.2776734227293848,0,0.2018966446523599,0.0,12,LOW
user_4767,13,2,0,0,1,150.8822890930735,1.8364114879716609,8.792336865480495,0,1,1,0,0,1,1,0.65,0,1,0.2776734227293848,0,0.2018966446523599,0.0,12,LOW
user_4768,17,4,0,0,1,196.5229566870188,6.011837167827767,9.12391801224222,0,1,1,0,0,1,1,0.65,0,1,0.2776734227293848,0,0.2018966446523599,0.0,12,LOW
user_4769,16,0,0,0,1,250.85301747395096,302.32023951128804,2.09861569266954,0,1,1,0,0,1,3,0.8500000000000001,0,1,0.1140437691094343,0,0.29646344472155617,0.3944023499087308,34,MEDIUM
user_4770,14,4,0,0,0,258.75148894939565,0.7171106622413876,15.695574423357971,0,1,1,0,0,1,1,0.65,1,1,0.2776734227293848,0,0.15500519134380158,0.0,9,LOW
user_4771,11,2,0,0,1,306.20985007633954,350.512137255798,5.685007891154136,0,1,1,0,0,1,3,0.8500000000000001,0,1,0.1140437691094343,0,0.29646344472155617,0.3944023499087308,34,MEDIUM
user_4772,15,1,0,0,1,292.02918774243585,78.5770655799793,6.395152715608981,0,1,1,0,0,1,2,0.75,0,1,0.2193048404666994,0,0.33007420523328185,0.14068786125229182,25,LOW
user_4773,14,3,0,0,1,245.8160175438444,583.1302183905801,57.96505254378015,0,1,2,0,0,1,3,1.05,0,1,0.0106781769941658,0,0.12249091071220441,0.6435480978100065,33,MEDIUM
user_4774,7,3,0,1,1,258.2042802358353,10.600800764572698,3.3166431357677144,0,2,1,1,0,1,1,1.1,0,1,0.1083396961540713,0,0.5687783155237143,0.4081510789922207,50,MEDIUM
user_4775,16,1,0,0,1,259.8645534594294,3.7185231596865305,5.011030483978121,0,1,1,0,0,1,1,0.65,0,1,0.2776734227293848,0,0.2018966446523599,0.0,12,LOW
user_4776,13,0,0,0,1,151.81725811957466,15.640224413994892,11.28442440145158,0,1,1,0,0,1,1,0.65,0,1,0.2776734227293848,0,0.2018966446523599,0.0,12,LOW
user_4777,17,2,2,0,1,230.61747135870232,12.47862093784484,21.23711307858673,0,1,1,0,2,1,1,0.95,0,1,0.1483955927109178,0,0.007188301157192252,0.31160293273497597,13,LOW
user_4778,10,3,0,0,1,254.9083930798256,376.978873144226,1.3556890315036296,0,1,1,0,0,1,3,0.8500000000000001,0,1,0.1140437691094343,0,0.29646344472155617,0.3944023499087308,34,MEDIUM
user_4779,3,4,1,0,1,267.5130515271064,142.54960140154546,13.281983223790936,0,3,1,0,1,1,2,1.4,0,-1,-0.0218861284163053,1,0.011227614977614979,0.7220389965737833,30,LOW
user_4780,14,5,1,0,1,184.53819359615045,13.215604407814704,25.04462945611808,0,1,1,0,1,1,1,0.7999999999999999,0,1,0.2129135634933541,0,0.13356667006213288,0.15609298252120107,14,LOW
user_4781,14,2,0,1,1,163.87212524826654,4.027233605751817,5.497823683686086,0,1,1,1,0,1,1,0.85,0,1,0.2332993702223167,0,0.24213381063915532,0.10695635049384,19,LOW
user_4782,8,4,0,0,1,225.9280444489152,60.36853554450309,3.378909346043868,0,2,1,0,0,1,2,1.0,0,1,0.1157188029811144,0,0.21090605726134576,0.39036495643785196,28,LOW
user_4783,11,2,0,0,1,358.04196666548967,39.44149030799141,11.323877520775383,0,1,1,0,0,1,1,0.65,0,1,0.2776734227293848,0,0.2018966446523599,0.0,12,LOW
user_4784,21,4,0,0,1,190.8451492362799,60.84104844674848,2.8246059643263925,0,2,1,0,0,1,2,1.0,0,1,0.1157188029811144,0,0.21090605726134576,0.39036495643785196,28,LOW
user_4785,13,1,0,0,1,310.4356948412886,11.3672232260487,4.849787938778071,0,1,1,0,0,1,1,0.65,0,1,0.2776734227293848,0,0.2018966446523599,0.0,12,LOW
user_4786,16,2,0,0,1,335.0843785827072,14.862692253905209,22.72185615964252,0,1,1,0,0,1,1,0.65,0,1,0.2776734227293848,0,0.2018966446523599,0.0,12,LOW
user_4787,12,3,0,0,1,242.72799157399163,58.03940094764106,8.924095522879256,0,1,1,0,0,1,2,0.75,0,1,0.2193048404666994,0,0.33007420523328185,0.14068786125229182,25,LOW
user_4788,7,0,0,1,1,199.20912392079293,5.103244350107169,0.9979521581852971,0,2,1,1,0,1,1,1.1,0,1,0.1083396961540713,0,0.5687783155237143,0.4081510789922207,50,MEDIUM
user_4789,13,4,0,1,1,270.7691738194935,41.09860166122768,4.000262228656015,0,1,1,1,0,1,1,0.85,0,1,0.2332993702223167,0,0.24213381063915532,0.10695635049384,19,LOW
user_4790,13,4,1,0,1,251.6994175259697,0.4589529147002012,9.868880105844426,0,1,1,0,1,1,1,0.7999999999999999,0,1,0.2129135634933541,0,0.13356667006213288,0.15609298252120107,14,LOW
user_4791,12,2,0,0,1,188.4537611885815,63.32260604290194,6.568106942442072,0,1,1,0,0,1,2,0.75,0,1,0.2193048404666994,0,0.33007420523328185,0.14068786125229182,25,LOW
user_4792,13,2,1,0,1,200.47183041769344,17.34354791682058,10.798081501418258,0,1,1,0,1,1,1,0.7999999999999999,0,1,0.2129135634933541,0,0.13356667006213288,0.15609298252120107,14,LOW
user_4793,14,4,0,0,1,267.21479112871987,6.428751408806665,14.331403706407295,0,1,1,0,0,1,1,0.65,0,1,0.2776734227293848,0,0.2018966446523599,0.0,12,LOW
user_4794,23,4,0,1,1,296.00642449011286,96.59791481878976,6.551100910834732,0,3,1,1,0,1,2,1.45,0,-1,-0.0026340983693405,1,0.05069452606217311,0.6756351466415933,30,LOW
user_4795,18,1,1,0,1,220.63258792107675,139.16750597474686,43.39096372102203,0,1,1,0,1,1,2,0.8999999999999999,0,1,0.1194195039721256,0,0.26547768987979625,0.3814450257597952,31,MEDIUM
user_4796,15,1,1,0,1,235.8519861067168,7.0089860636728565,24.61274607292887,0,1,1,0,1,1,1,0.7999999999999999,0,1,0.2129135634933541,0,0.13356667006213288,0.15609298252120107,14,LOW
user_4797,8,3,0,0,1,280.1183142306648,24.94188123503477,0.6177690438702533,0,2,1,0,0,1,1,0.8999999999999999,0,1,0.190136950224284,0,0.20789731048021395,0.21099226023493423,21,LOW
user_4798,7,3,0,0,1,229.65078694956387,8.25323472773724,3.098338040745876,0,2,1,0,0,1,1,0.8999999999999999,0,1,0.190136950224284,0,0.20789731048021395,0.21099226023493423,21,LOW
user_4799,16,0,0,0,1,222.04038160224687,2.303540926280409,3.574516916860065,0,1,1,0,0,1,1,0.65,0,1,0.2776734227293848,0,0.2018966446523599,0.0,12,LOW
user_4800,15,1,0,2,1,194.6795508163665,17.58254561419036,2.036968165927441,0,1,1,2,0,1,1,1.05,0,1,0.1541262400811022,0,0.4301355521591885,0.2977901503981718,38,MEDIUM
user_4801,13,4,0,0,1,193.6389225975581,20.78069326825701,3.7399042832846296,0,1,1,0,0,1,1,0.65,0,1,0.2776734227293848,0,0.2018966446523599,0.0,12,LOW
user_4802,9,3,1,0,1,400.1329654933953,15.06393152552088,5.530733441078627,0,1,1,0,1,1,1,0.7999999999999999,0,1,0.2129135634933541,0,0.13356667006213288,0.15609298252120107,14,LOW
user_4803,11,6,0,0,1,228.2279003952551,15.313871952214756,0.5292723801243431,0,1,1,0,0,1,1,0.65,0,1,0.2776734227293848,0,0.2018966446523599,0.0,12,LOW
user_4804,13,4,0,0,1,321.90349929073346,22.26862841479123,1.3616369538975517,0,1,1,0,0,1,1,0.65,0,1,0.2776734227293848,0,0.2018966446523599,0.0,12,LOW
user_4805,9,5,0,0,1,341.03960025114424,18.68235089944816,1.0119794540169966,0,1,1,0,0,1,1,0.65,0,1,0.2776734227293848,0,0.2018966446523599,0.0,12,LOW
user_4806,11,1,1,0,1,228.98506263041045,3.555440619716833,0.4742388405930738,0,1,1,0,1,1,1,0.7999999999999999,0,1,0.2129135634933541,0,0.13356667006213288,0.15609298252120107,14,LOW
user_4807,15,4,2,0,1,262.1057885060861,5.487680721550775,6.568095045626615,0,1,1,0,2,1,1,0.95,0,1,0.1483955927109178,0,0.007188301157192252,0.31160293273497597,13,LOW
user_4808,18,0,0,0,1,246.14870892198192,3.822691692189948,4.061699813121401,0,1,1,0,0,1,1,0.65,0,1,0.2776734227293848,0,0.2018966446523599,0.0,12,LOW
user_4809,12,3,0,0,1,143.2690589604794,29.54677009315432,27.40272244712853,0,1,1,0,0,1,1,0.65,0,1,0.2776734227293848,0,0.2018966446523599,0.0,12,LOW
user_4810,20,2,0,0,1,146.88161926511026,0.01,1.0843249094783525,0,2,1,0,0,1,1,0.8999999999999999,0,1,0.190136950224284,0,0.20789731048021395,0.21099226023493423,21,LOW
user_4811,8,1,0,0,1,242.9309080142564,14.046619530127144,26.04167809763662,0,2,1,0,0,1,1,0.8999999999999999,0,1,0.190136950224284,0,0.20789731048021395,0.21099226023493423,21,LOW
user_4812,15,4,0,2,1,214.50518768348425,40.02917964366684,0.9052184135618722,0,1,1,2,0,1,1,1.05,0,1,0.1541262400811022,0,0.4301355521591885,0.2977901503981718,38,MEDIUM
user_4813,11,4,1,0,1,353.49482030361537,9.85551388400987,9.65526530160364,0,1,1,0,1,1,1,0.7999999999999999,0,1,0.2129135634933541,0,0.13356667006213288,0.15609298252120107,14,LOW
user_4814,14,0,2,0,1,225.8056236783229,20.989415663182747,2.84660425397261,0,1,1,0,2,1,1,0.95,0,1,0.1483955927109178,0,0.007188301157192252,0.31160293273497597,13,LOW
user_4815,13,3,0,1,1,357.0557398240875,1.9330328909151848,17.533408843891223,0,1,1,1,0,1,1,0.85,0,1,0.2332993702223167,0,0.24213381063915532,0.10695635049384,19,LOW
user_4816,4,2,0,2,1,211.4165162318673,34.10393835032347,0.6344560076864257,1,3,1,2,0,1,1,1.5500000000000005,0,1,0.0178213557717713,0,0.9935488642050614,0.6263306409898065,85,HIGH
user_4817,11,2,0,0,1,354.73202523653606,29.7018667031605,30.4719728309691,0,1,1,0,0,1,1,0.65,0,1,0.2776734227293848,0,0.2018966446523599,0.0,12,LOW
user_4818,15,4,0,0,1,270.3854698168408,40.535185209475415,0.4841029667776941,0,1,1,0,0,1,1,0.65,0,1,0.2776734227293848,0,0.2018966446523599,0.0,12,LOW
user_4819,13,1,0,0,1,273.7975137462718,53.95691537452117,2.759027463215439,0,1,1,0,0,1,2,0.75,0,1,0.2193048404666994,0,0.33007420523328185,0.14068786125229182,25,LOW
user_4820,13,5,0,0,1,209.29416259598105,35.47335916634456,6.23965815498152,0,1,1,0,0,1,1,0.65,0,1,0.2776734227293848,0,0.2018966446523599,0.0,12,LOW
user_4821,13,0,0,0,1,274.6150308242213,46.52611335544219,14.108243218602748,0,1,1,0,0,1,1,0.65,0,1,0.2776734227293848,0,0.2018966446523599,0.0,12,LOW
user_4822,11,3,0,2,1,341.562805984875,10.60299826988988,30.18237988787552,0,1,1,2,0,1,1,1.05,0,1,0.1541262400811022,0,0.4301355521591885,0.2977901503981718,38,MEDIUM
user_4823,13,3,0,0,1,231.31035035639167,10.51462202462909,5.5869047093842825,0,1,1,0,0,1,1,0.65,0,1,0.2776734227293848,0,0.2018966446523599,0.0,12,LOW
user_4824,13,1,0,0,1,219.63619107800287,72.19474630205316,14.159707568049086,0,1,1,0,0,1,2,0.75,0,1,0.2193048404666994,0,0.33007420523328185,0.14068786125229182,25,LOW
user_4825,14,1,0,0,1,225.1942476683947,333.1423476618738,12.988790986688509,0,1,1,0,0,1,3,0.8500000000000001,0,1,0.1140437691094343,0,0.29646344472155617,0.3944023499087308,34,MEDIUM
user_4826,14,4,0,0,1,337.2066963003862,19.879350427936483,8.466921328892662,0,1,1,0,0,1,1,0.65,0,1,0.2776734227293848,0,0.2018966446523599,0.0,12,LOW
user_4827,16,4,0,0,1,291.3210724200652,11.414701948964291,11.741524702700533,0,1,1,0,0,1,1,0.65,0,1,0.2776734227293848,0,0.2018966446523599,0.0,12,LOW
user_4828,16,1,2,0,0,326.8607994282671,50.24817247345565,11998.707824812154,1,1,4,0,2,1,2,1.65,1,-1,-0.0795610185938726,1,1.0,0.8610548272226302,94,HIGH
user_4829,10,2,0,0,1,258.81736262905616,9.767286906375617,5.826392571808354,0,1,1,0,0,1,1,0.65,0,1,0.2776734227293848,0,0.2018966446523599,0.0,12,LOW
user_4830,15,0,0,2,1,242.35916140666995,0.01,15.411285134080565,1,1,1,2,0,1,1,1.05,0,1,0.1541262400811022,0,0.4301355521591885,0.2977901503981718,38,MEDIUM
user_4831,10,1,2,0,1,265.43664234423795,25.50607508693438,6.428745824108039,0,1,1,0,2,1,1,0.95,0,1,0.1483955927109178,0,0.007188301157192252,0.31160293273497597,13,LOW
user_4832,15,2,0,1,1,304.2095120647524,1.08891956128324,20.675492104194177,0,1,1,1,0,1,1,0.85,0,1,0.2332993702223167,0,0.24213381063915532,0.10695635049384,19,LOW
user_4833,15,0,0,0,1,225.1729054447281,11.914707765540502,17.935884000912083,0,1,1,0,0,1,1,0.65,0,1,0.2776734227293848,0,0.2018966446523599,0.0,12,LOW
user_4834,8,4,0,1,1,9.95030503257413,1902.904168874624,19.91035359147891,1,2,1,1,0,3,4,1.6,0,-1,-0.1221117222117136,1,0.9974242424242425,0.9636162953054561,98,HIGH
user_4835,14,3,0,0,1,261.9498334239526,8.746604593926113,1.39258257718005,0,1,1,0,0,1,1,0.65,0,1,0.2776734227293848,0,0.2018966446523599,0.0,12,LOW
user_4836,12,5,1,0,1,95.62331171818931,66.95578547915204,2.799005929345648,0,1,1,0,1,2,2,1.0,0,1,0.0398508531466936,0,0.11529285849998,0.5732321631787025,30,LOW
user_4837,11,3,1,0,1,293.00960562631167,77.98971784815608,0.3004411139347704,0,1,1,0,1,1,2,0.8999999999999999,0,1,0.1194195039721256,0,0.26547768987979625,0.3814450257597952,31,MEDIUM
user_4838,18,5,2,2,1,163.66169920428104,42.29554135003696,40.6288815553564,0,1,1,2,2,1,1,1.3500000000000003,0,-1,-0.0012227218875239,1,0.6588122986256364,0.6722332559162896,66,MEDIUM
user_4839,12,3,0,0,1,291.5503656404392,109.83895974695751,2.693683169187758,0,1,1,0,0,1,2,0.75,0,1,0.2193048404666994,0,0.33007420523328185,0.14068786125229182,25,LOW
user_4840,11,3,0,0,1,294.09107989429,18.916241911203155,4.5743231554870745,0,1,1,0,0,1,1,0.65,0,1,0.2776734227293848,0,0.2018966446523599,0.0,12,LOW
user_4841,14,6,0,0,1,259.7935558428725,21.052757352432845,3.214821771746697,0,1,1,0,0,1,1,0.65,0,1,0.2776734227293848,0,0.2018966446523599,0.0,12,LOW
user_4842,16,3,0,0,1,272.6208539326016,45.22266337765079,0.4060704142163754,0,1,1,0,0,1,1,0.65,0,1,0.2776734227293848,0,0.2018966446523599,0.0,12,LOW
user_4843,13,0,0,0,1,305.9322472706392,16.97150595677582,3.028065524324272,0,1,1,0,0,1,1,0.65,0,1,0.2776734227293848,0,0.2018966446523599,0.0,12,LOW
user_4844,17,4,1,0,1,210.2623395713564,349.1969203782189,1.0335770729335765,0,1,1,0,1,1,3,1.0,0,1,0.0520534259176199,0,0.4862092838962424,0.543819869811855,51,MEDIUM
user_4845,15,5,1,1,1,287.6057795821487,23.846803162459995,5.013425413048424,0,1,1,1,1,1,1,1.0,0,1,0.1244119810262747,0,0.2600647053805528,0.3694114814818421,30,LOW
user_4846,7,4,0,0,1,309.78139817742215,26.79873637174257,34.0593212298364,0,2,1,0,0,1,1,0.8999999999999999,0,1,0.190136950224284,0,0.20789731048021395,0.21099226023493423,21,LOW
user_4847,12,3,0,0,1,345.6049558523087,34.74710208135954,11.981974208850543,0,1,1,0,0,1,1,0.65,0,1,0.2776734227293848,0,0.2018966446523599,0.0,12,LOW
user_4848,12,3,0,0,1,173.6531828364178,27.58062506687282,12.272441259392767,0,1,1,0,0,1,1,0.65,0,1,0.2776734227293848,0,0.2018966446523599,0.0,12,LOW
user_4849,15,6,0,0,1,264.5109638992661,34.233157928045834,6.03628161368759,0,1,1,0,0,1,1,0.65,0,1,0.2776734227293848,0,0.2018966446523599,0.0,12,LOW
user_4850,6,0,0,0,1,182.3106480563121,28.06440387103948,16.676180811496067,0,2,1,0,0,1,1,0.8999999999999999,0,1,0.190136950224284,0,0.20789731048021395,0.21099226023493423,21,LOW
user_4851,21,3,1,0,1,179.76467893791013,16.369576551602357,23.890602528744104,0,2,1,0,1,1,1,1.05,0,1,0.1004614283124124,0,0.02209191694512681,0.4271403470204811,18,LOW
user_4852,15,1,0,0,1,261.5416663443588,3.623753746628607,32.58396741257305,0,1,1,0,0,1,1,0.65,0,1,0.2776734227293848,0,0.2018966446523599,0.0,12,LOW
user_4853,14,3,0,1,1,244.64734888776832,38.47952271659242,1.0423916987487285,0,1,1,1,0,1,1,0.85,0,1,0.2332993702223167,0,0.24213381063915532,0.10695635049384,19,LOW
user_4854,17,3,0,0,1,308.7000887113191,0.7815694778802182,21.17301333245834,0,1,1,0,0,1,1,0.65,0,1,0.2776734227293848,0,0.2018966446523599,0.0,12,LOW
user_4855,4,0,0,0,1,219.22941302434745,100.42248061813844,2.5499920189747787,0,3,1,0,0,1,2,1.25,0,1,0.0406781887288436,0,0.004507732605558692,0.5712380069206875,23,LOW
user_4856,16,1,1,0,1,231.95691382817927,448.6491203731865,5.062808037753844,0,1,1,0,1,1,3,1.0,0,1,0.0520534259176199,0,0.4862092838962424,0.543819869811855,51,MEDIUM
user_4857,16,3,0,0,1,252.6902557402911,27.78564642148149,4.238488504073221,0,1,1,0,0,1,1,0.65,0,1,0.2776734227293848,0,0.2018966446523599,0.0,12,LOW
user_4858,14,0,2,1,1,188.29026891381264,84.98505374223505,11.243303000670885,0,1,1,1,2,1,2,1.25,0,1,0.0075001764854595,0,0.0040416666666666665,0.6512081450014289,26,LOW
user_4859,13,1,0,0,1,196.6158092990441,23.69906850283151,9.111154971173804,0,1,1,0,0,1,1,0.65,0,1,0.2776734227293848,0,0.2018966446523599,0.0,12,LOW
user_4860,12,4,0,1,1,306.9659199463532,1.4521944529503676,1.1552856300475072,0,1,1,1,0,1,1,0.85,0,1,0.2332993702223167,0,0.24213381063915532,0.10695635049384,19,LOW
user_4861,11,1,0,0,1,207.0626975231335,20.489434674988534,15.270408838019804,0,1,1,0,0,1,1,0.65,0,1,0.2776734227293848,0,0.2018966446523599,0.0,12,LOW
user_4862,11,2,0,0,1,310.9485939869811,8.115712779327872,5.791854845777243,0,1,1,0,0,1,1,0.65,0,1,0.2776734227293848,0,0.2018966446523599,0.0,12,LOW
user_4863,9,5,0,0,1,276.43875484009766,11.530162065832572,0.0222431528574898,0,1,1,0,0,1,1,0.65,0,1,0.2776734227293848,0,0.2018966446523599,0.0,12,LOW
user_4864,13,1,0,0,1,147.14813847066387,15.385455111350373,5.352946755685242,0,1,1,0,0,1,1,0.65,0,1,0.2776734227293848,0,0.2018966446523599,0.0,12,LOW
user_4865,8,2,0,0,1,271.8227215102673,37.24704971946248,7.263556808936631,0,2,1,0,0,1,1,0.8999999999999999,0,1,0.190136950224284,0,0.20789731048021395,0.21099226023493423,21,LOW
user_4866,4,3,0,1,1,271.34878938564765,100.4952999779218,0.7136140840894273,0,3,1,1,0,1,2,1.45,0,-1,-0.0026340983693405,1,0.05069452606217311,0.6756351466415933,30,LOW
user_4867,13,4,2,0,1,265.37571651067714,16.093705797010514,1.6385542151867094,0,1,1,0,2,1,1,0.95,0,1,0.1483955927109178,0,0.007188301157192252,0.31160293273497597,13,LOW
user_4868,14,5,2,0,1,231.4873964170193,8.98740649352864,50.47118510190347,0,1,2,0,2,1,1,1.15,0,1,0.0376628171684897,0,0.0,0.5785060637975525,23,LOW
user_4869,12,5,0,0,1,183.59595267648888,19.406277323935768,20.494587673658767,0,1,1,0,0,1,1,0.65,0,1,0.2776734227293848,0,0.2018966446523599,0.0,12,LOW
user_4870,23,4,1,0,1,320.7727659667572,7.138471084732104,1.430940198331646,0,3,1,0,1,1,1,1.3,0,1,0.0162490086966805,0,0.009403192227619709,0.6301205248376833,26,LOW
user_4871,18,1,0,0,1,233.90522467662987,7.561224730080683,8.682375051198775,0,1,1,0,0,1,1,0.65,0,1,0.2776734227293848,0,0.2018966446523599,0.0,12,LOW
user_4872,10,0,0,0,1,186.99563037987792,35.39398303400394,4.768160567743377,0,1,1,0,0,1,1,0.65,0,1,0.2776734227293848,0,0.2018966446523599,0.0,12,LOW
user_4873,14,2,0,0,1,267.4481211652805,10.484560067475224,7.846933522788221,0,1,1,0,0,1,1,0.65,0,1,0.2776734227293848,0,0.2018966446523599,0.0,12,LOW
user_4874,12,0,2,0,1,195.43320175600456,1.31919301889988,6.358885818104039,0,1,1,0,2,1,1,0.95,0,1,0.1483955927109178,0,0.007188301157192252,0.31160293273497597,13,LOW
user_4875,10,3,0,0,1,183.0548383028928,10.52756671921744,0.4934669027833186,0,1,1,0,0,1,1,0.65,0,1,0.2776734227293848,0,0.2018966446523599,0.0,12,LOW
user_4876,9,3,0,0,1,217.4716432678537,25.442325061772745,3.7895022173221977,0,1,1,0,0,1,1,0.65,0,1,0.2776734227293848,0,0.2018966446523599,0.0,12,LOW
user_4877,15,0,0,1,0,200.0761341409156,42.048277932226725,1.3412652056731946,0,1,1,1,0,1,1,0.85,1,1,0.2332993702223167,0,0.5768895551079612,0.10695635049384,39,MEDIUM
user_4878,11,4,0,0,1,185.26546488092555,81.71260567025641,6.713232490267536,0,1,1,0,0,1,2,0.75,0,1,0.2193048404666994,0,0.33007420523328185,0.14068786125229182,25,LOW
user_4879,16,1,0,0,1,288.38470573570555,34.28222974508813,23.78567189232196,0,1,1,0,0,1,1,0.65,0,1,0.2776734227293848,0,0.2018966446523599,0.0,12,LOW
user_4880,16,2,0,0,1,233.170331132256,14.002655616482976,54.10987324441416,0,1,2,0,0,1,1,0.85,0,1,0.0725673737099781,0,0.033557155468056085,0.4943743748406145,22,LOW
user_4881,3,3,0,2,1,315.1367967309535,8.885439055255445,28.86932910200997,1,3,1,2,0,1,1,1.5500000000000005,0,1,0.0178213557717713,0,0.9935488642050614,0.6263306409898065,85,HIGH
user_4882,5,2,2,1,1,188.72943133620385,20.669170933574936,42.472947112116735,0,3,1,1,2,1,1,1.65,0,-1,-0.0535596283914365,1,0.3106164303251284,0.798382755444289,51,MEDIUM
user_4883,15,2,0,1,1,136.34633774181984,24.700471540234613,0.1536373586404588,0,1,1,1,0,1,1,0.85,0,1,0.2332993702223167,0,0.24213381063915532,0.10695635049384,19,LOW
user_4884,15,0,1,0,1,248.9262209549649,17.827794543889045,13.072871867577447,0,1,1,0,1,1,1,0.7999999999999999,0,1,0.2129135634933541,0,0.13356667006213288,0.15609298252120107,14,LOW
user_4885,12,2,0,0,1,351.3587353083849,28.30692988105157,3.187583915155381,0,1,1,0,0,1,1,0.65,0,1,0.2776734227293848,0,0.2018966446523599,0.0,12,LOW
user_4886,11,4,0,1,1,271.85920976172014,6.766794497666534,20.07068626724135,0,1,1,1,0,1,1,0.85,0,1,0.2332993702223167,0,0.24213381063915532,0.10695635049384,19,LOW
user_4887,18,5,0,0,1,432.92245177276993,9.775899072304368,16.80576784706106,0,1,1,0,0,1,1,0.65,0,1,0.2776734227293848,0,0.2018966446523599,0.0,12,LOW
user_4888,14,2,0,0,1,259.9235472569453,8.636146719773476,5.510828053976532,0,1,1,0,0,1,1,0.65,0,1,0.2776734227293848,0,0.2018966446523599,0.0,12,LOW
user_4889,15,2,1,2,1,254.13313267728543,39.94413779007292,6.41049492479765,0,1,1,2,1,1,1,1.2000000000000002,0,1,0.0547880072036045,0,0.4121174521254879,0.5372286116789389,46,MEDIUM
user_4890,11,3,0,0,1,110.67823973652494,4.695309541400296,3.080095072651911,0,1,1,0,0,2,1,0.75,0,1,0.0934671910539906,0,0.40261253039389167,0.44399880482146026,42,MEDIUM
user_4891,10,5,1,0,1,265.6768464353117,23.44246363012128,3.408072700239428,0,1,1,0,1,1,1,0.7999999999999999,0,1,0.2129135634933541,0,0.13356667006213288,0.15609298252120107,14,LOW
user_4892,12,1,0,0,1,250.12006560115748,1.318016123646869,39.72538874184151,0,1,1,0,0,1,1,0.65,0,1,0.2776734227293848,0,0.2018966446523599,0.0,12,LOW
user_4893,13,2,2,0,0,215.55472810772773,19.936460389394604,8890.397249259422,1,1,4,0,2,1,1,1.5500000000000005,1,-1,-0.0398435368800551,1,0.9980601933947105,0.7653223742482461,90,HIGH
user_4894,10,4,0,0,1,231.79326797645567,1.6511975120232552,2.130310703840349,0,1,1,0,0,1,1,0.65,0,1,0.2776734227293848,0,0.2018966446523599,0.0,12,LOW
user_4895,13,3,0,0,1,235.91396553946925,4.835874795641532,3.2230757972689386,0,1,1,0,0,1,1,0.65,0,1,0.2776734227293848,0,0.2018966446523599,0.0,12,LOW
user_4896,8,0,0,0,1,229.20425082407613,2.9984705626551174,1.150158600158808,0,2,1,0,0,1,1,0.8999999999999999,0,1,0.190136950224284,0,0.20789731048021395,0.21099226023493423,21,LOW
user_4897,10,3,0,0,1,365.3828977875577,10.643941170824888,44.98181464748895,0,1,1,0,0,1,1,0.65,0,1,0.2776734227293848,0,0.2018966446523599,0.0,12,LOW
user_4898,16,1,0,0,1,217.74827833169945,10.529628740081344,23.774147927825634,0,1,1,0,0,1,1,0.65,0,1,0.2776734227293848,0,0.2018966446523599,0.0,12,LOW
user_4899,20,2,0,0,1,250.15882343123144,100.33941811354042,8.031807914440803,0,2,1,0,0,1,2,1.0,0,1,0.1157188029811144,0,0.21090605726134576,0.39036495643785196,28,LOW
user_4900,12,2,0,0,0,215.7659349968276,6.394491932891961,11.805593963889953,0,1,1,0,0,1,1,0.65,1,1,0.2776734227293848,0,0.15500519134380158,0.0,9,LOW
user_4901,10,4,1,0,1,287.0058711986328,2.2586982029231524,13.781156564548226,0,1,1,0,1,1,1,0.7999999999999999,0,1,0.2129135634933541,0,0.13356667006213288,0.15609298252120107,14,LOW
user_4902,10,2,0,0,1,250.6058219983324,23.127724389638384,2.279189698218316,0,1,1,0,0,1,1,0.65,0,1,0.2776734227293848,0,0.2018966446523599,0.0,12,LOW
user_4903,17,1,0,2,1,223.20536560977112,50.71967747356168,27.282478675828035,1,1,1,2,0,1,2,1.15,0,1,0.0682545724467911,0,0.5708054293276346,0.5047696724853863,54,MEDIUM
user_4904,15,1,0,1,1,124.44192324556904,8.732682935542156,7.481160927547371,0,1,1,1,0,1,1,0.85,0,1,0.2332993702223167,0,0.24213381063915532,0.10695635049384,19,LOW
user_4905,16,4,0,0,1,254.598493517325,23.08377217809701,0.9700831206559176,0,1,1,0,0,1,1,0.65,0,1,0.2776734227293848,0,0.2018966446523599,0.0,12,LOW
user_4906,12,0,0,0,0,221.42542358521496,37.4090448690891,5.05975086388626,0,1,1,0,0,1,1,0.65,1,1,0.2776734227293848,0,0.15500519134380158,0.0,9,LOW
user_4907,10,2,0,0,1,236.35556058677392,10.675631894010492,9.20415617973016,0,1,1,0,0,1,1,0.65,0,1,0.2776734227293848,0,0.2018966446523599,0.0,12,LOW
user_4908,14,1,0,0,1,169.05252316527998,18.62964196794596,4.351357474192971,0,1,1,0,0,1,1,0.65,0,1,0.2776734227293848,0,0.2018966446523599,0.0,12,LOW
user_4909,11,4,0,1,1,325.99693036321173,3.96414746317604,12.013244069344427,0,1,1,1,0,1,1,0.85,0,1,0.2332993702223167,0,0.24213381063915532,0.10695635049384,19,LOW
user_4910,12,2,0,1,1,291.4045905506323,0.5982718470978702,21.37494307023802,0,1,1,1,0,1,1,0.85,0,1,0.2332993702223167,0,0.24213381063915532,0.10695635049384,19,LOW
user_4911,17,1,0,0,1,325.842359858438,99.571834861761,14.77936623247646,0,1,1,0,0,1,2,0.75,0,1,0.2193048404666994,0,0.33007420523328185,0.14068786125229182,25,LOW
user_4912,16,2,0,0,0,308.8187580468572,8.907262965146574,10.290620288233656,0,1,1,0,0,1,1,0.65,1,1,0.2776734227293848,0,0.15500519134380158,0.0,9,LOW
user_4913,14,4,0,0,1,275.5390381276477,8.174507473585068,7.177626330211497,0,1,1,0,0,1,1,0.65,0,1,0.2776734227293848,0,0.2018966446523599,0.0,12,LOW
user_4914,10,3,0,0,0,171.46304947641343,90.52597211835167,2.936511664837261,0,1,1,0,0,1,2,0.75,1,1,0.2193048404666994,0,0.06599719639822756,0.14068786125229182,10,LOW
user_4915,13,3,0,0,1,350.6032298443115,0.01,6.068707093760748,0,1,1,0,0,1,1,0.65,0,1,0.2776734227293848,0,0.2018966446523599,0.0,12,LOW
user_4916,17,4,0,0,1,184.34189094674937,22.00487046902641,3.4665800588121023,0,1,1,0,0,1,1,0.65,0,1,0.2776734227293848,0,0.2018966446523599,0.0,12,LOW
user_4917,12,5,0,0,1,223.8955425555023,30.04299985301673,27.184548586554563,0,1,1,0,0,1,1,0.65,0,1,0.2776734227293848,0,0.2018966446523599,0.0,12,LOW
user_4918,18,1,0,0,1,282.4141368376153,30.94052924410608,23.785071694968337,0,1,1,0,0,1,1,0.65,0,1,0.2776734227293848,0,0.2018966446523599,0.0,12,LOW
user_4919,17,6,2,0,1,285.3924472312443,36.02783398685322,1.6939709855468084,0,1,1,0,2,1,1,0.95,0,1,0.1483955927109178,0,0.007188301157192252,0.31160293273497597,13,LOW
user_4920,18,0,0,0,1,274.3342036166735,1.7388229772848869,17.294622020422747,0,1,1,0,0,1,1,0.65,0,1,0.2776734227293848,0,0.2018966446523599,0.0,12,LOW
user_4921,14,2,0,0,1,215.98269112025463,13.311082772951766,12.13735965107507,0,1,1,0,0,1,1,0.65,0,1,0.2776734227293848,0,0.2018966446523599,0.0,12,LOW
user_4922,15,4,0,0,1,203.58410235867152,8.743558531161451,36.97384340773504,0,1,1,0,0,1,1,0.65,0,1,0.2776734227293848,0,0.2018966446523599,0.0,12,LOW
user_4923,18,1,0,2,1,392.07195411636815,1.8295848758228104,6.223282387417334,0,1,1,2,0,1,1,1.05,0,1,0.1541262400811022,0,0.4301355521591885,0.2977901503981718,38,MEDIUM
user_4924,15,1,0,0,1,237.64116369001,13.301188810823705,12.807615973893949,0,1,1,0,0,1,1,0.65,0,1,0.2776734227293848,0,0.2018966446523599,0.0,12,LOW
user_4925,2,1,0,2,1,230.29371692166984,23.939115335250992,7.295703643171542,1,3,1,2,0,1,1,1.5500000000000005,0,1,0.0178213557717713,0,0.9935488642050614,0.6263306409898065,85,HIGH
user_4926,12,3,1,1,1,197.1866105436748,4.915512934385263,0.7192627330518901,0,1,1,1,1,1,1,1.0,0,1,0.1244119810262747,0,0.2600647053805528,0.3694114814818421,30,LOW
user_4927,14,2,0,1,1,254.68022094425743,9.09704786429783,0.4789355346857196,0,1,1,1,0,1,1,0.85,0,1,0.2332993702223167,0,0.24213381063915532,0.10695635049384,19,LOW
user_4928,10,4,0,0,1,251.88136803468424,25.48376558864117,1.3023562151217,0,1,1,0,0,1,1,0.65,0,1,0.2776734227293848,0,0.2018966446523599,0.0,12,LOW
user_4929,13,4,0,0,1,239.0264274777423,21.64734752220638,3.5124835717670333,0,1,1,0,0,1,1,0.65,0,1,0.2776734227293848,0,0.2018966446523599,0.0,12,LOW
user_4930,17,3,2,0,1,262.9035988072732,50.773040240633215,2.9990730475886624,0,1,1,0,2,1,2,1.05,0,1,0.0515919801040551,0,0.01030309988802873,0.5449321090007749,22,LOW
user_4931,7,1,0,0,1,345.8122501465412,39.16316890137103,13.031549223393778,0,2,1,0,0,1,1,0.8999999999999999,0,1,0.190136950224284,0,0.20789731048021395,0.21099226023493423,21,LOW
user_4932,18,5,0,2,1,204.2968376225461,84.25050134028031,12.585090176892129,0,1,1,2,0,1,2,1.15,0,1,0.0682545724467911,0,0.5708054293276346,0.5047696724853863,54,MEDIUM
user_4933,17,1,0,0,1,242.5850245321272,22.73246274545733,35.541590633559466,0,1,1,0,0,1,1,0.65,0,1,0.2776734227293848,0,0.2018966446523599,0.0,12,LOW
user_4934,12,0,0,0,1,201.12909284696664,369.3939193751989,3.71630255548294,0,1,1,0,0,1,3,0.8500000000000001,0,1,0.1140437691094343,0,0.29646344472155617,0.3944023499087308,34,MEDIUM
user_4935,15,0,0,0,1,257.6819016495377,49.243388619507385,27.87939282011578,0,1,1,0,0,1,1,0.65,0,1,0.2776734227293848,0,0.2018966446523599,0.0,12,LOW
user_4936,14,3,1,0,1,205.8918299175349,45.813356125526425,9.489446229462676,0,1,1,0,1,1,1,0.7999999999999999,0,1,0.2129135634933541,0,0.13356667006213288,0.15609298252120107,14,LOW
user_4937,17,0,0,0,1,208.4734205139486,52.49623268247126,6.838083455235684,0,1,1,0,0,1,2,0.75,0,1,0.2193048404666994,0,0.33007420523328185,0.14068786125229182,25,LOW
user_4938,16,0,0,0,1,152.42859755666245,17.34149326598121,11.02142646494022,0,1,1,0,0,1,1,0.65,0,1,0.2776734227293848,0,0.2018966446523599,0.0,12,LOW
user_4939,9,1,0,0,1,245.86768696918048,7.977835499566127,12.132000836486847,0,1,1,0,0,1,1,0.65,0,1,0.2776734227293848,0,0.2018966446523599,0.0,12,LOW
user_4940,15,1,0,0,1,265.78617731429864,52.43316402187877,1.8865641433199285,0,1,1,0,0,1,2,0.75,0,1,0.2193048404666994,0,0.33007420523328185,0.14068786125229182,25,LOW
user_4941,13,3,0,0,1,351.6285811915377,37.47598994723063,13.931800271417496,0,1,1,0,0,1,1,0.65,0,1,0.2776734227293848,0,0.2018966446523599,0.0,12,LOW
user_4942,14,4,0,0,1,268.1701488713907,45.48961845026888,12.916126131628706,0,1,1,0,0,1,1,0.65,0,1,0.2776734227293848,0,0.2018966446523599,0.0,12,LOW
user_4943,11,4,0,0,1,213.0189526021608,3.7935280745200006,60.04462231737466,0,1,2,0,0,1,1,0.85,0,1,0.0725673737099781,0,0.033557155468056085,0.4943743748406145,22,LOW
user_4944,19,1,0,0,1,158.4192547388346,9.451582687439505,24.298252390478087,0,2,1,0,0,1,1,0.8999999999999999,0,1,0.190136950224284,0,0.20789731048021395,0.21099226023493423,21,LOW
user_4945,17,1,0,0,1,166.7227796600713,13.829633102034483,11.541045918857352,0,1,1,0,0,1,1,0.65,0,1,0.2776734227293848,0,0.2018966446523599,0.0,12,LOW
user_4946,11,6,0,0,1,162.26229963168166,45.55834939850629,12.460584896639157,0,1,1,0,0,1,1,0.65,0,1,0.2776734227293848,0,0.2018966446523599,0.0,12,LOW
user_4947,9,0,0,1,1,352.68252212696285,55.84669678746285,29.18505227699981,0,1,1,1,0,1,2,0.95,0,1,0.1509357020843734,0,0.04950631867309361,0.30548041714105467,15,LOW
user_4948,12,4,0,0,1,257.2686298155822,8.383067438797424,34.166645738689986,0,1,1,0,0,1,1,0.65,0,1,0.2776734227293848,0,0.2018966446523599,0.0,12,LOW
user_4949,15,1,0,1,1,205.02202684428644,28.99325006735385,17.542625325498715,0,1,1,1,0,1,1,0.85,0,1,0.2332993702223167,0,0.24213381063915532,0.10695635049384,19,LOW
user_4950,14,5,2,0,1,182.4084236908041,2.0252140990299043,14.584072899582486,0,1,1,0,2,1,1,0.95,0,1,0.1483955927109178,0,0.007188301157192252,0.31160293273497597,13,LOW
user_4951,17,1,0,0,1,188.6335295763647,13.172743391623904,1.180696280055503,0,1,1,0,0,1,1,0.65,0,1,0.2776734227293848,0,0.2018966446523599,0.0,12,LOW
user_4952,16,2,0,0,1,203.44203632961728,16.670865690367346,17.738538841829698,0,1,1,0,0,1,1,0.65,0,1,0.2776734227293848,0,0.2018966446523599,0.0,12,LOW
user_4953,16,3,0,0,1,318.9753129753092,36.2716556595733,2.9195208058223727,0,1,1,0,0,1,1,0.65,0,1,0.2776734227293848,0,0.2018966446523599,0.0,12,LOW
user_4954,14,3,0,2,1,238.20339317653503,55.63417546427111,8.296184240726822,0,1,1,2,0,1,2,1.15,0,1,0.0682545724467911,0,0.5708054293276346,0.5047696724853863,54,MEDIUM
user_4955,9,1,0,0,1,153.15201496356306,10.285189585719058,5.198200701926358,0,1,1,0,0,1,1,0.65,0,1,0.2776734227293848,0,0.2018966446523599,0.0,12,LOW
user_4956,13,3,0,0,1,378.62755648382233,18.755581176981494,4.2404764998633375,0,1,1,0,0,1,1,0.65,0,1,0.2776734227293848,0,0.2018966446523599,0.0,12,LOW
user_4957,17,4,0,0,1,171.59033163804617,26.06394451539994,3.714260680116862,0,1,1,0,0,1,1,0.65,0,1,0.2776734227293848,0,0.2018966446523599,0.0,12,LOW
user_4958,13,0,0,1,1,204.549881404568,9.963003096447984,19.339712665855245,0,1,1,1,0,1,1,0.85,0,1,0.2332993702223167,0,0.24213381063915532,0.10695635049384,19,LOW
user_4959,15,0,0,0,1,318.60866325803295,105.90613749064934,14.659270091240446,0,1,1,0,0,1,2,0.75,0,1,0.2193048404666994,0,0.33007420523328185,0.14068786125229182,25,LOW
user_4960,6,2,0,0,1,264.908977956544,36.79168249305215,7.411800116367658,0,2,1,0,0,1,1,0.8999999999999999,0,1,0.190136950224284,0,0.20789731048021395,0.21099226023493423,21,LOW
user_4961,15,0,1,0,1,211.80462002254745,160.3419718425589,10.920751837670712,0,1,1,0,1,1,2,0.8999999999999999,0,1,0.1194195039721256,0,0.26547768987979625,0.3814450257597952,31,MEDIUM
user_4962,13,3,0,0,1,166.11798443436993,17.729182046846823,41.6872013086638,0,1,1,0,0,1,1,0.65,0,1,0.2776734227293848,0,0.2018966446523599,0.0,12,LOW
user_4963,14,1,0,0,1,181.9985934644984,6.561426649870931,5.067259319616975,0,1,1,0,0,1,1,0.65,0,1,0.2776734227293848,0,0.2018966446523599,0.0,12,LOW
user_4964,12,2,0,0,1,185.61023285541205,18.06460157937148,8.009564831830767,0,1,1,0,0,1,1,0.65,0,1,0.2776734227293848,0,0.2018966446523599,0.0,12,LOW
user_4965,13,1,0,1,1,240.42190787097297,28.747561536246323,7.625480908001416,0,1,1,1,0,1,1,0.85,0,1,0.2332993702223167,0,0.24213381063915532,0.10695635049384,19,LOW
user_4966,5,3,0,1,0,251.4637090368782,77.98271292170121,27.484406504973204,0,3,1,1,0,1,2,1.45,1,-1,-0.0026340983693405,1,0.09081293706293707,0.6756351466415933,32,MEDIUM
user_4967,17,0,0,0,1,231.08072228211944,51.02807026576719,4.331895290650752,0,1,1,0,0,1,2,0.75,0,1,0.2193048404666994,0,0.33007420523328185,0.14068786125229182,25,LOW
user_4968,13,0,0,0,1,237.64717116454025,22.519409385306577,42.87061984939675,0,1,1,0,0,1,1,0.65,0,1,0.2776734227293848,0,0.2018966446523599,0.0,12,LOW
user_4969,18,0,0,0,0,176.95660828834076,114.15570552521392,3.634084396569439,0,1,1,0,0,1,2,0.75,1,1,0.2193048404666994,0,0.06599719639822756,0.14068786125229182,10,LOW
user_4970,18,6,0,0,1,257.5881663734333,0.6481166546885221,1.1530651949510309,0,1,1,0,0,1,1,0.65,0,1,0.2776734227293848,0,0.2018966446523599,0.0,12,LOW
user_4971,13,0,0,0,1,316.83111821021976,44.52024358676081,2.124182055681989,0,1,1,0,0,1,1,0.65,0,1,0.2776734227293848,0,0.2018966446523599,0.0,12,LOW
user_4972,10,3,0,1,1,230.2324990950259,39.25098906092025,5.555115700342482,0,1,1,1,0,1,1,0.85,0,1,0.2332993702223167,0,0.24213381063915532,0.10695635049384,19,LOW
user_4973,7,0,0,1,1,229.0627976142316,3.563655092047336,10.49125081299022,1,2,1,1,0,1,1,1.1,0,1,0.1083396961540713,0,0.5687783155237143,0.4081510789922207,50,MEDIUM
user_4974,9,0,0,0,1,244.9800631231709,10.210698640116677,7.27376827481992,0,1,1,0,0,1,1,0.65,0,1,0.2776734227293848,0,0.2018966446523599,0.0,12,LOW
user_4975,9,2,1,1,1,307.0922915855635,54.02631428943761,4.720508058015741,0,1,1,1,1,1,2,1.1,0,1,0.0660906907717865,0,0.06773171811602267,0.5099853531316857,24,LOW
user_4976,18,2,0,2,1,186.3166200336816,18.26885325701106,8.256123205921977,0,1,1,2,0,1,1,1.05,0,1,0.1541262400811022,0,0.4301355521591885,0.2977901503981718,38,MEDIUM
user_4977,14,6,0,0,1,327.0508401439281,12.824093007791069,18.25148384622112,0,1,1,0,0,1,1,0.65,0,1,0.2776734227293848,0,0.2018966446523599,0.0,12,LOW
user_4978,7,5,0,0,1,265.2733343661142,44.53642580521543,18.25922605973657,0,2,1,0,0,1,1,0.8999999999999999,0,1,0.190136950224284,0,0.20789731048021395,0.21099226023493423,21,LOW
user_4979,9,4,0,0,1,241.72084174193205,30.31170497643032,12.954592273499106,0,1,1,0,0,1,1,0.65,0,1,0.2776734227293848,0,0.2018966446523599,0.0,12,LOW
user_4980,10,3,0,0,1,312.7943301998592,16.01969355550434,30.459410666119112,0,1,1,0,0,1,1,0.65,0,1,0.2776734227293848,0,0.2018966446523599,0.0,12,LOW
user_4981,16,2,0,0,1,169.0762755674127,26.415709290259542,8.920974327928043,0,1,1,0,0,1,1,0.65,0,1,0.2776734227293848,0,0.2018966446523599,0.0,12,LOW
user_4982,7,1,0,0,1,271.32273217468247,194.0993376195271,0.0768710790605101,0,2,1,0,0,1,2,1.0,0,1,0.1157188029811144,0,0.21090605726134576,0.39036495643785196,28,LOW
user_4983,13,5,0,0,1,265.8185738703971,7.672521205463322,3.43800508872923,0,1,1,0,0,1,1,0.65,0,1,0.2776734227293848,0,0.2018966446523599,0.0,12,LOW
user_4984,15,3,1,0,1,183.87269613637244,20.713459226005263,3.978283988771443,0,1,1,0,1,1,1,0.7999999999999999,0,1,0.2129135634933541,0,0.13356667006213288,0.15609298252120107,14,LOW
user_4985,18,3,1,0,1,267.6382873772293,30.82317949963098,7.925832301387979,0,1,1,0,1,1,1,0.7999999999999999,0,1,0.2129135634933541,0,0.13356667006213288,0.15609298252120107,14,LOW
user_4986,13,1,2,0,1,256.9983107628292,21.980016748596075,23.52715604596465,0,1,1,0,2,1,1,0.95,0,1,0.1483955927109178,0,0.007188301157192252,0.31160293273497597,13,LOW
user_4987,14,0,0,2,1,229.27571281860395,28.83692191697389,18.20868847172152,0,1,1,2,0,1,1,1.05,0,1,0.1541262400811022,0,0.4301355521591885,0.2977901503981718,38,MEDIUM
user_4988,14,5,1,0,1,291.76905331381994,7.395502056537893,2.641908124919525,0,1,1,0,1,1,1,0.7999999999999999,0,1,0.2129135634933541,0,0.13356667006213288,0.15609298252120107,14,LOW
user_4989,21,1,0,0,1,205.6947448585401,44.7214346494725,7.326996394984389,0,2,1,0,0,1,1,0.8999999999999999,0,1,0.190136950224284,0,0.20789731048021395,0.21099226023493423,21,LOW
user_4990,7,2,0,2,1,256.2192747506021,93.68122023375496,10.763087777457152,0,2,1,2,0,1,2,1.4,0,-1,-0.0018313935794551,1,0.03428437565230018,0.6737003588546002,29,LOW
user_4991,16,0,0,1,1,232.09957305268088,109.0043666483541,43.82950311623917,0,1,1,1,0,1,2,0.95,0,1,0.1509357020843734,0,0.04950631867309361,0.30548041714105467,15,LOW
user_4992,13,4,0,0,1,203.11819061954,0.5890176780187106,0.3180322301166508,0,1,1,0,0,1,1,0.65,0,1,0.2776734227293848,0,0.2018966446523599,0.0,12,LOW
user_4993,15,0,1,1,1,7.213404519663202,919.5809873623524,6.233922574793437,1,1,1,1,1,3,3,1.4,0,-1,-0.0781677673248942,1,0.9846556192034916,0.8576966243398283,93,HIGH
user_4994,12,4,0,0,1,227.53585515905093,4.975760967022798,44.31944370962383,0,1,1,0,0,1,1,0.65,0,1,0.2776734227293848,0,0.2018966446523599,0.0,12,LOW
user_4995,13,0,0,0,1,151.6196124774272,20.276291483171622,37.81249030968382,0,1,1,0,0,1,1,0.65,0,1,0.2776734227293848,0,0.2018966446523599,0.0,12,LOW
user_4996,16,4,0,0,1,131.93603371692095,6.966574818332878,4.015625095582767,0,1,1,0,0,1,1,0.65,0,1,0.2776734227293848,0,0.2018966446523599,0.0,12,LOW
user_4997,23,4,1,0,1,287.34344808499213,33.43550468507749,0.0001673639798747,0,3,1,0,1,1,1,1.3,0,1,0.0162490086966805,0,0.009403192227619709,0.6301205248376833,26,LOW
user_4998,16,0,0,0,1,166.76399356639016,53.3983635071796,8.836652409859834,0,1,1,0,0,1,2,0.75,0,1,0.2193048404666994,0,0.33007420523328185,0.14068786125229182,25,LOW
user_4999,11,3,2,0,1,256.7630696040364,5.921059886759787,20.16946487947016,0,1,1,0,2,1,1,0.95,0,1,0.1483955927109178,0,0.007188301157192252,0.31160293273497597,13,LOW
